2026-07-27T13:39:08.119Z OK claim_number=358837 claim_id=0e6adaf4-748d-4059-9184-3f96b6e92b78 use=claim fid=FID-29-117658-4 cr=CR5749088994631-5 scheme=SHIF amount=100.00 tx=0xfd32181734912f99c87c7d59438570615be04c6493582b5215d806e845b3e71d claimNumberOnChain=1785055688363018
2026-07-27T13:39:26.197Z OK claim_number=358838 claim_id=5c5ce078-abe7-426b-ac63-02ee7d4f410a use=claim fid=FID-20-114807-9 cr=CR8708627309491-2 scheme=SHIF amount=125.00 tx=0x3bd2181eb4c53e13c28b4b2714c9def2a38b7a40e9e4ad5347ce5f3d001d1507 claimNumberOnChain=1785055688363019
2026-07-27T13:39:38.603Z OK claim_number=358839 claim_id=55f33df7-3096-4a12-a2b9-5e9605a9267a use=claim fid=FID-20-114807-9 cr=CR7444580999923-1 scheme=SHIF amount=1062.50 tx=0xae3f80be22a374b748b2d1fac5dd501cc95781f4c7a4f512943b1d5a2ad14e59 claimNumberOnChain=1785055688363020
2026-07-27T13:39:51.193Z OK claim_number=358840 claim_id=be53e7fb-56d5-4c58-9bfc-0bda04b92f4e use=claim fid=FID-29-117658-4 cr=CR4904944877318-9 scheme=SHIF amount=100.00 tx=0x6ef3276b48de1f9eeb3806418974b964adefd5f97e60c4169d2edc3d2277b93c claimNumberOnChain=1785055688363021
2026-07-27T13:40:09.020Z OK claim_number=358841 claim_id=ed411b68-3994-4173-88fc-5e32317f446b use=claim fid=FID-20-114807-9 cr=CR3643173784864-8 scheme=SHIF amount=250.00 tx=0xca5abf2952e500f8bbdc4f50f450f26d11ed89a2cb08ec965a2a6fba5a3ab1b1 claimNumberOnChain=1785055688363022
2026-07-27T13:40:42.639Z OK claim_number=358842 claim_id=09d162dd-a9c3-47f1-b420-9eb8fe8a5a0a use=claim fid=FID-29-117658-4 cr=CR7400004069070-9 scheme=SHIF amount=100.00 tx=0xdf4b17fcb31de2ecd9723a67af848f948f9ccab0b8718206cfc0c64e3efc45d0 claimNumberOnChain=1785055688363023
2026-07-27T13:40:53.450Z DUP claim_number=358842 claim_id=09d162dd-a9c3-47f1-b420-9eb8fe8a5a0a use=claim note=already_on_chain
2026-07-27T13:40:59.724Z OK claim_number=358843 claim_id=6e3600d0-79d1-424b-b6ac-636fb27fe21f use=claim fid=FID-29-117658-4 cr=CR6699621974419-5 scheme=SHIF amount=125.00 tx=0xbc68ef28aef7f2e64cd848a7c596786fb04ed05b4b4055fa1ac948d1d4e39647 claimNumberOnChain=1785055688363024
2026-07-27T13:41:19.192Z DUP claim_number=358843 claim_id=6e3600d0-79d1-424b-b6ac-636fb27fe21f use=claim note=already_on_chain
2026-07-27T13:41:52.525Z DUP claim_number=358844 claim_id=58bb0181-f3e6-4700-a471-4500bd8ea1a4 use=claim note=already_on_chain
2026-07-27T13:42:13.345Z OK claim_number=358845 claim_id=a1a84270-ee36-454c-a762-a95cdf94bb10 use=claim fid=FID-29-117658-4 cr=CR8727405005556-7 scheme=SHIF amount=625.00 tx=0xcbd0748340c201513051cfc54edaf59ddf31a9edae39b5fc810ee591b3354f5f claimNumberOnChain=1785055688363026
2026-07-27T13:42:31.287Z OK claim_number=358846 claim_id=e985880e-79d1-4acc-ada2-f3586dfba01e use=claim fid=FID-20-114807-9 cr=CR6524607409683-1 scheme=SHIF amount=265.00 tx=0xaabe1cb002bda3f0bd081b98aedaae56c64ee755d5eb3348770e77e829f61636 claimNumberOnChain=1785055688363027
2026-07-27T13:42:43.949Z OK claim_number=358847 claim_id=6ecabe4b-1aab-4cdc-8754-c17dc70a3676 use=claim fid=FID-29-117658-4 cr=CR4686598781823-1 scheme=SHIF amount=46.95 tx=0xafe705dbfd617168f5f1f1774be920fa8dbec6d76c8327def0405a8b21f56275 claimNumberOnChain=1785055688363028
2026-07-27T13:43:06.517Z OK claim_number=358848 claim_id=d34dcca4-96d1-4400-ba50-4f4f0bb4351e use=claim fid=FID-29-117658-4 cr=CR4686598781823-1 scheme=SHIF amount=87.50 tx=0x9475af22299fda0ce605e1b1e6f32019af8d5414a761d804267fd4eac9e9af7d claimNumberOnChain=1785055688363029
2026-07-27T13:43:16.346Z OK claim_number=358849 claim_id=1e2d14bf-bfec-4c45-a5ef-bd1f7fc20fcf use=claim fid=FID-20-114807-9 cr=CR7132071122883-4 scheme=SHIF amount=1125.00 tx=0x4af5a1b5dc035e7fa0ef02046dd7259948aafdcf2ea89028ea39d08046e69cf5 claimNumberOnChain=1785055688363030
2026-07-27T13:43:29.040Z OK claim_number=358850 claim_id=0b8bd08d-aad5-4ba0-b7ba-7acecfe986c8 use=claim fid=FID-29-117658-4 cr=CR4686598781823-1 scheme=SHIF amount=46.95 tx=0x26e483f4aa24f7eef128abe54f0d1146dc16d1e6bd40b6d6a6f111fe0572df31 claimNumberOnChain=1785055688363031
2026-07-27T13:43:34.707Z OK claim_number=358851 claim_id=d5f24f80-bc9a-422a-96e4-a4b0dfa922a4 use=claim fid=FID-29-117658-4 cr=CR4686598781823-1 scheme=SHIF amount=87.50 tx=0x27c93ddaa7757c089d0f84454a4d7a57650d1a2211cf2fda7507bd93beb5e8fe claimNumberOnChain=1785055688363032
2026-07-27T13:43:40.461Z OK claim_number=358852 claim_id=6adb6d90-1af5-42c8-bd10-0af0099d00cb use=claim fid=FID-20-114807-9 cr=CR5454082902456-6 scheme=SHIF amount=125.00 tx=0x8c91ac0967d033dcf8da03769da3cbece29ed88f4b9089488d0e17430e021411 claimNumberOnChain=1785055688363033
2026-07-27T13:43:53.135Z OK claim_number=358853 claim_id=21d6014e-c015-43f2-b045-da9c3a26ee97 use=claim fid=FID-29-117658-4 cr=CR4686598781823-1 scheme=SHIF amount=46.95 tx=0x7cc75ed21bb7bebbad90b234075a546fad10120a3010f9fcecab130d9e1c0e76 claimNumberOnChain=1785055688363034
2026-07-27T13:43:58.849Z OK claim_number=358854 claim_id=4fc3e683-f06a-4e72-9e29-c4211f41cb50 use=claim fid=FID-29-117658-4 cr=CR4686598781823-1 scheme=SHIF amount=87.50 tx=0xa0b1d25102067117ae385722e7ec308d30797fef830b6e5d41470ce73dfa08a2 claimNumberOnChain=1785055688363035
2026-07-27T13:44:04.544Z OK claim_number=358855 claim_id=2bb2f1fa-c3ff-4125-a5d5-3f2f6412e94e use=claim fid=FID-20-114807-9 cr=CR6895373957523-5 scheme=SHIF amount=250.00 tx=0xcf63e6fe8f6da3352137b35ac3a46fe5c5b7267db0051b26b39af1fe6f4a6526 claimNumberOnChain=1785055688363037
2026-07-27T13:44:20.080Z OK claim_number=358856 claim_id=0b49ff68-8f55-4ed6-a26f-e5c22c52a4e2 use=claim fid=FID-20-114807-9 cr=CR3883716454735-4 scheme=SHIF amount=125.00 tx=0x90da6479d06fdb40ab15b3f4f4c14159487166d35da01bf3714d5523057a83bb claimNumberOnChain=1785055688363039
2026-07-27T13:44:34.973Z OK claim_number=358857 claim_id=c9fecea3-f89d-4039-a9fb-368dfbd37e8f use=claim fid=FID-29-117658-4 cr=CR4686598781823-1 scheme=SHIF amount=46.95 tx=0xc4991993ec9a30a353fe2435cd31ab50e93bb21959b8a6de32a85889e3d15c4c claimNumberOnChain=1785055688363040
2026-07-27T13:44:40.648Z OK claim_number=358858 claim_id=eeddf180-fdd4-4f35-a7a6-c3109b08552f use=claim fid=FID-29-117658-4 cr=CR4686598781823-1 scheme=SHIF amount=87.50 tx=0x76a0fe841084d41bffe484dc1696a665161ba034d0221df46b5e95954ebc31e8 claimNumberOnChain=1785055688363041
2026-07-27T13:44:46.273Z OK claim_number=358859 claim_id=3bdf1ea0-5a0c-45f8-af60-e3376c85fc4b use=claim fid=FID-20-114807-9 cr=CR3444349301843-3 scheme=SHIF amount=500.00 tx=0x2158d237dc74df15291929ffbf6efbe65a42c3597cfb6f0f03c8d3b4ec6eecb2 claimNumberOnChain=1785055688363042
2026-07-27T13:45:04.034Z OK claim_number=358860 claim_id=52ee386d-1532-4e03-8781-eef0fa42fdc0 use=claim fid=FID-29-117658-4 cr=CR4686598781823-1 scheme=SHIF amount=46.95 tx=0x057ea91dcd878699db34fd276b3b9c54427b185138180de122a0443a522a6afd claimNumberOnChain=1785055688363043
2026-07-27T13:45:09.626Z OK claim_number=358861 claim_id=2584841b-d166-4a86-a063-345ba77020dd use=claim fid=FID-29-117658-4 cr=CR4686598781823-1 scheme=SHIF amount=87.50 tx=0xf3bacd1b549cfd8962496d503c6723fe4f5ec4b764cd1f4f4b20c6fe79ca5ff9 claimNumberOnChain=1785055688363044
2026-07-27T13:45:15.359Z OK claim_number=358862 claim_id=d692b6f7-52d2-47cc-ad18-026e7382736f use=claim fid=FID-20-114807-9 cr=CR1072481723439-4 scheme=SHIF amount=2462.50 tx=0x92de15b55821118cd71f3c3e8c680a2d6d9a215c7710575278a77a9164fbe3be claimNumberOnChain=1785055688363045
2026-07-27T13:45:38.812Z OK claim_number=358863 claim_id=2041aa88-f57c-4fc8-b886-4d003e82c2c9 use=claim fid=FID-29-117658-4 cr=CR4686598781823-1 scheme=SHIF amount=46.95 tx=0xf36bae18199e7880c85568fac3d7382ce2fa5fa88d5477f5029940507a8eb737 claimNumberOnChain=1785055688363046
2026-07-27T13:45:45.636Z OK claim_number=358864 claim_id=8b48f1c0-a3c0-4580-a27c-601e811af945 use=claim fid=FID-29-117658-4 cr=CR5106580548422-3 scheme=SHIF amount=156.25 tx=0xde8897c2af596d1edaff4ba41aa53ce411df851a97c8b043ccaea02fa6852d5f claimNumberOnChain=1785055688363047
2026-07-27T13:46:09.108Z OK claim_number=358865 claim_id=6755d2ad-29f1-42e2-a8aa-bf5ab7fe7a06 use=claim fid=FID-29-117658-4 cr=CR4686598781823-1 scheme=SHIF amount=87.50 tx=0xd0a97e7252882c7292c40af62d5d5fd7954e89506b3337f5fccd94c977e51105 claimNumberOnChain=1785055688363048
2026-07-27T13:46:14.768Z OK claim_number=358866 claim_id=8540cb5e-e5f6-48b2-be78-1c08a186091f use=claim fid=FID-20-114807-9 cr=CR4362055948360-6 scheme=SHIF amount=1125.00 tx=0xccaefb3c1005cc86d50f1da40e1dca7c8046e0a05e3c6d18c0084b66c7aac949 claimNumberOnChain=1785055688363049
2026-07-27T13:46:27.349Z OK claim_number=358867 claim_id=b84d2e02-fead-4d07-a76e-cb094978fa75 use=claim fid=FID-29-117658-4 cr=CR4686598781823-1 scheme=SHIF amount=46.95 tx=0xb3afa57e7024bd939a7d6346d4ddeca818149326d361e0e74eb7e272f2662049 claimNumberOnChain=1785055688363050
2026-07-27T13:46:33.055Z OK claim_number=358868 claim_id=cf47fe0f-55d3-4ac4-ae94-d1476d26c1bf use=claim fid=FID-29-117658-4 cr=CR4686598781823-1 scheme=SHIF amount=87.50 tx=0xbf302357f6c3751bfa389e2ed664a1ea765c8bb86b2f29fa88bc6954e083dddd claimNumberOnChain=1785055688363051
2026-07-27T13:46:38.733Z OK claim_number=358869 claim_id=522a2802-65c7-42d6-bf33-3a181b6e8096 use=claim fid=FID-29-117658-4 cr=CR9119986628511-2 scheme=SHIF amount=125.00 tx=0xba88cde10de01902190ec685c350a80231fc8918bb4f1733512c2d2637f809bd claimNumberOnChain=1785055688363052
2026-07-27T13:46:51.494Z OK claim_number=358870 claim_id=c3c09709-6bc2-4403-b7f0-0d3181549c90 use=claim fid=FID-29-117658-4 cr=CR8727405005556-7 scheme=SHIF amount=100.00 tx=0xe5b8cdddee60fa0bf01b770dde55010e78e521e8b289cf7a419f062d35a090b2 claimNumberOnChain=1785055688363053
2026-07-27T13:46:54.076Z OK claim_number=358871 claim_id=c32ab55b-9bf8-4253-b538-0ff538f1e63e use=claim fid=FID-29-117658-4 cr=CR3783646402467-7 scheme=SHIF amount=125.00 tx=0x6a0e535d90d695119384f9fa6510176552f79b88b020628982b7f3e0d1e3c566 claimNumberOnChain=1785055688363054
2026-07-27T13:47:02.917Z OK claim_number=358872 claim_id=bf2a483f-4a17-4936-8018-11b1898182c6 use=claim fid=FID-29-117658-4 cr=BZ29728796-3 scheme=SHIF amount=625.00 tx=0x5c086340f8892fa3c741eec3adf2df84377575e573deb159dd90eaeb49d94ba6 claimNumberOnChain=1785055688363055
2026-07-27T13:47:25.559Z OK claim_number=358873 claim_id=2f13191d-8fef-4b3b-9325-9862ddcb3fbe use=claim fid=FID-29-117658-4 cr=CR6509895938248-3 scheme=SHIF amount=100.00 tx=0x10640c7d21a5a43504f77817d0e104c450d7920a15613a83a6dfb104c540cc56 claimNumberOnChain=1785055688363056
2026-07-27T13:47:49.313Z OK claim_number=358874 claim_id=b02f9a03-64d0-4528-8e1d-49457bf7e456 use=claim fid=FID-20-114807-9 cr=CR0067636444069-5 scheme=SHIF amount=375.00 tx=0x1669615a9719fbf3965009e18f936e957b4c2c84cb6350fcfe60d35dce665a05 claimNumberOnChain=1785055688363057
2026-07-27T13:48:02.207Z OK claim_number=358875 claim_id=c4e00d5d-f9ea-4b22-84d1-09d3341e2ef2 use=claim fid=FID-20-114807-9 cr=CR5976937268234-9 scheme=SHIF amount=1000.00 tx=0x8b5e4fd5289edb271d123038774105e6866448aab824fccfa5e30869a420da67 claimNumberOnChain=1785055688363058
2026-07-27T13:48:11.210Z OK claim_number=358876 claim_id=8308a9aa-72f8-426f-b1d4-d2df70e2aa21 use=claim fid=FID-29-117658-4 cr=CR7711950703001-4 scheme=SHIF amount=125.00 tx=0x9627c7bd8f6eb0e53fe7a30185207f5c637cac599e49701bab454dca44a456fe claimNumberOnChain=1785055688363059
2026-07-27T13:48:23.592Z OK claim_number=358877 claim_id=253ee2cc-9dae-439b-83db-fb049e10db26 use=claim fid=FID-29-117658-4 cr=CR4686598781823-1 scheme=SHIF amount=46.95 tx=0x51f202ac9c26d89af12a25a2e6ec872423d72fc26df310f946303896222d20e3 claimNumberOnChain=1785055688363060
2026-07-27T13:48:29.181Z OK claim_number=358878 claim_id=3ebcddd0-36c0-473e-a059-dcdf9795f207 use=claim fid=FID-29-117658-4 cr=CR4686598781823-1 scheme=SHIF amount=87.50 tx=0x4cae506f5ccbf1a6f9081c6938c932517e34d2b93b6cee241993df78b4f61081 claimNumberOnChain=1785055688363061
2026-07-27T13:48:34.803Z OK claim_number=358879 claim_id=c5da4490-3a19-4750-b27f-eac630fd8470 use=claim fid=FID-29-117658-4 cr=CR4686598781823-1 scheme=SHIF amount=46.95 tx=0x5e684fa0a32c5e16e39517b548eb61a170d40a73a434879736259a4c33149f43 claimNumberOnChain=1785055688363062
2026-07-27T13:48:40.420Z OK claim_number=358880 claim_id=dc85c41d-6a3b-4d43-95a4-d99296a4c019 use=claim fid=FID-29-117658-4 cr=CR4686598781823-1 scheme=SHIF amount=87.50 tx=0x6516705dc572ec2215b3d114ac169f61242e3ed643935c3f00ea9a149225ed79 claimNumberOnChain=1785055688363063
2026-07-27T13:48:46.014Z OK claim_number=358881 claim_id=af453a37-131e-40b8-9606-98fd34b0d87c use=claim fid=FID-29-117658-4 cr=CR7513298067155-2 scheme=SHIF amount=125.00 tx=0x86efcb09ecb467ceaa6a039cf6613be98e17dcd336a1840fe7570ce33a2c4280 claimNumberOnChain=1785055688363064
2026-07-27T13:48:58.537Z OK claim_number=358882 claim_id=ef2d9975-35e2-4d83-9103-adc012bc8ffd use=claim fid=FID-29-117658-4 cr=CR4686598781823-1 scheme=SHIF amount=46.95 tx=0xa03558f3c87f220d3d5a88c422568662d9c63eb6deab2aeebb80bc625ed945b0 claimNumberOnChain=1785055688363065
2026-07-27T13:49:04.314Z OK claim_number=358883 claim_id=57edaa6c-0dce-4a9b-9f6f-b32360d7c66b use=claim fid=FID-29-117658-4 cr=CR4686598781823-1 scheme=SHIF amount=87.50 tx=0xf063980fa16891c63b9ca1adb3f153aac6ab89a402eac2793b2785cc776c652f claimNumberOnChain=1785055688363066
2026-07-27T13:49:10.034Z OK claim_number=358884 claim_id=acdde0d2-9983-4081-9b3d-4d3bb1af4442 use=claim fid=FID-29-117658-4 cr=CR4686598781823-1 scheme=SHIF amount=46.95 tx=0xb408d9a52de5192bcba915849262e8cd9cc43e9cc9e2278a1fa5a30c7170ceb5 claimNumberOnChain=1785055688363067
2026-07-27T13:49:15.740Z SKIP claim_number=358885 claim_id=e650b9aa-63c4-4234-a507-d087833d649e reason=zero_amount claimed_total_raw=0.00
2026-07-27T13:49:15.741Z OK claim_number=358886 claim_id=0e0e78d8-f145-4289-8765-737e130d6fa9 use=claim fid=FID-29-117658-4 cr=CR4686598781823-1 scheme=SHIF amount=87.50 tx=0x9a27706bf97a45bf09fbc31ab904dfefc65b137db5156a6633afe8661f0ac34a claimNumberOnChain=1785055688363068
2026-07-27T13:49:21.820Z OK claim_number=358887 claim_id=627b51b7-b9a2-4834-81a2-6b9cbe004fd8 use=claim fid=FID-20-114807-9 cr=CR9009599219515-2 scheme=SHIF amount=625.00 tx=0x1bbffdb655f25984cc6082ba2e1573ee687be010ebec9f2d2c216a01a2e89e6d claimNumberOnChain=1785055688363069
2026-07-27T13:49:39.647Z OK claim_number=358888 claim_id=1aff0918-28e7-4881-bb85-f96ad417955e use=claim fid=FID-20-114807-9 cr=CR0546828485010-3 scheme=SHIF amount=500.00 tx=0x4d730b707f7b2c5eaaa9965a7e018ed2a25de51b90a5e1d261b4760dfca6ed1a claimNumberOnChain=1785055688363070
2026-07-27T13:49:52.430Z OK claim_number=358889 claim_id=a0d34d59-48d0-4c7e-9687-8e07b0d22d01 use=claim fid=FID-29-117658-4 cr=CR8727405005556-7 scheme=SHIF amount=625.00 tx=0x655ecb920c6b062b5553908ec2d506d5a7856553ab680d66ef548a31438081b2 claimNumberOnChain=1785055688363071
2026-07-27T13:49:58.175Z OK claim_number=358890 claim_id=56928b53-d1e4-43da-beb1-49dcfe8660c8 use=claim fid=FID-29-117658-4 cr=CR8727405005556-7 scheme=SHIF amount=600.00 tx=0x46c949b2eed084df81964abce192fe491ddc78c1adb360fddcfa4d6f5050be7a claimNumberOnChain=1785055688363072
2026-07-27T13:50:03.804Z OK claim_number=358891 claim_id=e8088d67-7039-400c-8489-31d6b032da91 use=claim fid=FID-29-117658-4 cr=CR9262029940663-6 scheme=SHIF amount=250.00 tx=0x56c20f5749865b4173d7b16feb0f306da50e6a43799c43547f68b943c48e2260 claimNumberOnChain=1785055688363073
2026-07-27T13:50:16.306Z OK claim_number=358892 claim_id=49e209c0-fb4e-4798-8e09-543850f02760 use=claim fid=FID-20-114807-9 cr=CR9177163964626-5 scheme=SHIF amount=2000.00 tx=0x1b7c196a8355da6812faacb5234c43960a93ffda727ba49afc3e9ee6767fe42f claimNumberOnChain=1785055688363074
2026-07-27T13:50:34.010Z OK claim_number=358893 claim_id=f0bdfd67-6b76-4ecb-988f-d6d1d5794340 use=claim fid=FID-29-117658-4 cr=CR8727405005556-7 scheme=SHIF amount=500.00 tx=0xd317953f59c71624fbd6665adf3112e83efd894909493ac8b9fd424e7220faa8 claimNumberOnChain=1785055688363075
2026-07-27T13:50:39.655Z OK claim_number=358894 claim_id=d6c903ca-82d5-4c46-8883-5a479a6ba9b8 use=claim fid=FID-29-117658-4 cr=CR3928672760384-2 scheme=SHIF amount=100.00 tx=0x2560301653116cabdb96f3ed868ee01cd269de082943e1a6ff52521cfdd84cbd claimNumberOnChain=1785055688363076
2026-07-27T13:51:02.334Z OK claim_number=358895 claim_id=5dbd3a81-f8e7-48ba-8833-8e783b8a1c65 use=claim fid=FID-29-117658-4 cr=CR2250217019895-0 scheme=SHIF amount=125.00 tx=0x7c3d5b20ec8253057a6a7a46f073e54f5286381a38739604e8b82575db8946c1 claimNumberOnChain=1785055688363077
2026-07-27T13:51:15.348Z OK claim_number=358896 claim_id=c7e7c93d-9fca-475a-9667-ddbf31dfe85a use=claim fid=FID-29-117658-4 cr=CR7860562929831-4 scheme=SHIF amount=100.00 tx=0xc8263d451962891f03a211b381914855c0b0a4b1023b17b70099447957b43704 claimNumberOnChain=1785055688363078
2026-07-27T13:51:50.534Z OK claim_number=358897 claim_id=5975a206-06f2-478d-8bce-ac79a26308bc use=claim fid=FID-20-114807-9 cr=CR7328138701253-0 scheme=SHIF amount=500.00 tx=0x1777c790ea094f9efa9d72f6f32fd66755a4e609589b341c0457e46ca589129e claimNumberOnChain=1785055688363079
2026-07-27T13:52:03.198Z OK claim_number=358898 claim_id=4c875be6-46f3-49f1-bb8a-e6c17f008691 use=claim fid=FID-29-117658-4 cr=CR9184297364320-8 scheme=SHIF amount=125.00 tx=0x6b399000190ee1fdeef6947bff59e385576d416fc7c572eb2cb92a69537a47b5 claimNumberOnChain=1785055688363080
2026-07-27T13:52:15.746Z OK claim_number=358899 claim_id=2f5e208a-98e2-4fe8-84a0-d72855d60f1d use=claim fid=FID-29-117658-4 cr=CR8727405005556-7 scheme=SHIF amount=266.05 tx=0x65e5b04a4384fd0f0fd22573fbb548258ea08911b2c85cd2140d09b913157a39 claimNumberOnChain=1785055688363081
2026-07-27T13:52:21.494Z OK claim_number=358900 claim_id=ed5e6f73-4788-46e7-88d5-da0f483234b5 use=claim fid=FID-29-117658-4 cr=CR8645666016178-3 scheme=SHIF amount=125.00 tx=0xb42c81cc98fad4ec85a840908800e69ac7744c7bc1cf10fc815ab531e335fb70 claimNumberOnChain=1785055688363082
2026-07-27T13:52:44.745Z OK claim_number=358901 claim_id=31d2b21a-2bac-4988-bdd9-6db63dc29e1c use=claim fid=FID-29-117658-4 cr=CR0664648997119-1 scheme=SHIF amount=125.00 tx=0x369c220c0e8f2f2d59f6b3f1bc28becd0c2886b6d5bd791fa93cc38de5355443 claimNumberOnChain=1785055688363083
2026-07-27T13:52:52.999Z OK claim_number=358902 claim_id=0e1de829-53cf-4d18-871d-62f1f1287a8e use=claim fid=FID-29-117658-4 cr=CR8727405005556-7 scheme=SHIF amount=266.05 tx=0xb5e814a1951e59c1adc931b5aac0da4d922378d986b718b6bea5e039724480c9 claimNumberOnChain=1785055688363085
2026-07-27T13:53:01.154Z OK claim_number=358903 claim_id=9a770526-09dc-47da-b801-309de31a3fdb use=claim fid=FID-29-117658-4 cr=CR8706882107674-0 scheme=SHIF amount=100.00 tx=0x379d9781fcff5775f5067cbfcbc2ad787224d0dba7f554e9f975a58ffcc023bd claimNumberOnChain=1785055688363086
2026-07-27T13:53:23.833Z OK claim_number=358904 claim_id=0d069403-c24f-450b-b5d7-149182ca69e6 use=claim fid=FID-29-117658-4 cr=CR1664756071479-7 scheme=SHIF amount=125.00 tx=0x3466b3ea8ad4d10a3cb97b1d3cd62b3e3084e5373904d888376c1ded7a2d125e claimNumberOnChain=1785055688363087
2026-07-27T13:53:36.325Z OK claim_number=358905 claim_id=3db3dcc5-63ee-4234-abc9-e32ea388c8a4 use=claim fid=FID-29-117658-4 cr=CR4195890425516-8 scheme=SHIF amount=75.00 tx=0xa2b217b5260d7b2e395b9c0ea562bbea105c2894353f3ef4a8839b12f343d0ec claimNumberOnChain=1785055688363088
2026-07-27T13:53:59.015Z SKIP claim_number=358906 claim_id=f223777d-926c-4278-9305-2e0f896be4e3 reason=zero_amount claimed_total_raw=0.00
2026-07-27T13:53:59.015Z OK claim_number=358907 claim_id=a227a2cc-c190-49b9-8f64-f478e2f7d18f use=claim fid=FID-29-117658-4 cr=CR4195890425516-8 scheme=SHIF amount=22.50 tx=0x70e69110aa908835400882a82d7874374a3fe033cdf7d2460a08ab034fb7f3c5 claimNumberOnChain=1785055688363089
2026-07-27T13:54:04.685Z OK claim_number=358908 claim_id=786a3717-9905-4185-8ba2-7f39ed3f82a0 use=claim fid=FID-29-117658-4 cr=CR3925691056576-9 scheme=SHIF amount=125.00 tx=0x562df66024e1d07f567781e14271140ec71b9832d7b54c3aba16a6d8211b7312 claimNumberOnChain=1785055688363090
2026-07-27T13:54:17.654Z OK claim_number=358909 claim_id=e74cb3cd-fb1d-44c3-9049-127c62425299 use=claim fid=FID-29-117658-4 cr=CR4195890425516-8 scheme=SHIF amount=75.00 tx=0xa9547b378cd7bf07ce8105583bd8bc75daa9bccbda69043da321e238458c8dde claimNumberOnChain=1785055688363091
2026-07-27T13:54:23.286Z OK claim_number=358910 claim_id=df9b9f6a-37b7-42fa-837b-fcd19fad8b05 use=claim fid=FID-29-117658-4 cr=CR4195890425516-8 scheme=SHIF amount=22.50 tx=0x241befc0e90eac9b336982029bd08a471c157bdec00ee30963c12a459f976f7c claimNumberOnChain=1785055688363092
2026-07-27T13:54:28.940Z OK claim_number=358911 claim_id=98a71e5d-0f64-4f94-89f5-951296b0abcd use=claim fid=FID-29-117658-4 cr=CR4195890425516-8 scheme=SHIF amount=75.00 tx=0xed416d44d888e0c9ad9ce4ad677bef04c01ea79a5f0ab875a1a26b206c0d9272 claimNumberOnChain=1785055688363093
2026-07-27T13:54:34.573Z OK claim_number=358912 claim_id=83d6f05c-e08f-4893-898f-eb8c86a17507 use=claim fid=FID-29-117658-4 cr=CR4195890425516-8 scheme=SHIF amount=22.50 tx=0x58fc8d60ffafcca66bb7ce0065912c04c76a8beb8700fba7654d7a40321bb303 claimNumberOnChain=1785055688363094
2026-07-27T13:54:40.283Z OK claim_number=358913 claim_id=b8f07c38-b58f-41e4-8b9f-23ace11745ba use=claim fid=FID-29-117658-4 cr=CR0479297297476-3 scheme=SHIF amount=125.00 tx=0x2a3a1de6bca9ad80c0e664c219391216e911cb54c9c3daf297401b8c2681e07a claimNumberOnChain=1785055688363095
2026-07-27T13:54:52.800Z OK claim_number=358914 claim_id=c4360292-e203-4530-8faf-3327affdd2c2 use=claim fid=FID-29-117658-4 cr=CR4195890425516-8 scheme=SHIF amount=75.00 tx=0xffd198ff466198c85441f3b46e94b90aa6d2cdc1980ac83e2c487ed09ac69247 claimNumberOnChain=1785055688363096
2026-07-27T13:54:58.453Z SKIP claim_number=358915 claim_id=2b15e7fe-1410-490e-8ab5-99d21fc9380b reason=zero_amount claimed_total_raw=0.00
2026-07-27T13:54:58.454Z OK claim_number=358916 claim_id=e5bf652c-1c9e-4eab-8b8a-585b098a5dec use=claim fid=FID-29-117658-4 cr=CR4195890425516-8 scheme=SHIF amount=22.50 tx=0x7031f0cb34420252c82cbf0a0394b8109ce7be17ae4f37e6ea2b26b2fc154a8d claimNumberOnChain=1785055688363097
2026-07-27T13:55:04.201Z OK claim_number=358917 claim_id=26ec0666-59a1-42bb-8330-6a0fe8a9f41b use=claim fid=FID-29-117658-4 cr=CR4195890425516-8 scheme=SHIF amount=75.00 tx=0x7058c8117d8584b706fc2abba1090a333562c3709f62cef2d63d7d9bd7405c1f claimNumberOnChain=1785055688363098
2026-07-27T13:55:09.827Z OK claim_number=358918 claim_id=e24dacc8-9cf9-4340-b2e5-5a6318d1a8dc use=claim fid=FID-29-117658-4 cr=CR4195890425516-8 scheme=SHIF amount=22.50 tx=0xc4347c234fd8133d55ebfa670fae91af5b3eb13779ef8a2d529e2c028daad729 claimNumberOnChain=1785055688363099
2026-07-27T13:55:15.519Z OK claim_number=358919 claim_id=6cb9076d-16c0-4e6c-be7c-44c23e76aa4b use=claim fid=FID-29-117658-4 cr=CR7890824583201-5 scheme=SHIF amount=125.00 tx=0x12c193f4920125b3f83297d3806a63b96cec1669272f0497acdf51b64debd853 claimNumberOnChain=1785055688363100
2026-07-27T13:55:28.170Z OK claim_number=358920 claim_id=83fdd552-43e5-4320-bc58-76ef0e26b4e8 use=claim fid=FID-20-114807-9 cr=CR4909850569377-2 scheme=SHIF amount=1000.00 tx=0x5627dc9851acda6706d4b418ca2f4ccd40bc602d8f65f0f80153cf157ec50ca7 claimNumberOnChain=1785055688363101
2026-07-27T13:55:40.592Z OK claim_number=358921 claim_id=8c012c2d-1204-4b03-bb1c-c401e42d1834 use=claim fid=FID-29-117658-4 cr=CR0597975760735-8 scheme=SHIF amount=100.00 tx=0xe5bb1c8bf6ceea06671a622eeeeef3b669bbdff97eca30545efe47b5a91d5db2 claimNumberOnChain=1785055688363102
2026-07-27T13:56:03.186Z OK claim_number=358922 claim_id=e6105015-e53d-4757-a147-7c5adc2815f0 use=claim fid=FID-29-117658-4 cr=CR9645760706984-8 scheme=SHIF amount=100.00 tx=0xcd2fdfef8d4ee50b5a2dc0a424f8bc94e5b339a1b846a07ac134af4fbb3a9af5 claimNumberOnChain=1785055688363103
2026-07-27T13:56:20.953Z OK claim_number=358923 claim_id=a5762ce0-5dad-4731-a9ff-ff9d03a656f3 use=claim fid=FID-29-117658-4 cr=CR2502476862825-3 scheme=SHIF amount=125.00 tx=0xbdb9fe4462c36ac38bd4e9c75b1d55c6fc0f1a0ee7196be77b88727bd7fe2a53 claimNumberOnChain=1785055688363104
2026-07-27T13:56:33.409Z OK claim_number=358924 claim_id=770bdd08-0cbb-4b5c-83ac-27b2428b4c47 use=claim fid=FID-29-117658-4 cr=CR4195890425516-8 scheme=SHIF amount=100.00 tx=0xb7e56fca8726c44cf371996d742ad83cabdf516051fc52bfbfdfbd664ad424b2 claimNumberOnChain=1785055688363105
2026-07-27T13:56:39.124Z OK claim_number=358925 claim_id=183d8f07-deb8-4288-9ecb-97000dbe3065 use=claim fid=FID-29-117658-4 cr=CR5741431600340-9 scheme=SHIF amount=100.00 tx=0x8748e42623837709936d44dcd6a319c3986705892ff0597c31233fa542203ed1 claimNumberOnChain=1785055688363106
2026-07-27T13:56:56.585Z OK claim_number=358926 claim_id=189e7d46-958b-441b-9e9f-8c0f2233a428 use=claim fid=FID-29-117658-4 cr=CR8706882107674-0 scheme=SHIF amount=100.00 tx=0x1f89b77fec820c6627023f323d3efc9f1e691775c046e62e1066c1b409ee5c40 claimNumberOnChain=1785055688363107
2026-07-27T13:57:02.241Z OK claim_number=358927 claim_id=ef883462-eb92-4f6b-b10e-667429acd55e use=claim fid=FID-20-114807-9 cr=CR4873261583012-9 scheme=SHIF amount=750.00 tx=0x1dad1a375633c1e8eead4be6673e9bae86795f4713f7d33e1b86b072f47d2fa8 claimNumberOnChain=1785055688363108
2026-07-27T13:57:24.858Z OK claim_number=358928 claim_id=e7e4a78b-a63a-43ef-a43f-ee07b511a3e1 use=claim fid=FID-29-117658-4 cr=CR8706882107674-0 scheme=SHIF amount=100.00 tx=0xaca7254429da04211ed5545f0776cb7e726912178d95b955acd2145f831af577 claimNumberOnChain=1785055688363109
2026-07-27T13:57:30.584Z OK claim_number=358929 claim_id=6b048995-8c02-441a-bcc7-242719fa14a9 use=claim fid=FID-20-114807-9 cr=CR8032510376894-0 scheme=SHIF amount=875.00 tx=0xeb23daf547cc24be0b99a06c709da88df13ab6cbaa23cc0873bb26827bac6be6 claimNumberOnChain=1785055688363110
2026-07-27T13:57:43.093Z OK claim_number=358930 claim_id=1e8481dd-2e39-4df0-9337-a7fa2d7c8249 use=claim fid=FID-20-114807-9 cr=CR5381452354303-6 scheme=SHIF amount=437.50 tx=0x02051d38f51733cb7c6ede81965312c29b3b70d2df4858808b3b9911318b1ad0 claimNumberOnChain=1785055688363111
2026-07-27T13:57:55.481Z OK claim_number=358931 claim_id=b57eb3c9-36d6-4ff6-8ec2-446f37210291 use=claim fid=FID-29-117658-4 cr=CR8706882107674-0 scheme=SHIF amount=100.00 tx=0x2a29522883224502a14948ae7af3c1949251f39b78b27e52557a50f25e857323 claimNumberOnChain=1785055688363112
2026-07-27T13:58:01.194Z OK claim_number=358932 claim_id=13ca4ae5-8232-40a8-803a-080c4115b746 use=claim fid=FID-20-114807-9 cr=CR8194139378423-8 scheme=SHIF amount=125.00 tx=0x7d6c084e9aed3f1deb4e9caba6263f0f05180450182fe0cfb45bf3b84ccba236 claimNumberOnChain=1785055688363113
2026-07-27T13:58:13.756Z OK claim_number=358933 claim_id=7c3ef6d0-a056-41f2-9e61-a300054442b5 use=claim fid=FID-29-117658-4 cr=CR8727405005556-7 scheme=SHIF amount=625.00 tx=0x0660a8ee300ed61c5c9456e7c848751cc3274725b419eaa39fc879e9d58edf8f claimNumberOnChain=1785055688363114
2026-07-27T13:58:19.521Z OK claim_number=358934 claim_id=97031787-04f0-442e-baa8-1664d9dd1225 use=claim fid=FID-20-114807-9 cr=CR1476388725127-2 scheme=SHIF amount=500.00 tx=0x6005bbc88f38bd780e15a9a1bf350e51c2068691975ba1a2e2f9c6ded0c404bb claimNumberOnChain=1785055688363115
2026-07-27T13:58:31.955Z OK claim_number=358935 claim_id=9b2faf86-d209-4f2b-b53d-2dc7b4a3b188 use=claim fid=FID-29-117658-4 cr=CR8727405005556-7 scheme=SHIF amount=625.00 tx=0xcee38ff067dbc7b720247a523b1c318e8c1c62b3ec3cec0566d50609e62375a7 claimNumberOnChain=1785055688363116
2026-07-27T13:58:37.579Z OK claim_number=358936 claim_id=6997137b-6c5b-4298-b1ba-64be12ed91ed use=claim fid=FID-20-114807-9 cr=CR3124465084911-2 scheme=SHIF amount=500.00 tx=0xb6c39595ae346537e73dc80c4a0422bb5ce7db81a5acdef6acd9b489415bc27d claimNumberOnChain=1785055688363117
2026-07-27T13:58:55.146Z OK claim_number=358937 claim_id=e5c9b67f-af3e-429a-a3b0-f756234ee28a use=claim fid=FID-29-117658-4 cr=CR8727405005556-7 scheme=SHIF amount=62.50 tx=0x2ea89308a70953726e3eb6892897b22c6e7f79029ab3ebf7d3484a6cd9553089 claimNumberOnChain=1785055688363118
2026-07-27T13:59:00.925Z OK claim_number=358938 claim_id=ffa5f689-22cd-4038-a238-4ee6f5748918 use=claim fid=FID-29-117658-4 cr=CR8727405005556-7 scheme=SHIF amount=37.50 tx=0x7979dd956ccde779d8683dfcf2019b9b982d77dc6a3e5f72c9b09ee9bd949e06 claimNumberOnChain=1785055688363119
2026-07-27T13:59:06.598Z OK claim_number=358939 claim_id=ce72fa29-868c-4e28-ad3e-80064e44b531 use=claim fid=FID-29-117658-4 cr=CR8684619978402-4 scheme=SHIF amount=125.00 tx=0x47d2892f16fd80412265fe5d2faae0515347ab73eb74ed579b9aa359d3ff6ecb claimNumberOnChain=1785055688363120
2026-07-27T13:59:19.000Z OK claim_number=358940 claim_id=7386d69d-80fd-4b6a-8e62-1e1de2f5748b use=claim fid=FID-29-117658-4 cr=CR8727405005556-7 scheme=SHIF amount=62.50 tx=0x9b0368051dc04c40ca9ea29f748ac64ec8d3d1f924510dff55f791da3655c471 claimNumberOnChain=1785055688363121
2026-07-27T13:59:24.617Z OK claim_number=358941 claim_id=a78bf7be-b19c-47f5-bf43-a7817bcc783e use=claim fid=FID-29-117658-4 cr=CR8727405005556-7 scheme=SHIF amount=37.50 tx=0x8e54a221d9da0496b132593933d57173329cdac0f528f2e11df141e0117fd8da claimNumberOnChain=1785055688363122
2026-07-27T13:59:38.053Z OK claim_number=358942 claim_id=2b275928-981f-410c-8e6a-3690b527fcaa use=claim fid=FID-20-114807-9 cr=CR5066227605431-0 scheme=SHIF amount=130.00 tx=0x4dc98a1488dc9d6b23d18e9c21544d1b5436a705b059c844d164d628cbc1913f claimNumberOnChain=1785055688363123
2026-07-27T13:59:46.048Z OK claim_number=358943 claim_id=3ad5339d-4239-4fd3-b07c-19798d058349 use=claim fid=FID-29-117658-4 cr=CR8727405005556-7 scheme=SHIF amount=100.00 tx=0xd30f8f110f9d4511b5bd89ed39ef4fe8eaa0d337d8734c1935f31a87119bd8a4 claimNumberOnChain=1785055688363124
2026-07-27T13:59:51.900Z OK claim_number=358944 claim_id=5c1c2908-19ac-4966-be75-c20492c2db50 use=claim fid=FID-20-114807-9 cr=CR0626533810803-6 scheme=SHIF amount=3043.75 tx=0x92569840453f653e9eab9ba4c904b473578a0a2a5bc85bfff0951c790ad9198b claimNumberOnChain=1785055688363125
2026-07-27T14:00:04.367Z OK claim_number=358945 claim_id=a2830e05-a341-4aeb-a569-596092700e91 use=claim fid=FID-29-117658-4 cr=CR7400004069070-9 scheme=SHIF amount=100.00 tx=0x52b6c421b200e59c971a68fe625848efdc780f5e25dc536817f9958d07c7e8db claimNumberOnChain=1785055688363126
2026-07-27T14:00:10.068Z OK claim_number=358946 claim_id=285e68df-bdef-4a14-96e3-5da5ac1cb792 use=claim fid=FID-20-114807-9 cr=CR3938611572610-4 scheme=SHIF amount=250.00 tx=0x04ed7ecf1df042e67e0a67f8758bd7195183e4a2b361f685e8beada6fe49d9e6 claimNumberOnChain=1785055688363127
2026-07-27T14:00:22.751Z OK claim_number=358947 claim_id=00010115-e620-4986-bfe8-cf5119286240 use=claim fid=FID-29-117658-4 cr=CR3256370334707-4 scheme=SHIF amount=625.00 tx=0xd1cc8dcf2a7ba846b0bc85715257ccfa738242b38d37e008604dc9ab0df074e4 claimNumberOnChain=1785055688363128
2026-07-27T14:00:47.551Z OK claim_number=358948 claim_id=9bec32fe-cd5b-472e-85ce-63c7d43637ba use=claim fid=FID-29-117658-4 cr=CR3928672760384-2 scheme=SHIF amount=6.25 tx=0xed47f37cec95a84839dca447ca2a7d51ede7300f9a58b5d4ad93131259e314f7 claimNumberOnChain=1785055688363129
2026-07-27T14:00:53.209Z OK claim_number=358949 claim_id=25e5e870-bba7-4adf-b1a8-2fcb7ca946fc use=claim fid=FID-20-114807-9 cr=CR0166247736018-5 scheme=SHIF amount=250.00 tx=0x355cb6f5ec74c306b0dba4b0e6d495308464294b7880f8e7e87949fdd9f3a818 claimNumberOnChain=1785055688363130
2026-07-27T14:01:05.723Z OK claim_number=358950 claim_id=752f9103-3b78-43b7-9bab-e773352c5bc0 use=claim fid=FID-20-114807-9 cr=CR4800559775242-5 scheme=SHIF amount=250.00 tx=0x79d0001275ff4513d7435bf353048b685fea97f74a9e7738ae6724df964821d7 claimNumberOnChain=1785055688363131
2026-07-27T14:01:18.110Z OK claim_number=358951 claim_id=3f3add52-6a20-40b9-956f-e9009ec8253d use=claim fid=FID-29-117658-4 cr=CR3928672760384-2 scheme=SHIF amount=6.25 tx=0xcb3e4619f8cad347b8799bec317b7ec0650f6d8e4213a24fe3f0800ded6c8849 claimNumberOnChain=1785055688363132
2026-07-27T14:01:23.712Z OK claim_number=358952 claim_id=61cf329e-ab6c-4dab-9ab2-e139d3dad71a use=claim fid=FID-29-117658-4 cr=CR4925764247277-7 scheme=SHIF amount=100.00 tx=0xb96335387767d306326d5c62b2c30efb94500a6c502eeff422b330592f113a66 claimNumberOnChain=1785055688363133
2026-07-27T14:01:46.666Z OK claim_number=358953 claim_id=a37796ab-c38c-44b9-8f74-11e45b801865 use=claim fid=FID-29-117658-4 cr=CR7276295574015-7 scheme=SHIF amount=125.00 tx=0x0263983517ec4fd076b5704006fb43708ea756229f6028e801d6261f90556fc0 claimNumberOnChain=1785055688363134
2026-07-27T14:01:59.098Z OK claim_number=358954 claim_id=b1b85f15-1f8f-4687-a7c1-bb4738ee3813 use=claim fid=FID-29-117658-4 cr=CR4037947014271-7 scheme=SHIF amount=46.95 tx=0xd8009cb0fccc5a86e873eeb38bb5aa5bd0dc0795224fd36009335f25ea452ef0 claimNumberOnChain=1785055688363135
2026-07-27T14:02:16.786Z OK claim_number=358955 claim_id=feacf969-8d03-40e6-8e91-e282fd65bdb6 use=claim fid=FID-29-117658-4 cr=CR4037947014271-7 scheme=SHIF amount=250.00 tx=0xd8b960bcc792611b4b2e1f92ddbeee9764459e996329892e5986bf079308ef46 claimNumberOnChain=1785055688363136
2026-07-27T14:02:22.429Z OK claim_number=358956 claim_id=e5a37ffc-ee24-443d-a496-0f6bd65e28e0 use=claim fid=FID-20-114807-9 cr=CR2730922711506-9 scheme=SHIF amount=625.00 tx=0x5832c1a36f99af6e63c4094b8b07eeff69f226c6177baa004f8c6f7900de2a9c claimNumberOnChain=1785055688363137
2026-07-27T14:02:34.801Z OK claim_number=358957 claim_id=25df31ec-0c0b-4389-96dc-7107963f71c3 use=claim fid=FID-29-117658-4 cr=CR4037947014271-7 scheme=SHIF amount=46.95 tx=0xb5f0bffb36c52cf272e445800b6141b7bec60bb7b5c9ad98a1118e48e1e41ba3 claimNumberOnChain=1785055688363138
2026-07-27T14:02:40.370Z OK claim_number=358958 claim_id=7074147b-3316-44ba-b632-e9b7f664cdb6 use=claim fid=FID-29-117658-4 cr=CR6691270146764-1 scheme=SHIF amount=125.00 tx=0xc8fdb7b9a9249d3aa5949ed497dea420afe8962d54799ed0d20823fa387ef3e1 claimNumberOnChain=1785055688363139
2026-07-27T14:02:52.810Z OK claim_number=358959 claim_id=4df0433a-9812-4e0d-9d57-18519b03a170 use=claim fid=FID-29-117658-4 cr=CR4037947014271-7 scheme=SHIF amount=250.00 tx=0xe512439296308a9ad66df9d0843b3ed4365e3e1c8915f9df3a9c9620704f355b claimNumberOnChain=1785055688363141
2026-07-27T14:03:00.966Z OK claim_number=358960 claim_id=2c6d96d2-e394-4cf2-a5e8-11b637e62a1e use=claim fid=FID-29-117658-4 cr=CR3311292931738-5 scheme=SHIF amount=125.00 tx=0x847bc6262f152b992766139f22bf6faf062a3bfbbe819a459368db823f71e6fd claimNumberOnChain=1785055688363142
2026-07-27T14:03:14.120Z OK claim_number=358961 claim_id=071386ee-88a2-4b4a-8d2c-033600429300 use=claim fid=FID-29-117658-4 cr=CR7400584309629-3 scheme=SHIF amount=100.00 tx=0x1eb2b75dadde8cb626ed0e9452f0bce8422a5efbeacf7057d76d4a8420b6396f claimNumberOnChain=1785055688363143
2026-07-27T14:03:37.205Z OK claim_number=358962 claim_id=deae3ba8-6c25-4a8d-8686-7da6ed72a776 use=claim fid=FID-29-117658-4 cr=CR7767021211572-2 scheme=SHIF amount=125.00 tx=0x3b23d3d8dc2130b86033eba0a36594871d2ac3f6f1c947a5fe09e880abac0b1e claimNumberOnChain=1785055688363144
2026-07-27T14:03:45.497Z OK claim_number=358963 claim_id=e381445f-2382-4143-b37d-29c9f292e115 use=claim fid=FID-20-114807-9 cr=CR6679286789257-0 scheme=SHIF amount=500.00 tx=0x9abe9994b0df0356049ac1a7c5bdfaf63e1688872dd80e5d254ba074884a2a74 claimNumberOnChain=1785055688363145
2026-07-27T14:04:09.012Z OK claim_number=358964 claim_id=a027e2d9-c3fa-4568-8d66-71957d949a30 use=claim fid=FID-29-117658-4 cr=CR1879776849921-8 scheme=SHIF amount=125.00 tx=0x83bc935ed36ff218224c84f917b892aeafe49d0dc331933faf0bd0050ca7b597 claimNumberOnChain=1785055688363146
2026-07-27T14:04:17.258Z OK claim_number=358965 claim_id=b440eb8c-c233-4fbf-9994-525cc46e7893 use=claim fid=FID-20-114807-9 cr=CR9468777696793-3 scheme=SHIF amount=125.00 tx=0x7e3b98c15142f0375899a75885806cf813ffd3659e3fea6605a910ed6ca668a7 claimNumberOnChain=1785055688363147
2026-07-27T14:04:29.636Z OK claim_number=358966 claim_id=bae3d427-4dfa-4715-9d92-518472317005 use=claim fid=FID-29-117658-4 cr=CR9983588097923-8 scheme=SHIF amount=125.00 tx=0x2395973dd243fc117c0ba8cbaa66f4e222f8db1c6df4d61846334ecdb46c20c9 claimNumberOnChain=1785055688363148
2026-07-27T14:04:52.265Z OK claim_number=358967 claim_id=07b13c3a-9fe1-4a93-8dcb-1e61aaefdddd use=claim fid=FID-29-117658-4 cr=CR9983588097923-8 scheme=SHIF amount=125.00 tx=0x2fd3fdcb2eff4a1143da3345e5e48b27ca557771883e401925249b9ee4c8394c claimNumberOnChain=1785055688363149
2026-07-27T14:04:57.949Z OK claim_number=358968 claim_id=2d58d972-4f66-4056-a5dc-97b1ae8575fb use=claim fid=FID-20-114807-9 cr=CR0152694938779-7 scheme=SHIF amount=737.50 tx=0xb7c9abf47760779346b3692e11e248e7836759e5c3b748bd364b4ed5b53932a2 claimNumberOnChain=1785055688363150
2026-07-27T14:05:10.408Z OK claim_number=358969 claim_id=9987928a-db98-4212-8db6-1443e02b2882 use=claim fid=FID-29-117658-4 cr=CR7400004069070-9 scheme=SHIF amount=100.00 tx=0x2bf7909382cbd7fe3c00cdea55bb013fd094381a94e0ad93290bd01c915b1aa4 claimNumberOnChain=1785055688363151
2026-07-27T14:05:16.045Z OK claim_number=358970 claim_id=4e2d1a45-9064-492a-9e56-9d7de54b1a76 use=claim fid=FID-20-114807-9 cr=CR3099491659846-2 scheme=SHIF amount=2593.75 tx=0x000d661cf430d84e2b724b28756827a3ec2cede3324d0b3164592baa64ec6c84 claimNumberOnChain=1785055688363152
2026-07-27T14:05:38.805Z OK claim_number=358971 claim_id=526eea38-54d0-4065-b8da-bd4afc3ec313 use=claim fid=FID-20-114807-9 cr=CR7938321174287-0 scheme=SHIF amount=375.00 tx=0x0a1543ea7c874f42f7682d393271e1873272b06cbfc63e1532b44f521047f5a5 claimNumberOnChain=1785055688363153
2026-07-27T14:05:56.336Z OK claim_number=358972 claim_id=444ffadf-3e57-4f79-ad3e-e07a7da63be2 use=claim fid=FID-29-117658-4 cr=CR4457080300364-4 scheme=SHIF amount=500.00 tx=0x00b1fd49b72f37b436095dbeb5d412e9f4957d2d0ed164a358fdc71d79d66e61 claimNumberOnChain=1785055688363154
2026-07-27T14:06:13.823Z OK claim_number=358973 claim_id=3ece3611-5a12-46b6-b385-bd32560c540f use=claim fid=FID-20-114807-9 cr=CR3110928716711-5 scheme=SHIF amount=375.00 tx=0xae6fd9daf0d40e6039061c1d46a932af7ff95c703604073d6438fb7a5adbd348 claimNumberOnChain=1785055688363155
2026-07-27T14:06:31.443Z OK claim_number=358974 claim_id=ef633bf4-1850-4125-87bd-d8b27206f7ce use=claim fid=FID-29-117658-4 cr=CR9645760706984-8 scheme=SHIF amount=100.00 tx=0xec7281982f153e027338038ee2ffec337b58b2c7f08c87684c9709b5498841fa claimNumberOnChain=1785055688363156
2026-07-27T14:06:37.207Z OK claim_number=358975 claim_id=6232d61a-6be9-4f3d-bb39-af7bd67dcb6f use=claim fid=FID-20-114807-9 cr=CR6394711733343-6 scheme=SHIF amount=125.00 tx=0x7e8317767387994d11f0bed7d62f9fa08341a71d01ed845673fa55ccd7a524d7 claimNumberOnChain=1785055688363157
2026-07-27T14:06:59.716Z OK claim_number=358976 claim_id=5ba17e99-997d-4af7-b3ee-9659fef0be42 use=claim fid=FID-29-117658-4 cr=CR6991645469498-5 scheme=SHIF amount=125.00 tx=0x61cc751bc39762992522d7c19af6354961a2a327afb92e4759a17810da680a35 claimNumberOnChain=1785055688363158
2026-07-27T14:07:22.529Z OK claim_number=358977 claim_id=ad7d5330-c505-4654-ba2c-d72f4a960195 use=claim fid=FID-29-117658-4 cr=CR9645760706984-8 scheme=SHIF amount=125.00 tx=0xa039dc7079824970efd2c7e03e036cadd206763689a181da90bffe9098d44fbc claimNumberOnChain=1785055688363159
2026-07-27T14:07:28.254Z OK claim_number=358978 claim_id=cf2f1d2e-b0e3-4af4-a9e5-8bb716902a44 use=claim fid=FID-29-117658-4 cr=CR7860562929831-4 scheme=SHIF amount=1312.50 tx=0xd0df5724666948daae5b32efe085ee81c4886b8a620e542a2d5b945bac0e4991 claimNumberOnChain=1785055688363160
2026-07-27T14:07:33.956Z OK claim_number=358979 claim_id=3839a0d5-4d41-42fb-a771-2f6aeb691c3d use=claim fid=FID-29-117658-4 cr=CR3156232607267-2 scheme=SHIF amount=125.00 tx=0xd6d71e255566a6132f73322115414dedfc27e671d8e0e7f2343c829722b9604c claimNumberOnChain=1785055688363161
2026-07-27T14:07:56.624Z OK claim_number=358980 claim_id=4a842a79-d016-4fa9-a529-18a1acbdc339 use=claim fid=FID-29-117658-4 cr=CR7860562929831-4 scheme=SHIF amount=218.75 tx=0x21ed8394794b4179876e8e2f80b43a093a3b0c0a94a631fb1ff2bb02d2d1ad0c claimNumberOnChain=1785055688363162
2026-07-27T14:08:02.236Z OK claim_number=358981 claim_id=1f6edb23-7d3a-422b-b022-dd7e9c65fe29 use=claim fid=FID-29-117658-4 cr=CR7860562929831-4 scheme=SHIF amount=34.40 tx=0xfd30554549d2073fd66d5f800bc018f4820bf2465e36b9873bda601f0faef87a claimNumberOnChain=1785055688363163
2026-07-27T14:08:07.920Z OK claim_number=358982 claim_id=dfd14e1b-52b6-4e2e-8f9a-2a4aa1b0c026 use=claim fid=FID-20-114807-9 cr=CR9406063951778-4 scheme=SHIF amount=875.00 tx=0x2d1ba29cb9cc7b1cbc656339e7d24c7a1d6cd71e44805f3b81551d8745e15011 claimNumberOnChain=1785055688363164
2026-07-27T14:08:26.854Z OK claim_number=358983 claim_id=f1563800-6403-4315-925d-edd90feaaf06 use=claim fid=FID-20-114807-9 cr=CR9944025350854-8 scheme=SHIF amount=125.00 tx=0xa68cd458ccf4a3365d1caa45d6a65ea36bc2e7dbe1cd66b48fef3dec4deb19a2 claimNumberOnChain=1785055688363165
2026-07-27T14:08:49.491Z OK claim_number=358984 claim_id=099fc5ac-0129-4bb0-9987-6d24a7975947 use=claim fid=FID-29-117658-4 cr=CR7860562929831-4 scheme=SHIF amount=1312.50 tx=0x592678b035d2a7e61d6fba1c03cc512a6872e0c2d447e32e16e1efeca086d91f claimNumberOnChain=1785055688363166
2026-07-27T14:08:55.239Z OK claim_number=358985 claim_id=6d5ba1ac-7a7e-4a08-af7c-0c38575de100 use=claim fid=FID-20-114807-9 cr=CR3009508243695-6 scheme=SHIF amount=311435.24 tx=0xee881806f877e18814dab48b32ca13085473725d8959dc018935a1f9cc992a07 claimNumberOnChain=1785055688363167
2026-07-27T14:09:17.898Z OK claim_number=358986 claim_id=6221c22d-a360-43fe-9160-a86f330fc01c use=claim fid=FID-29-117658-4 cr=CR7860562929831-4 scheme=SHIF amount=218.75 tx=0xc4b3e7788b38309f1d6ce25d1edd22ad3832923db681eade3b34c2dcf4f0c0e2 claimNumberOnChain=1785055688363168
2026-07-27T14:09:23.487Z OK claim_number=358987 claim_id=e19b798e-ca99-4c81-b538-418d94bac65a use=claim fid=FID-29-117658-4 cr=CR7860562929831-4 scheme=SHIF amount=34.40 tx=0xa8ff08de227e402dbb08e3f4c0aa60ebed6c670bc230afb2432260518442f413 claimNumberOnChain=1785055688363169
2026-07-27T14:09:29.230Z OK claim_number=358988 claim_id=17281101-692f-4b13-8436-9ba64bbf35e1 use=claim fid=FID-20-114807-9 cr=CR0904346950048-8 scheme=SHIF amount=250.00 tx=0x61a712b88c8192442247f40971993c1b916176aab278eda35b8f33f1b9a71b67 claimNumberOnChain=1785055688363170
2026-07-27T14:09:52.490Z OK claim_number=358989 claim_id=ae9ad23b-30d2-4714-8088-0cc3c4f5bfd5 use=claim fid=FID-29-117658-4 cr=BZ22334289-0 scheme=SHIF amount=192.64 tx=0xc0279dccdf2d2899acdb70562e5d85681895022ffdd80c455e67480dc3b3f89e claimNumberOnChain=1785055688363171
2026-07-27T14:10:15.233Z OK claim_number=358990 claim_id=45e37f49-74ec-4489-abe9-41be22be11f7 use=claim fid=FID-29-117658-4 cr=CR6183688864153-5 scheme=SHIF amount=125.00 tx=0xa96ed76396d6a4f55d8a994c2624433ed9574c024e5ed27163d6adb785265a33 claimNumberOnChain=1785055688363172
2026-07-27T14:10:33.015Z OK claim_number=358991 claim_id=d2e31eeb-cf16-41ad-b15a-429d5293a15f use=claim fid=FID-29-117658-4 cr=BZ22334289-0 scheme=SHIF amount=250.00 tx=0x80597e1913f33fbb542ed2b88cc07a21825640ebbf74ae17d33fc981c93f4c20 claimNumberOnChain=1785055688363173
2026-07-27T14:10:38.735Z OK claim_number=358992 claim_id=0b52fafc-998c-495c-b10b-28fd005057ec use=claim fid=FID-20-114807-9 cr=CR5783935248467-7 scheme=SHIF amount=250.00 tx=0x8491df94e31bd3b9d5fe6626d7efb4586621b69b04527df6b3b6bef236b0b0a2 claimNumberOnChain=1785055688363174
2026-07-27T14:11:02.101Z OK claim_number=358993 claim_id=5f48d308-08b1-43a6-ac70-24825576e9fa use=claim fid=FID-20-114807-9 cr=CR9009599219515-2 scheme=SHIF amount=281.25 tx=0x611b964369f9c6d33f4530cbe225cf08e4eb9a434bb5584e7f9adecaccbe8160 claimNumberOnChain=1785055688363175
2026-07-27T14:11:07.728Z OK claim_number=358994 claim_id=fdf8bda8-1f67-4d90-a1c7-ad300e4269bf use=claim fid=FID-29-117658-4 cr=BZ22334289-0 scheme=SHIF amount=192.64 tx=0xc27996b830428792fb0194f0f8dcca2f96dcc6a99ea6b2db0728f866715c988d claimNumberOnChain=1785055688363176
2026-07-27T14:11:13.508Z OK claim_number=358995 claim_id=dccda960-7a9e-4536-86d3-5c31c306de18 use=claim fid=FID-29-117658-4 cr=CR4327095730487-9 scheme=SHIF amount=125.00 tx=0x36490743c474724ab9bf25612b11a84f26c6ccf434855905aca58a4eed35c1b2 claimNumberOnChain=1785055688363177
2026-07-27T14:11:36.387Z OK claim_number=358996 claim_id=81d2fcf6-3d92-4c09-9419-67e9ec48bf60 use=claim fid=FID-29-117658-4 cr=BZ22334289-0 scheme=SHIF amount=250.00 tx=0xc8f9b2eedcaaa7e50764b0dce275c3763f6b9eadfa01ef444861a7d5a2a92ad1 claimNumberOnChain=1785055688363178
2026-07-27T14:11:42.024Z OK claim_number=358997 claim_id=f4725e7c-8336-4e96-8d43-4eb1ec23ddaf use=claim fid=FID-29-117658-4 cr=CR3570468280090-0 scheme=SHIF amount=125.00 tx=0xfea3a4dbae9821a46079058980f73a327990c9fbf719be0ff4f1c49328170c7e claimNumberOnChain=1785055688363179
2026-07-27T14:11:59.751Z OK claim_number=358998 claim_id=f35dc030-db6c-411e-99c4-ba9e5836f766 use=claim fid=FID-29-117658-4 cr=BZ22334289-0 scheme=SHIF amount=192.64 tx=0x54c657028be85d966f165093435b82c0508447df92193804ad1e39b2b2cef134 claimNumberOnChain=1785055688363180
2026-07-27T14:12:05.611Z OK claim_number=358999 claim_id=6558b248-b882-43ba-a2fd-0b67c60ad1df use=claim fid=FID-29-117658-4 cr=BZ22334289-0 scheme=SHIF amount=250.00 tx=0xfcc3ebe36e2a99c5ec2f4a3d893ef52a0b9576e914774ac12983c6f564d44a55 claimNumberOnChain=1785055688363181
2026-07-27T14:12:11.267Z OK claim_number=359000 claim_id=47ffc46d-fd46-4376-ae58-19637f07acd6 use=claim fid=FID-29-117658-4 cr=CR4203603176163-7 scheme=SHIF amount=125.00 tx=0x4d138ff2422bff959734a398ed18e482997f8e337046ff74b62de96eb6d83141 claimNumberOnChain=1785055688363182
2026-07-27T14:12:34.051Z OK claim_number=359001 claim_id=1252cdd6-2e75-43cd-80d4-adb7d59d2167 use=claim fid=FID-20-114807-9 cr=CR4454134831133-9 scheme=SHIF amount=375.00 tx=0xebff12b75b8542829d8490aeabcc44652b56aa08b5999a5b6f54af2835bf02ae claimNumberOnChain=1785055688363183
2026-07-27T14:12:56.704Z OK claim_number=359002 claim_id=68568add-685e-47e8-a4c5-73c71e3a48b9 use=claim fid=FID-29-117658-4 cr=BZ22334289-0 scheme=SHIF amount=192.64 tx=0x822ddc67ce863e02575a2f4eef6f3a0b0cce1cc4eeb70627d98e93f93156a026 claimNumberOnChain=1785055688363184
2026-07-27T14:13:02.416Z OK claim_number=359003 claim_id=4a2aa9ac-c45d-4233-bf15-1b73e552ac09 use=claim fid=FID-29-117658-4 cr=BZ22334289-0 scheme=SHIF amount=250.00 tx=0x94842bf127701469eaf4206d793c043dc33916e264ce370bd3c895fa1a218375 claimNumberOnChain=1785055688363185
2026-07-27T14:13:08.133Z OK claim_number=359004 claim_id=795543de-79c0-4482-aa02-accaeebb83bd use=claim fid=FID-29-117658-4 cr=CR6699621974419-5 scheme=SHIF amount=125.00 tx=0x5e41a6a9d7f2fdbb3da961d0d0a3a6bcf7f624cebe62389b013cc02fda47cfce claimNumberOnChain=1785055688363186
2026-07-27T14:13:13.780Z OK claim_number=359005 claim_id=821a3487-d501-4452-9ea4-b56d106abeb4 use=claim fid=FID-20-114807-9 cr=CR5504779330205-0 scheme=SHIF amount=125.00 tx=0x6c9d92cac67fd7f263945ef7b8e9ae4f2e0a64103f49a8872f109aaf7a7dfcb9 claimNumberOnChain=1785055688363187
2026-07-27T14:13:19.510Z OK claim_number=359006 claim_id=ba123588-086c-4703-ad85-05b3e329aa13 use=claim fid=FID-29-117658-4 cr=BZ22334289-0 scheme=SHIF amount=192.64 tx=0xa24b9c6a097362fa0bb3ed9b3e1d5a27236401e2ba9a2794e78798858caa1167 claimNumberOnChain=1785055688363188
2026-07-27T14:13:25.402Z OK claim_number=359007 claim_id=60dcacb2-14d4-4f1a-bb15-6c0930a72e4f use=claim fid=FID-29-117658-4 cr=BZ22334289-0 scheme=SHIF amount=250.00 tx=0xc684086f7f54ab00a4c6a330d355fcd8eaccd5cb531755f5dd8e34860da623d3 claimNumberOnChain=1785055688363190
2026-07-27T14:13:33.769Z OK claim_number=359008 claim_id=eda54e8f-9db9-49d4-9c20-54f8db8d802e use=claim fid=FID-20-114807-9 cr=CR5368738710605-2 scheme=SHIF amount=375.00 tx=0x984801a6a5f66579f983f8342438aecc15a902203a43f4a40d32d95635097ee5 claimNumberOnChain=1785055688363191
2026-07-27T14:13:46.128Z OK claim_number=359009 claim_id=471b3f7c-7129-4cd7-94a1-11a3d25537b5 use=claim fid=FID-29-117658-4 cr=BZ22334289-0 scheme=SHIF amount=192.64 tx=0x87664ec9d06b53e49e9a92106c669f5719ddb48d76c234ea245c01709d3238e5 claimNumberOnChain=1785055688363192
2026-07-27T14:13:51.819Z OK claim_number=359010 claim_id=05028bc4-8148-4251-8855-77ed67f2f6cb use=claim fid=FID-29-117658-4 cr=CR2247664872724-7 scheme=SHIF amount=125.00 tx=0x5c6a4328e91ce7d43da860b2faf060e870646feb92418a9a537c0fd25cdcfac2 claimNumberOnChain=1785055688363193
2026-07-27T14:14:04.298Z OK claim_number=359011 claim_id=6bed2c50-8b5d-4d79-82f0-a973e245acf0 use=claim fid=FID-29-117658-4 cr=BZ22334289-0 scheme=SHIF amount=250.00 tx=0x4ae85a04a9ce1b4deaca3a8d30ba19edf2a3c99ee718109d4e9c4ec94622095c claimNumberOnChain=1785055688363194
2026-07-27T14:14:07.071Z OK claim_number=359012 claim_id=3bfb2fad-cc5a-46bb-adba-39bcd869267d use=claim fid=FID-29-117658-4 cr=BZ22334289-0 scheme=SHIF amount=192.64 tx=0xc52eca164f7f3ff699bd9b72d4fb5067dc8c058ccbaaa6e75e2eea6a1a6c9c82 claimNumberOnChain=1785055688363196
2026-07-27T14:14:15.387Z OK claim_number=359013 claim_id=2d2ba7c2-ec7f-4e72-a789-8aa15b6f5bb6 use=claim fid=FID-20-114807-9 cr=CR6773561921007-9 scheme=SHIF amount=875.00 tx=0x5384621dc094f0837764f852a9e0df1778de2bdc3357f8d825ea3ae2a44550ea claimNumberOnChain=1785055688363197
2026-07-27T14:14:27.822Z OK claim_number=359014 claim_id=485939ee-2e78-47d6-965e-505ac063f8e9 use=claim fid=FID-29-117658-4 cr=BZ22334289-0 scheme=SHIF amount=250.00 tx=0xd42c8dda0b9b2723b96f03589ffc2b88b51cd1fc99f5680ad0adf40e95525530 claimNumberOnChain=1785055688363198
2026-07-27T14:14:41.710Z OK claim_number=359015 claim_id=47f3705e-d213-490e-b6cf-96cb909d1efa use=claim fid=FID-20-114807-9 cr=CR6558208056220-4 scheme=SHIF amount=750.00 tx=0x9d7e8ec1918cf5e471fc40b9cfbc762a2185a8c35b7294974a387b7ed08c093e claimNumberOnChain=1785055688363199
2026-07-27T14:14:54.076Z OK claim_number=359016 claim_id=aba66f77-981d-43ec-a01a-71a28de7fa58 use=claim fid=FID-29-117658-4 cr=BZ30970942-6 scheme=SHIF amount=625.00 tx=0xcc396d3508c5b164083f580b256da3564f6fb5962f8e6ab2288f63cd3d23468e claimNumberOnChain=1785055688363200
2026-07-27T14:15:11.974Z OK claim_number=359017 claim_id=b45c87c8-4731-4fe5-a417-98529bff97fe use=claim fid=FID-29-117658-4 cr=CR9919880569634-0 scheme=SHIF amount=125.00 tx=0x7d6abc3afcf1c7f0ad9cf1b1f435becf9032e2f5a2bb38487b50e25492e86ed0 claimNumberOnChain=1785055688363201
2026-07-27T14:15:24.299Z OK claim_number=359018 claim_id=5c05047e-e47e-4da6-905b-dcad911bb9d3 use=claim fid=FID-29-117658-4 cr=CR7860562929831-4 scheme=SHIF amount=1500.00 tx=0x27508ddb8717ea9a827aae08103004d03d8cbd805ef4ca57784a96dab2d4e7a8 claimNumberOnChain=1785055688363202
2026-07-27T14:15:29.976Z OK claim_number=359019 claim_id=13e35707-6a00-4bd6-ac03-62dd83c69a1a use=claim fid=FID-20-114807-9 cr=CR6112645121819-6 scheme=SHIF amount=250.00 tx=0x397df4631e47f930724ff870993569481dd4cc9ea9ac9960c2b06e4226809b16 claimNumberOnChain=1785055688363204
2026-07-27T14:15:49.778Z SKIP claim_number=359020 claim_id=479327f9-d721-441d-834f-af0ec430e747 reason=zero_amount claimed_total_raw=0.00
2026-07-27T14:15:49.779Z OK claim_number=359021 claim_id=940decdd-d710-4507-a4f3-09092fb34178 use=claim fid=FID-29-117658-4 cr=CR0672526719132-9 scheme=SHIF amount=125.00 tx=0x4929e9137be99b874a1b369c7f64352f09b84f09d777203d963c248d63e624f4 claimNumberOnChain=1785055688363205
2026-07-27T14:16:02.183Z OK claim_number=359022 claim_id=f12eeeeb-f66a-4b22-99c3-a80300cf1d74 use=claim fid=FID-29-117658-4 cr=CR9645760706984-8 scheme=SHIF amount=250.00 tx=0x2c3406b5ac31db0b41228fdcac0f8c4fe7b1ed2fee42c7dae38779f0d647ff1c claimNumberOnChain=1785055688363206
2026-07-27T14:16:07.805Z OK claim_number=359023 claim_id=717662c8-ea79-4771-9a8d-1b024fa27b12 use=claim fid=FID-29-117658-4 cr=CR9593122181979-7 scheme=SHIF amount=125.00 tx=0xd38ec725bfe29859dbb779024d7be97d794ead38454e270744a4f03108ef502c claimNumberOnChain=1785055688363207
2026-07-27T14:16:20.384Z OK claim_number=359024 claim_id=e59e0794-5ac9-40ff-abbc-27b384880c98 use=claim fid=FID-29-117658-4 cr=CR9645760706984-8 scheme=SHIF amount=250.00 tx=0x0214b42752fee840708971269d94682f3acc96d66d6b70c818a04f70a28c502b claimNumberOnChain=1785055688363208
2026-07-27T14:16:25.859Z OK claim_number=359025 claim_id=b1bd55fd-9873-43a6-865a-2c1d2f5df716 use=claim fid=FID-20-114807-9 cr=CR0388165871074-9 scheme=SHIF amount=1331.40 tx=0xe2f05cefec46194a58390e7b5861f0687a33ff38662dcfc0f9ddcf9f784bb885 claimNumberOnChain=1785055688363209
2026-07-27T14:16:48.495Z OK claim_number=359026 claim_id=646b3b0d-4fb7-4ca3-a192-9296b8227088 use=claim fid=FID-29-117658-4 cr=BZ29728796-3 scheme=SHIF amount=100.00 tx=0x86b2cc6b0252ede37592445c8bbab310f22ab5c8322fb7c0ef05b62a77deafc9 claimNumberOnChain=1785055688363210
2026-07-27T14:16:54.079Z OK claim_number=359027 claim_id=5ee58251-f99d-4963-b4f3-bf8a48cc77e3 use=claim fid=FID-29-117658-4 cr=CR7400004069070-9 scheme=SHIF amount=250.00 tx=0xd9442779a175ff0348877ea25769d5e75dd03c5a0a2ce5a89fdd1ac956fa2812 claimNumberOnChain=1785055688363211
2026-07-27T14:16:59.702Z OK claim_number=359028 claim_id=e7db8b37-02b1-40fb-94a3-9f86147cccb8 use=claim fid=FID-29-117658-4 cr=CR7400004069070-9 scheme=SHIF amount=250.00 tx=0x02e392c115a362f65fb1d6f2f5c06e6263e204b5fcad185fa9a0cf8a0dcad6e2 claimNumberOnChain=1785055688363212
2026-07-27T14:17:05.394Z OK claim_number=359029 claim_id=31ad05fe-073f-4b29-b84e-69b67023b7c5 use=claim fid=FID-20-114807-9 cr=CR5707025561316-8 scheme=SHIF amount=375.00 tx=0xbb7543d8ef3cfecc67095a91f7deccb811ecaa87ad09ba36b8e5ebfebf0b739e claimNumberOnChain=1785055688363213
2026-07-27T14:17:17.701Z OK claim_number=359030 claim_id=ba92aa31-7e13-4c17-a1d6-f304639d80ef use=claim fid=FID-29-117658-4 cr=CR7400004069070-9 scheme=SHIF amount=375.00 tx=0x927dd2b6a00a489b386c46d7902f857c2736b4c72bac3e56475f1c4b3f5a66eb claimNumberOnChain=1785055688363214
2026-07-27T14:17:23.348Z OK claim_number=359031 claim_id=5af3bc51-564a-48bb-9705-524a2f7c6ab9 use=claim fid=FID-20-114807-9 cr=CR7091449097115-9 scheme=SHIF amount=125.00 tx=0x4eb6e01e65144a19ab70250267f67f3d15ab64f0cf02e45b681abdcc5be75b10 claimNumberOnChain=1785055688363215
2026-07-27T14:17:35.801Z OK claim_number=359032 claim_id=5119bfdc-b390-4e7d-8444-bc879ae03d94 use=claim fid=FID-29-117658-4 cr=CR7400004069070-9 scheme=SHIF amount=250.00 tx=0x4bd813a31849eff4c44341b5bf09ffc141f29f878db259e204abd46951d0f4f0 claimNumberOnChain=1785055688363216
2026-07-27T14:17:41.459Z OK claim_number=359033 claim_id=74057926-8f06-42f8-a73f-bd87f7e3a633 use=claim fid=FID-29-117658-4 cr=CR7400004069070-9 scheme=SHIF amount=250.00 tx=0x537cf4f2d82836a5f5be17ac09d7bba805bc0413f6ed7b5918ba1cec50ca2a25 claimNumberOnChain=1785055688363217
2026-07-27T14:17:47.046Z OK claim_number=359034 claim_id=3e6ea6fb-6ba2-42bd-b66c-43fef6c604d9 use=claim fid=FID-29-117658-4 cr=CR7400004069070-9 scheme=SHIF amount=375.00 tx=0xbcd23c30cde011dccaa9246aae5ba4f6c90452ef94f7c17ac463b5efcd2e82ca claimNumberOnChain=1785055688363218
2026-07-27T14:17:52.701Z OK claim_number=359035 claim_id=d8713d8d-df5b-4120-9781-6dfcf2e639aa use=claim fid=FID-29-117658-4 cr=CR2160817833121-1 scheme=SHIF amount=100.00 tx=0x4ae8948579e2af1cd9d67a415493525e9d7f19cac006dbb5dfd2783efbc113b7 claimNumberOnChain=1785055688363219
2026-07-27T14:18:15.930Z OK claim_number=359036 claim_id=94c5b0c8-b117-4283-9808-0fe6dc993423 use=claim fid=FID-20-114807-9 cr=CR6349451617883-1 scheme=SHIF amount=125.00 tx=0x9bdf4856782f8360ca00ccfdd37096d945a719a850a3f525c13dba8c89deef08 claimNumberOnChain=1785055688363220
2026-07-27T14:18:28.471Z OK claim_number=359037 claim_id=2e28255a-1e73-498c-b740-9263d903f146 use=claim fid=FID-29-117658-4 cr=CR7400004069070-9 scheme=SHIF amount=100.00 tx=0x49b93a70e2b845026ffec7e684cd763f67dd1cd816c633ded8c84b1145bbd6c8 claimNumberOnChain=1785055688363221
2026-07-27T14:18:34.509Z OK claim_number=359038 claim_id=f9cf807c-9019-45d3-998f-6cb10a8b78ac use=claim fid=FID-20-114807-9 cr=CR4161385405606-2 scheme=SHIF amount=1375.00 tx=0xe164ffcfc6d9366f20cad914b4830b1af604b4e43647047d81e81dae64c68bd7 claimNumberOnChain=1785055688363222
2026-07-27T14:18:52.817Z OK claim_number=359039 claim_id=4f47bdd2-264f-4478-a611-ed0ea4170d75 use=claim fid=FID-29-117658-4 cr=CR7400004069070-9 scheme=SHIF amount=100.00 tx=0x3e2548fe0c3a24b3a824b6f30f3d7d58c9b4e1dfcc7da349f41e95a2af000596 claimNumberOnChain=1785055688363223
2026-07-27T14:18:58.442Z OK claim_number=359040 claim_id=603b5ae8-3485-4839-9653-3bc041e08990 use=claim fid=FID-20-114807-9 cr=CR0343442836651-5 scheme=SHIF amount=250.00 tx=0xb12fd3a7b63bc1ce49c65514f306d37acd1a16aa87376b8305dda1e781f744e3 claimNumberOnChain=1785055688363224
2026-07-27T14:19:10.883Z OK claim_number=359041 claim_id=5130cf11-6f8c-4733-bc44-5ad2831e978d use=claim fid=FID-29-117658-4 cr=CR2160817833121-1 scheme=SHIF amount=100.00 tx=0xd35e2c81b0c36f837dc478f5f7cb6b319422c57f063daf7f3cbdd5cd4d528ff7 claimNumberOnChain=1785055688363225
2026-07-27T14:19:24.624Z OK claim_number=359042 claim_id=74087de5-791d-44a7-ad0a-c9d9d3bd7822 use=claim fid=FID-20-114807-9 cr=CR9160113252559-3 scheme=SHIF amount=250.00 tx=0xf75195ce017bb7d6d9dd167628c0ffc8e64a5b480a84f57d439593e37ca6dd20 claimNumberOnChain=1785055688363226
2026-07-27T14:19:32.524Z OK claim_number=359043 claim_id=93dde3f3-a5de-4ea4-9900-73bda8f4ef37 use=claim fid=FID-20-114807-9 cr=CR4062200093701-9 scheme=SHIF amount=500.00 tx=0x57ab47796c78747a942fb81d61aabc502ef385b67d34c149640615db6ec9738c claimNumberOnChain=1785055688363227
2026-07-27T14:19:44.868Z SKIP claim_number=359044 claim_id=54e0b3ab-3932-4a5c-bd90-3aacdef16ff7 reason=zero_amount claimed_total_raw=0.00
2026-07-27T14:19:44.870Z OK claim_number=359045 claim_id=b2614e5b-1c82-4424-b4b6-cbd399616b47 use=claim fid=FID-29-117658-4 cr=CR0785556693921-6 scheme=SHIF amount=125.00 tx=0xf48a36922a37e1a2682d04e71eec16975e51b540e4f82ea07ae9cfbec90bc8cb claimNumberOnChain=1785055688363229
2026-07-27T14:20:04.947Z OK claim_number=359046 claim_id=11352067-e381-4338-af34-83208b03ab08 use=claim fid=FID-29-117658-4 cr=CR5749088994631-5 scheme=SHIF amount=100.00 tx=0x1093557d3bfbad356cfe166ff241a9ae41213d66eb651559ea60eaabc363e254 claimNumberOnChain=1785055688363230
2026-07-27T14:20:10.594Z OK claim_number=359047 claim_id=a7bbf0fa-089e-45c3-b03d-4e55cef770de use=claim fid=FID-20-114807-9 cr=CR6213386297639-5 scheme=SHIF amount=375.00 tx=0x3105de7979597da7e612b4ce83b23428b766b48a6a9987b2e9e5256f2d63c304 claimNumberOnChain=1785055688363231
2026-07-27T14:20:23.421Z OK claim_number=359048 claim_id=b341f804-f41c-4f6f-8de3-a8ccb18be401 use=claim fid=FID-29-117658-4 cr=CR4904944877318-9 scheme=SHIF amount=100.00 tx=0x3102331989b9dfa5787639dadd56fccbe56ebb75fabae7d9e2420f574d6583d5 claimNumberOnChain=1785055688363232
2026-07-27T14:20:29.140Z OK claim_number=359049 claim_id=8e9cf755-f866-493f-9d3c-4374354df910 use=claim fid=FID-29-117658-4 cr=CR4442934530248-7 scheme=SHIF amount=125.00 tx=0xb4ae9d76f8b57f0e299568207203c0a08caf5ecfa8cb1a08a6a4b8812b8849e5 claimNumberOnChain=1785055688363233
2026-07-27T14:20:41.539Z OK claim_number=359050 claim_id=bc78411d-1fa1-4bf0-b4c2-4ed47b8e2a5a use=claim fid=FID-29-117658-4 cr=CR7400004069070-9 scheme=SHIF amount=100.00 tx=0x8ce8639161504180852ac5282acf46f6aa5a98d0f086e73991f80a28745fa2e0 claimNumberOnChain=1785055688363234
2026-07-27T14:20:47.274Z OK claim_number=359051 claim_id=a9c7da56-f594-4f93-b8c5-56e89d5a46cd use=claim fid=FID-20-114807-9 cr=CR1324653718563-8 scheme=SHIF amount=375.00 tx=0x320bbf9e50573f302796730230db70789b212cff3bf725eca7b56e33a8bc6d4c claimNumberOnChain=1785055688363235
2026-07-27T14:21:09.637Z OK claim_number=359052 claim_id=1c8b123b-4df6-4a9c-aa6d-1e3bd7661c61 use=claim fid=FID-29-117658-4 cr=CR8727405005556-7 scheme=SHIF amount=625.00 tx=0x58900a88fcdd7cd36ffad029a3588d89aa11f4c4f5dfa8ec858c821b290f9051 claimNumberOnChain=1785055688363236
2026-07-27T14:21:15.205Z OK claim_number=359053 claim_id=6d3ae221-395a-4600-be2e-8fbb2f18ae90 use=claim fid=FID-29-117658-4 cr=CR4686598781823-1 scheme=SHIF amount=46.95 tx=0xc5862eda5cd0a122c0972705cb6217c1d347ba5d415035bd67001375c4ca624c claimNumberOnChain=1785055688363237
2026-07-27T14:21:21.199Z OK claim_number=359054 claim_id=6b74decb-5946-4a93-8f59-cc73d177230c use=claim fid=FID-29-117658-4 cr=CR4686598781823-1 scheme=SHIF amount=87.50 tx=0xbd3843dea6402b4e7fb9f6430193127cfccee57132017b6dbb18f4879eb20be7 claimNumberOnChain=1785055688363238
2026-07-27T14:21:26.917Z OK claim_number=359055 claim_id=e235f767-5d12-4fc2-b1fd-2dfc8fb8d93e use=claim fid=FID-20-114807-9 cr=CR0924872407433-2 scheme=SHIF amount=375.00 tx=0x102ffcb462782fe86dfa46cb1b69ee61bdcb17505b35eaa2e65f98ad09a1cb7c claimNumberOnChain=1785055688363239
2026-07-27T14:21:39.320Z OK claim_number=359056 claim_id=08c09444-8b3d-4411-8d07-845958715208 use=claim fid=FID-29-117658-4 cr=CR4686598781823-1 scheme=SHIF amount=46.95 tx=0x069c840800cc2dc57446232443b936caab580ad70b1a4d50bb9cd3b517a39404 claimNumberOnChain=1785055688363240
2026-07-27T14:21:44.983Z OK claim_number=359057 claim_id=387c90e4-8c52-47fc-adbc-1b359d26a200 use=claim fid=FID-20-114807-9 cr=CR5731545892524-4 scheme=SHIF amount=340.00 tx=0x28c5afb7301f338558f331371126f817cd0b6d3089031a13236aed050b69a45b claimNumberOnChain=1785055688363241
2026-07-27T14:22:03.196Z OK claim_number=359058 claim_id=7b23716a-2e6f-4bd1-9879-9a9c920249f0 use=claim fid=FID-29-117658-4 cr=CR4686598781823-1 scheme=SHIF amount=87.50 tx=0xd50c9e64e30cb769ea680bc6785fa2319197bd63018c14eef13805644a18d287 claimNumberOnChain=1785055688363242
2026-07-27T14:22:08.866Z OK claim_number=359059 claim_id=df3bbf3c-0a38-46e6-b604-ba134323b968 use=claim fid=FID-29-117658-4 cr=CR8411831742162-0 scheme=SHIF amount=1875.00 tx=0xa17e615c1953ae825bdb64cb2ae2f2d1ceb40791fa15fc95f8eb314a13147cdb claimNumberOnChain=1785055688363243
2026-07-27T14:22:21.416Z OK claim_number=359060 claim_id=e42bf317-458e-4188-a69d-12d49d11720b use=claim fid=FID-29-117658-4 cr=CR4686598781823-1 scheme=SHIF amount=46.95 tx=0xf97d6769bd21f10ccf40621ed5bd22227e036f05f65b84cfa60f496d44621e87 claimNumberOnChain=1785055688363244
2026-07-27T14:22:27.596Z OK claim_number=359061 claim_id=8f16e56b-3f76-48e0-a94a-9c1fbd10761d use=claim fid=FID-29-117658-4 cr=CR4686598781823-1 scheme=SHIF amount=87.50 tx=0x9a03bb5755a3d0052396012c3b658de53f55c38118c560fceb5cd360b5aebd60 claimNumberOnChain=1785055688363245
2026-07-27T14:22:33.524Z OK claim_number=359062 claim_id=65ee0fb7-44bc-45e2-999e-2fc8479b6bf0 use=claim fid=FID-20-114807-9 cr=CR8633893377132-7 scheme=SHIF amount=4375.00 tx=0xdf21ea5256d934edaf057291c1eb39351418b8e1f4d03f406401e8d5391b7dba claimNumberOnChain=1785055688363246
2026-07-27T14:22:46.090Z OK claim_number=359063 claim_id=40723043-7834-4d0c-95c3-37fa16faf653 use=claim fid=FID-29-117658-4 cr=CR4686598781823-1 scheme=SHIF amount=46.95 tx=0x3ab0eba37dfb45db899e561bb5c02e18817820fe150ed76799f1c13fb9117495 claimNumberOnChain=1785055688363247
2026-07-27T14:22:52.170Z OK claim_number=359064 claim_id=57dfe1ca-f99d-4c73-b457-f617e931e8d7 use=claim fid=FID-20-114807-9 cr=CR7059889128775-0 scheme=SHIF amount=250.00 tx=0xddfe1e107d4d3a7a937dee472a30b09cae8677fc62e1ede0553a6563ded90288 claimNumberOnChain=1785055688363248
2026-07-27T14:23:01.074Z OK claim_number=359065 claim_id=6f48ec35-9305-40af-865a-283ac42dad69 use=claim fid=FID-29-117658-4 cr=CR4686598781823-1 scheme=SHIF amount=87.50 tx=0x31d70b36e335fe394e261725203a124af848b82f8320e0faafccf80f1d3c81b6 claimNumberOnChain=1785055688363249
2026-07-27T14:23:06.978Z OK claim_number=359066 claim_id=c22d89c6-b28a-4e05-99fa-7637387b9008 use=claim fid=FID-20-114807-9 cr=CR6281762544222-0 scheme=SHIF amount=125.00 tx=0xf0058612940aba1781c24ba59559ec24dc2e963614f195bb2ecd441e335d92aa claimNumberOnChain=1785055688363250
2026-07-27T14:23:19.614Z OK claim_number=359067 claim_id=ecc75620-6b02-45df-b738-04acf8925364 use=claim fid=FID-29-117658-4 cr=CR4686598781823-1 scheme=SHIF amount=46.95 tx=0x1c3e2c429aae9ffc4cc8511569e249a5b41211ef1945a381bbf9aa9ac122bbb0 claimNumberOnChain=1785055688363251
2026-07-27T14:23:25.263Z OK claim_number=359068 claim_id=48f53bec-6e38-4885-9cc9-bd96d609cee1 use=claim fid=FID-29-117658-4 cr=CR4686598781823-1 scheme=SHIF amount=87.50 tx=0x697ae874dec15bbc43fe88427dbed36972792ff53fe2db59d02bfd9497952d93 claimNumberOnChain=1785055688363252
2026-07-27T14:23:30.953Z OK claim_number=359069 claim_id=e12f7dbd-6a7c-4774-b38a-5eb5b9678fe1 use=claim fid=FID-29-117658-4 cr=CR1086388873791-7 scheme=SHIF amount=125.00 tx=0xbe531f76c854d1214fe511d15b0cb34f58fb7d9a8b9a213deafaabdc03bc2a5c claimNumberOnChain=1785055688363253
2026-07-27T14:23:44.293Z OK claim_number=359070 claim_id=f1cf1937-4b84-49d3-b3d0-14faa7866d4a use=claim fid=FID-29-117658-4 cr=CR4686598781823-1 scheme=SHIF amount=46.95 tx=0x81365aebb8f6d9ad69daa0b35d83073e03274e04addbe88fb4dca84f59db4b52 claimNumberOnChain=1785055688363254
2026-07-27T14:23:49.903Z OK claim_number=359071 claim_id=e11a479f-7533-409a-9de2-0b786b5cef97 use=claim fid=FID-29-117658-4 cr=CR4686598781823-1 scheme=SHIF amount=87.50 tx=0x45552a1cc350e5544478b05ff84142f94d9f55d6801d7423ee78d72d0086c10a claimNumberOnChain=1785055688363255
2026-07-27T14:23:55.579Z OK claim_number=359072 claim_id=d89260e3-7bdc-459b-a457-1ba8188ac16c use=claim fid=FID-29-117658-4 cr=CR7922062438663-2 scheme=SHIF amount=125.00 tx=0x3ce958152dba44ac593c0e6ad6106b85ee5b6b3dc2051ad334202d725cb4e5c9 claimNumberOnChain=1785055688363256
2026-07-27T14:24:08.248Z OK claim_number=359073 claim_id=6e9416fc-c248-4ed2-a835-07babb2d1f85 use=claim fid=FID-29-117658-4 cr=CR4686598781823-1 scheme=SHIF amount=46.95 tx=0x121e9f1f9bdf7a758907c12c7bfc55031a9e31ecec7d710ee6ce2333163777e3 claimNumberOnChain=1785055688363257
2026-07-27T14:24:13.990Z OK claim_number=359074 claim_id=d242a297-14a1-4413-b742-97a92905549e use=claim fid=FID-20-114807-9 cr=CR9355416019821-3 scheme=SHIF amount=375.00 tx=0xabbdfce6602cf248b0418ed53be856be5d2d7045bb9d8be1c2f189048806a0a4 claimNumberOnChain=1785055688363258
2026-07-27T14:24:26.724Z OK claim_number=359075 claim_id=c780aaaf-2c71-48e0-bc70-bcfa68ca4076 use=claim fid=FID-29-117658-4 cr=CR4686598781823-1 scheme=SHIF amount=87.50 tx=0x2452026f8fce207b0b474d8a63ed7ce99ae732c4051a41edaec32350c75998e5 claimNumberOnChain=1785055688363259
2026-07-27T14:24:32.333Z OK claim_number=359076 claim_id=ca3243f7-c6cb-4106-a4f1-ef8c4510970b use=claim fid=FID-29-117658-4 cr=CR8727405005556-7 scheme=SHIF amount=100.00 tx=0xad838dd8087b0252e100fe3ff4b6538d806c2a6d99c745f0154252611dd5e159 claimNumberOnChain=1785055688363261
2026-07-27T14:24:40.446Z OK claim_number=359077 claim_id=49c21168-9914-405b-b1c9-48622b69f5b9 use=claim fid=FID-20-114807-9 cr=CR9675072731726-5 scheme=SHIF amount=375.00 tx=0x3be62a05c0b5488e5ecbec3aeec0372030938b814914ded418c17a86852a05b0 claimNumberOnChain=1785055688363263
2026-07-27T14:24:57.120Z OK claim_number=359078 claim_id=33e76fa3-b747-4bc6-9bca-94583fe638a6 use=claim fid=FID-29-117658-4 cr=BZ29728796-3 scheme=SHIF amount=625.00 tx=0x269fd7df22802c4c0f8bbf286aa9179aa558ad1c43e1459fa4466cf3b4dd4b10 claimNumberOnChain=1785055688363264
2026-07-27T14:25:02.925Z OK claim_number=359079 claim_id=a926f2ab-7f95-4417-b76a-5b748a8cd22c use=claim fid=FID-29-117658-4 cr=CR6509895938248-3 scheme=SHIF amount=100.00 tx=0xbfba39bdf01f414538a726bcae2373c6f77620573f3b2b5b9d638c3718d506d5 claimNumberOnChain=1785055688363265
2026-07-27T14:25:08.582Z OK claim_number=359080 claim_id=9d252e11-b25d-4a0f-a98b-e3d143569ff8 use=claim fid=FID-29-117658-4 cr=CR7383992294490-3 scheme=SHIF amount=125.00 tx=0xabf0f30a77282c474c84057cba2056b8272489ad63285c94f63d0e51067537fb claimNumberOnChain=1785055688363266
2026-07-27T14:25:21.775Z OK claim_number=359081 claim_id=1226802e-6355-4292-88c5-f2b8e26c7718 use=claim fid=FID-29-117658-4 cr=CR8287615459477-3 scheme=SHIF amount=125.00 tx=0x3e92a698d466c38718326793d003e0f739576a984c50c93f6eb511f4172c6ca0 claimNumberOnChain=1785055688363267
2026-07-27T14:25:34.138Z OK claim_number=359082 claim_id=a8689b0d-5a1c-43bc-8e60-40bd08896602 use=claim fid=FID-29-117658-4 cr=CR8206192868733-2 scheme=SHIF amount=125.00 tx=0x7184cf6e9fbb02f6f3ea606930b67214ead2d3dd1ac2bdf0b8e8cbbb271f7895 claimNumberOnChain=1785055688363268
2026-07-27T14:25:54.918Z OK claim_number=359083 claim_id=f409cbcd-7f6d-446a-b365-7e08a94022f2 use=claim fid=FID-29-117658-4 cr=CR4686598781823-1 scheme=SHIF amount=46.95 tx=0xb43884b2db6c26a0fc658e293bf4ce42c6e1afd180339cc77cfaa29a675dab45 claimNumberOnChain=1785055688363269
2026-07-27T14:26:00.534Z OK claim_number=359084 claim_id=13c58c7a-7992-4c35-b7ad-d3cc190b368b use=claim fid=FID-29-117658-4 cr=CR4686598781823-1 scheme=SHIF amount=87.50 tx=0xe93228abd279744420bff6ca00c1830c444319fe3fda28e12234cf99fd843c01 claimNumberOnChain=1785055688363270
2026-07-27T14:26:06.212Z OK claim_number=359085 claim_id=d62fab7c-9eb5-47b3-aa14-76a693aa967f use=claim fid=FID-29-117658-4 cr=CR5721964786742-6 scheme=SHIF amount=125.00 tx=0x328742fb96f0065c56ff2d31e6c66ab7b7717e7bedf92d87b0cfab197bc58c8c claimNumberOnChain=1785055688363271
2026-07-27T14:26:18.773Z OK claim_number=359086 claim_id=42b78e33-00cc-4273-9a67-ee33a277df9f use=claim fid=FID-29-117658-4 cr=CR4686598781823-1 scheme=SHIF amount=46.95 tx=0x9176a49f8df2af616759de741c898452dfae2aa8fc42e40477ca455f1873b41f claimNumberOnChain=1785055688363272
2026-07-27T14:26:24.441Z OK claim_number=359087 claim_id=022f6ec8-b3c4-4911-b038-287c0a1d3bc2 use=claim fid=FID-29-117658-4 cr=CR4686598781823-1 scheme=SHIF amount=87.50 tx=0x3977c3ab9a7583df71dc5cafe4283074f2ef85564f6e2783d3c17b120dbfd8d3 claimNumberOnChain=1785055688363273
2026-07-27T14:26:30.138Z OK claim_number=359088 claim_id=74433aa9-fa27-4c41-970f-a6ee1c1ab86f use=claim fid=FID-29-117658-4 cr=CR4686598781823-1 scheme=SHIF amount=46.95 tx=0x713a339f6c9324f14f87519cf4add36f7173109319ed39172672e269cd5ff7b4 claimNumberOnChain=1785055688363274
2026-07-27T14:26:35.823Z OK claim_number=359089 claim_id=ba82b5b9-a7a7-4dbe-9ef2-09d039476840 use=claim fid=FID-20-114807-9 cr=CR8078399390441-5 scheme=SHIF amount=250.00 tx=0x3030d1b39fd542716416b4ab1ef56dcc2a9f2ebcf332642e9fb291c3845e9a6f claimNumberOnChain=1785055688363275
2026-07-27T14:26:48.218Z OK claim_number=359090 claim_id=696a4773-28f0-430f-b9ea-5f1b98ba056f use=claim fid=FID-29-117658-4 cr=CR4686598781823-1 scheme=SHIF amount=87.50 tx=0xd8d721cda1dfbd64824441fe69a9491cee57fd27d792c6f27b44c80f9847c38c claimNumberOnChain=1785055688363276
2026-07-27T14:26:53.871Z OK claim_number=359091 claim_id=40d11537-b5ef-4236-afad-c45553845abb use=claim fid=FID-29-117658-4 cr=CR9226584696465-1 scheme=SHIF amount=125.00 tx=0x52d666729a56cc563368568122cee7ac9f66a00b2fb483b8539a36ca533888aa claimNumberOnChain=1785055688363277
2026-07-27T14:27:06.509Z OK claim_number=359092 claim_id=52aa16c9-d9b1-4707-aed1-c62947403da1 use=claim fid=FID-29-117658-4 cr=CR4686598781823-1 scheme=SHIF amount=46.95 tx=0x1700e973b50edc3bc922f39c928a431b80a59037b8d9fa53123e4286a1d5bedd claimNumberOnChain=1785055688363278
2026-07-27T14:27:12.274Z OK claim_number=359093 claim_id=eb9502b9-5b17-4cca-9fea-b7123835426d use=claim fid=FID-20-114807-9 cr=CR5658010303020-0 scheme=SHIF amount=25280.00 tx=0x834758bf8cd5fb799a83629ecca6204e1ca5b12ae6f5795705049dc2730b3be4 claimNumberOnChain=1785055688363280
2026-07-27T14:27:27.272Z OK claim_number=359094 claim_id=12c951ea-1fd8-4ec5-8881-a8685851413e use=claim fid=FID-29-117658-4 cr=CR4686598781823-1 scheme=SHIF amount=87.50 tx=0x943d50eaa010deb44519be416118f9aca6c4ba744b6c8fa83e1cd58ad056054d claimNumberOnChain=1785055688363282
2026-07-27T14:27:35.522Z OK claim_number=359095 claim_id=09c55de6-6c77-4010-ae3e-01e9d55df66c use=claim fid=FID-20-114807-9 cr=CR5389256878669-4 scheme=SHIF amount=125.00 tx=0xbd7928469a8bedda458d15a3808ca72147e486d89e2a234364c8e59e33c8695b claimNumberOnChain=1785055688363283
2026-07-27T14:27:47.907Z OK claim_number=359096 claim_id=68deee54-cced-4236-9b35-498118404c1b use=claim fid=FID-29-117658-4 cr=CR8727405005556-7 scheme=SHIF amount=625.00 tx=0x48d0d9f7fe2ad6b890ec9cc6856f97bbbb5adac0b23a5bd5bc08db0068386579 claimNumberOnChain=1785055688363284
2026-07-27T14:27:53.582Z OK claim_number=359097 claim_id=ad91127c-53b0-40c3-a2e9-6f8b3a55c3d3 use=claim fid=FID-20-114807-9 cr=CR2413812541703-5 scheme=SHIF amount=250.00 tx=0xeb6014ac10608e4f91dda6e7eafed62aac6d2aff77b72fc1488d20a02b31f16b claimNumberOnChain=1785055688363285
2026-07-27T14:28:06.100Z OK claim_number=359098 claim_id=e7c5800b-7015-4b7c-b7ac-eb92a1f764ff use=claim fid=FID-29-117658-4 cr=CR3415458688229-2 scheme=SHIF amount=125.00 tx=0x921faa7127e10cfeb28749adeb4517ef3df3cea67f5fde1e08cf83b54b46b9a8 claimNumberOnChain=1785055688363286
2026-07-27T14:28:18.620Z OK claim_number=359099 claim_id=fb3a853e-152e-46c0-9185-debf2e7c7007 use=claim fid=FID-29-117658-4 cr=CR8727405005556-7 scheme=SHIF amount=600.00 tx=0xd4d46c8e03a872c0dff97bdb9ff94188378e78a10f8f66f6d5354e00116b6377 claimNumberOnChain=1785055688363287
2026-07-27T14:28:24.340Z OK claim_number=359100 claim_id=b1cc484c-6893-43e4-9b6c-a0b03d9e7270 use=claim fid=FID-29-117658-4 cr=CR8727405005556-7 scheme=SHIF amount=500.00 tx=0xf696dfd47d6779f1b30d457cab13bead613edd081aabcf06b52e0494d12a2daf claimNumberOnChain=1785055688363288
2026-07-27T14:28:29.942Z OK claim_number=359101 claim_id=0b6a56e1-805f-412c-976c-efda37bb274c use=claim fid=FID-29-117658-4 cr=CR3928672760384-2 scheme=SHIF amount=100.00 tx=0x38a1732923e546c2610361e066ba89e67508177ba228e71c6407250c6eba6621 claimNumberOnChain=1785055688363289
2026-07-27T14:28:35.660Z OK claim_number=359102 claim_id=98ea216b-fbc4-4d28-92b0-86491477149f use=claim fid=FID-20-114807-9 cr=CR1013689918145-2 scheme=SHIF amount=250.00 tx=0x26a28730f4deefa8c683f99dd30bfdde5b7b00d1bd68ea5e5bead9eee2543c8a claimNumberOnChain=1785055688363290
2026-07-27T14:28:47.954Z OK claim_number=359103 claim_id=8e05adb2-e1f5-4db2-bff4-8a12d73f11e0 use=claim fid=FID-29-117658-4 cr=CR3515678208558-7 scheme=SHIF amount=125.00 tx=0x75279b55cd8cdb011b8dae9aae3e565c36594af2d8eecbe2d1ff470fe87c4ca9 claimNumberOnChain=1785055688363291
2026-07-27T14:29:00.468Z OK claim_number=359104 claim_id=d54e57f2-9ecf-4ffc-a0dc-1bc69d5f9a87 use=claim fid=FID-29-117658-4 cr=CR7860562929831-4 scheme=SHIF amount=100.00 tx=0x4f22b82d709a074e4fdc7a2c2948c2c3c078a83044b212d0b82647cff0a4b749 claimNumberOnChain=1785055688363292
2026-07-27T14:29:06.216Z OK claim_number=359105 claim_id=ea780a59-ce71-405d-bf57-fb0533f2715e use=claim fid=FID-20-114807-9 cr=CR4857129458872-7 scheme=SHIF amount=875.00 tx=0x1ac3830563c4dfb37c0568325de902170bd861f05cc356cd1c7092db0638139b claimNumberOnChain=1785055688363293
2026-07-27T14:29:18.536Z OK claim_number=359106 claim_id=8e454fed-e3fb-4c75-a4ed-5780e24130e5 use=claim fid=FID-29-117658-4 cr=CR8727405005556-7 scheme=SHIF amount=266.05 tx=0xca9c3781cbb5678f61e086df91545f8b80256f61e15f4db4d3f9f0195623d7d8 claimNumberOnChain=1785055688363294
2026-07-27T14:29:24.134Z OK claim_number=359107 claim_id=68f252d1-b245-41fd-a549-723237c5e933 use=claim fid=FID-29-117658-4 cr=CR1511883756528-0 scheme=SHIF amount=125.00 tx=0x8102e4f339815118022ddb4cc6c2ab9d0830ff22a3542cf856eb68f82b25f159 claimNumberOnChain=1785055688363295
2026-07-27T14:29:36.628Z OK claim_number=359108 claim_id=9349ccab-00a3-41fd-84d1-20988333a1ad use=claim fid=FID-29-117658-4 cr=CR8727405005556-7 scheme=SHIF amount=266.05 tx=0xd31ba4f38cea77caee107a745350da680ec5747eea913f826e7d22ba325c40d7 claimNumberOnChain=1785055688363296
2026-07-27T14:29:42.218Z OK claim_number=359109 claim_id=50e753cb-52bf-4608-96f7-6f6aa0fea4ec use=claim fid=FID-29-117658-4 cr=CR4241907415613-1 scheme=SHIF amount=125.00 tx=0x917dc8af3b8030b217059ea580d62b19cfcdbd086caf2cb8f07a7012e0700165 claimNumberOnChain=1785055688363297
2026-07-27T14:29:54.618Z OK claim_number=359110 claim_id=8ccccb78-a853-497c-91df-7c8c93047d71 use=claim fid=FID-29-117658-4 cr=CR6518467666658-8 scheme=SHIF amount=125.00 tx=0x5406f856974781315ad4f056e8d8978f54760a8837fa968fdd69e817ef401d0d claimNumberOnChain=1785055688363298
2026-07-27T14:30:07.064Z OK claim_number=359111 claim_id=11ca8ffa-b382-416f-a7d9-a4ed96aa5f89 use=claim fid=FID-29-117658-4 cr=CR8706882107674-0 scheme=SHIF amount=100.00 tx=0x38b6ea8d6b92ea8f04c871a270635be88e7e1b26bdb9eb38827f99a60f1f5276 claimNumberOnChain=1785055688363299
2026-07-27T14:30:12.716Z OK claim_number=359112 claim_id=de332ff5-9def-4bbd-baa9-63a8f9346a6a use=claim fid=FID-20-114807-9 cr=CR5964446750685-3 scheme=SHIF amount=500.00 tx=0xe0ce64704a11261652a6b4ac2983e210fb3743fcc4a60d3f97e5445390410385 claimNumberOnChain=1785055688363300
2026-07-27T14:30:25.213Z OK claim_number=359113 claim_id=1d6a8576-cbf9-4b26-b30f-a51cf518e15e use=claim fid=FID-29-117658-4 cr=CR4195890425516-8 scheme=SHIF amount=75.00 tx=0xebf1f155804fda5a667ac62b7b23825e29e12c61087f0a79f88d6a8eac354cdb claimNumberOnChain=1785055688363301
2026-07-27T14:30:30.891Z OK claim_number=359114 claim_id=36187eea-3cdd-47ad-82df-659e54cecc55 use=claim fid=FID-29-117658-4 cr=CR4195890425516-8 scheme=SHIF amount=22.50 tx=0xcc78639e06224a09e9182e7873c23386e5c01b309aa3a8b59a36ae672204cb32 claimNumberOnChain=1785055688363302
2026-07-27T14:30:36.641Z OK claim_number=359115 claim_id=2c2991fc-0edf-416c-8b13-ff8f092748f6 use=claim fid=FID-29-117658-4 cr=CR4195890425516-8 scheme=SHIF amount=75.00 tx=0x7e6439705d457c0e5deb85a05ebaea44b043163024f8857e132a7e23c2f5fff8 claimNumberOnChain=1785055688363303
2026-07-27T14:30:44.096Z SKIP claim_number=359116 claim_id=b008a703-824d-4362-a30b-90b155cda68d reason=zero_amount claimed_total_raw=0.00
2026-07-27T14:30:44.097Z OK claim_number=359117 claim_id=c19f3036-f832-482d-9b1d-e8dfbc372cd0 use=claim fid=FID-29-117658-4 cr=CR4195890425516-8 scheme=SHIF amount=22.50 tx=0x92e882f88af27a54c5522b3a71f14107a7cc53fc6f2f7a7272a36a7163a10caf claimNumberOnChain=1785055688363304
2026-07-27T14:30:49.715Z OK claim_number=359118 claim_id=772dcbc0-547c-46e1-9896-061234a41572 use=claim fid=FID-29-117658-4 cr=CR4195890425516-8 scheme=SHIF amount=75.00 tx=0x1065ef3ba588b5f6bfc5d94e2a8fa231b55e794a56e22273a4326d920b3fd134 claimNumberOnChain=1785055688363305
2026-07-27T14:30:55.314Z OK claim_number=359119 claim_id=0c25709a-c044-4f30-a60f-6bc5845c4728 use=claim fid=FID-29-117658-4 cr=CR1487690399873-2 scheme=SHIF amount=125.00 tx=0x2e8547f85bde58592c407462cb6c5e625ee929de5ced48967b370c7dbd8ae648 claimNumberOnChain=1785055688363306
2026-07-27T14:31:07.809Z OK claim_number=359120 claim_id=822d1dcc-6bc9-4e7c-9ff9-8b4e7d88ad94 use=claim fid=FID-29-117658-4 cr=CR4195890425516-8 scheme=SHIF amount=22.50 tx=0x1eed060203f5ff081c3ec3f1a4c876ab7863c614b784a39c149d6e78c2bfa6f8 claimNumberOnChain=1785055688363307
2026-07-27T14:31:15.308Z OK claim_number=359121 claim_id=b4cea208-2310-4ca8-8754-6a245f68084c use=claim fid=FID-29-117658-4 cr=CR6817527383566-4 scheme=SHIF amount=125.00 tx=0xf5890b518fe7139236f5d6bc61bb07db4fd30ce78936fdb77480dec59b9338ed claimNumberOnChain=1785055688363308
2026-07-27T14:31:28.719Z OK claim_number=359122 claim_id=3035331a-fe0b-4b5c-87db-7c70b87c48b6 use=claim fid=FID-29-117658-4 cr=CR1397683465078-1 scheme=SHIF amount=125.00 tx=0x62de2b733a556e5012b8bea8a652e07ba8e98f2a1b7f662d0be08ad4454ef1fa claimNumberOnChain=1785055688363310
2026-07-27T14:31:44.096Z OK claim_number=359123 claim_id=ff3afaf9-2360-4fc8-a482-7d9185d5d172 use=claim fid=FID-29-117658-4 cr=CR4195890425516-8 scheme=SHIF amount=75.00 tx=0xbbbfeeb83f710976f873b58211b0b20c8d99b2c2855bf3f69f68c2f70239002c claimNumberOnChain=1785055688363311
2026-07-27T14:31:49.726Z OK claim_number=359124 claim_id=6f345373-84dc-4dbe-bd4b-2ee3ad21ab69 use=claim fid=FID-29-117658-4 cr=CR4195890425516-8 scheme=SHIF amount=22.50 tx=0xcdb3d260fee9a958bf09706d0d6b88a4da24ec00bec8ba11615edda89862b7cc claimNumberOnChain=1785055688363312
2026-07-27T14:31:55.662Z OK claim_number=359125 claim_id=2b10f98a-44f3-4116-868c-9d4b63c529e0 use=claim fid=FID-20-114807-9 cr=CR5056047364637-7 scheme=SHIF amount=250.00 tx=0xa99030958702dd75bae66ab0c848c09a7ea3323fc0a3f75147a7ff0aeaa26f25 claimNumberOnChain=1785055688363313
2026-07-27T14:32:08.560Z OK claim_number=359126 claim_id=29b28b5e-cf74-461d-93b1-a9134b8263da use=claim fid=FID-29-117658-4 cr=CR4195890425516-8 scheme=SHIF amount=75.00 tx=0xb7ac091ba1397d95d086940131415c041e6216dced26396fb2eee8429311f23b claimNumberOnChain=1785055688363314
2026-07-27T14:32:14.177Z OK claim_number=359127 claim_id=8b3662de-4e87-47e8-8569-3ef4cab8476f use=claim fid=FID-29-117658-4 cr=CR4195890425516-8 scheme=SHIF amount=22.50 tx=0xbef877333eb225262460c0e3e665f8ed7f0af3b7c320546d9538afd1aed5801c claimNumberOnChain=1785055688363315
2026-07-27T14:32:19.812Z OK claim_number=359128 claim_id=d0881ce8-1195-4835-8de1-9a2049ff4492 use=claim fid=FID-20-114807-9 cr=CR3833595302656-5 scheme=SHIF amount=125.00 tx=0xfa4e684309ae4a7958e44e04a155ed3189fa40e3bdb58d93a68a69ed56170461 claimNumberOnChain=1785055688363316
2026-07-27T14:32:32.470Z OK claim_number=359129 claim_id=3295a7da-3d98-4b9f-b3bf-ae62e76c99c7 use=claim fid=FID-29-117658-4 cr=CR0597975760735-8 scheme=SHIF amount=100.00 tx=0x434127fe5def10adfa5cc2a6c2f2c63d8bf6d0bf66a6b0ecba30375dd7bdb58b claimNumberOnChain=1785055688363317
2026-07-27T14:32:40.086Z OK claim_number=359130 claim_id=e8dd0e70-39f2-4a02-9df5-9885c5473c2f use=claim fid=FID-20-114807-9 cr=CR1694122386741-9 scheme=SHIF amount=250.00 tx=0xbc9a682aee0f40ed2f053539398b848ad2de191ecadca22d1f26a158959f26d5 claimNumberOnChain=1785055688363318
2026-07-27T14:32:48.412Z OK claim_number=359131 claim_id=e5ca3b5b-8901-456a-863c-9aecdf0b6c2b use=claim fid=FID-29-117658-4 cr=CR9645760706984-8 scheme=SHIF amount=100.00 tx=0x1977b053f1760c8394f4787a9ee3d1981429f5af1f901e6124d8b1034974b9d8 claimNumberOnChain=1785055688363319
2026-07-27T14:32:54.082Z OK claim_number=359132 claim_id=983ebf4a-f79e-4ac6-b6f1-315ce5bbacf2 use=claim fid=FID-29-117658-4 cr=CR4195890425516-8 scheme=SHIF amount=100.00 tx=0x26b16fc9d629277564eced55f43b095364db3ce6de26bda2741fb78eb4803d48 claimNumberOnChain=1785055688363320
2026-07-27T14:33:01.169Z OK claim_number=359133 claim_id=f91d8ffd-e455-42cb-afe4-462bf5b6487e use=claim fid=FID-29-117658-4 cr=CR3682359994076-2 scheme=SHIF amount=125.00 tx=0x60e9b2e02cbeb3b406e3ee9cf79981de64128dc5a83ddbf0c1d245fa55d8a461 claimNumberOnChain=1785055688363321
2026-07-27T14:33:13.765Z OK claim_number=359134 claim_id=1d2df921-f12a-44c8-bef0-c6a3997e1072 use=claim fid=FID-29-117658-4 cr=CR5741431600340-9 scheme=SHIF amount=100.00 tx=0x7f721b20fdac72d283432a222fe6a68518ac3367058b681b61ec6d891ea7ecb1 claimNumberOnChain=1785055688363322
2026-07-27T14:33:31.806Z OK claim_number=359135 claim_id=49b94418-1d35-41c8-bfb8-5807443e960a use=claim fid=FID-20-114807-9 cr=CR4028487126049-0 scheme=SHIF amount=250.00 tx=0xc10bcff2451cd3e1d424ecadfc50eccf147c0deae5f7ca2480083d65340f00c4 claimNumberOnChain=1785055688363324
2026-07-27T14:33:47.166Z OK claim_number=359136 claim_id=cdbdf6a2-6248-44ae-967f-c516bdafe75f use=claim fid=FID-29-117658-4 cr=CR8706882107674-0 scheme=SHIF amount=100.00 tx=0xc5df6a34acf48169cc807e118b43740059280933f4a557c407bb7d256e2409db claimNumberOnChain=1785055688363325
2026-07-27T14:33:52.881Z OK claim_number=359137 claim_id=4590733f-e2ff-4243-9cf5-4843a053fca7 use=claim fid=FID-20-114807-9 cr=CR2057568739641-8 scheme=SHIF amount=750.00 tx=0x4ca5afc539a8e7cfd70198c04c47847668e81e2ae9ae98c3493d379d9cf8ecdc claimNumberOnChain=1785055688363326
2026-07-27T14:34:10.622Z OK claim_number=359138 claim_id=970e70d2-ec74-453b-81c8-6b59bd497200 use=claim fid=FID-29-117658-4 cr=CR8706882107674-0 scheme=SHIF amount=100.00 tx=0x13c8b37ee5955c44566eb31282ab7d87f648dcfbcbaef883e65ff6f3aaeee0d8 claimNumberOnChain=1785055688363327
2026-07-27T14:34:16.231Z OK claim_number=359139 claim_id=865cff1d-029c-417e-9bfc-c42f82d953c4 use=claim fid=FID-29-117658-4 cr=CR9830561770234-6 scheme=SHIF amount=125.00 tx=0x0edb83aed903e1d536223f7edcba1f6310c69bfa1ab7fd37399de77b66c8d349 claimNumberOnChain=1785055688363328
2026-07-27T14:34:28.792Z OK claim_number=359140 claim_id=3880c499-bd58-46cb-b641-500daa365112 use=claim fid=FID-20-114807-9 cr=CR3159270159254-9 scheme=SHIF amount=375.00 tx=0x1ada7de1daaf84480d344de064b3b47bbeb7c42a54822a30cf73993e5cb0675c claimNumberOnChain=1785055688363330
2026-07-27T14:34:43.676Z OK claim_number=359141 claim_id=adfa7c72-6ffc-4223-b2d1-862df0c1ba89 use=claim fid=FID-29-117658-4 cr=CR8706882107674-0 scheme=SHIF amount=100.00 tx=0xd4a24bed1caf5f9e32a33f4156a770a68ad949dd533391891292d499bbb22656 claimNumberOnChain=1785055688363331
2026-07-27T14:34:57.547Z OK claim_number=359142 claim_id=c0f8fad9-b47e-4036-8af5-370d2bcc28d0 use=claim fid=FID-29-117658-4 cr=CR7400004069070-9 scheme=SHIF amount=100.00 tx=0x1efc56177ec02bed07dfcef3ea886eafda8a48b652cf05d7d37f554ca5bc8c53 claimNumberOnChain=1785055688363332
2026-07-27T14:35:00.491Z OK claim_number=359143 claim_id=108e77cb-0ddb-4205-9780-9f8d3094a00b use=claim fid=FID-20-114807-9 cr=CR1411170562459-5 scheme=SHIF amount=250.00 tx=0x31882eb918e817288f06bf148569cbfc9f2b44ccddbc6afbb4c0bb8e7a5ca339 claimNumberOnChain=1785055688363333
2026-07-27T14:35:23.192Z OK claim_number=359144 claim_id=e0362acd-d358-48ca-ad77-80935c57f760 use=claim fid=FID-29-117658-4 cr=CR8727405005556-7 scheme=SHIF amount=625.00 tx=0xc2c35747f4f95138a2a5c6413540df51bcea0622dabe10a46ef102d9f7fc717a claimNumberOnChain=1785055688363334
2026-07-27T14:35:28.874Z OK claim_number=359145 claim_id=45c35f44-6e2b-4e7a-a3d2-856b346d37c1 use=claim fid=FID-20-114807-9 cr=CR7886817443637-0 scheme=SHIF amount=125.00 tx=0x3a06a1bd800405ebf1e5b777d4d81b3df630e2ca430a65d72dee4e633038f0c0 claimNumberOnChain=1785055688363335
2026-07-27T14:35:41.428Z OK claim_number=359146 claim_id=099cc3c1-d189-4774-bb25-5793520d590b use=claim fid=FID-29-117658-4 cr=CR8727405005556-7 scheme=SHIF amount=625.00 tx=0x07d4642f75322d99916ebd9c6aae147f3ef38daf6e602f06fba2f6b8806a432b claimNumberOnChain=1785055688363336
2026-07-27T14:35:47.291Z OK claim_number=359147 claim_id=4eef464f-4382-49e2-8b3a-64640dcc0a2f use=claim fid=FID-29-117658-4 cr=CR9540625529646-9 scheme=SHIF amount=125.00 tx=0xd3cb36ab788d5202ab1dc0c1b5e13f4d285c04ee682d0033ac45b4746ba16f3a claimNumberOnChain=1785055688363337
2026-07-27T14:35:59.674Z OK claim_number=359148 claim_id=32308245-195d-40b4-b429-d769013b8a62 use=claim fid=FID-29-117658-4 cr=CR8727405005556-7 scheme=SHIF amount=62.50 tx=0x32c56a7a202ac93412da3361f7274da0e6cefcc11fbf45a3ef8bdb4f034a4f2a claimNumberOnChain=1785055688363338
2026-07-27T14:36:05.493Z OK claim_number=359149 claim_id=1a6e2c21-37b0-4538-b1b3-41d4bb93ca1c use=claim fid=FID-29-117658-4 cr=CR8727405005556-7 scheme=SHIF amount=37.50 tx=0x82666e53027a52756942fa4590f09adbe76652962ec5b469e3bcaaa86755ed5a claimNumberOnChain=1785055688363339
2026-07-27T14:36:11.111Z OK claim_number=359150 claim_id=663a2b62-b781-4ab9-a489-6e04f618f367 use=claim fid=FID-29-117658-4 cr=CR4931315877444-3 scheme=SHIF amount=125.00 tx=0xecb2ccb9f7a0c827996122fbc03ad7115ab146ec5ef177e4acc4de12b8ecc472 claimNumberOnChain=1785055688363340
2026-07-27T14:36:23.810Z OK claim_number=359151 claim_id=d0860e33-e978-427c-81fa-14f6531be3fd use=claim fid=FID-29-117658-4 cr=CR8727405005556-7 scheme=SHIF amount=62.50 tx=0x2ec3c4983cf2f1fff5b1f75ce7e2a16692fbb545218f445d8de4cc0fb3422b37 claimNumberOnChain=1785055688363341
2026-07-27T14:36:29.490Z OK claim_number=359152 claim_id=0a8531ba-cc77-4b15-801f-4a5ca381e7e1 use=claim fid=FID-29-117658-4 cr=CR8727405005556-7 scheme=SHIF amount=37.50 tx=0x77eaecfd3ae2d7f5444fad6c6a50f31a7f26933b76a9e6cfa7f935cc4293fd5c claimNumberOnChain=1785055688363343
2026-07-27T14:36:38.649Z OK claim_number=359153 claim_id=22fd34c2-96d1-4720-8314-9974b3035cc5 use=claim fid=FID-29-117658-4 cr=CR8727405005556-7 scheme=SHIF amount=100.00 tx=0x4be822ab40a4a0a8bcad721d6c2905d01a08d861db9ee96310ce0781f737e67d claimNumberOnChain=1785055688363344
2026-07-27T14:36:44.740Z OK claim_number=359154 claim_id=805ca757-5767-4fad-8e29-d0daf2644a80 use=claim fid=FID-20-114807-9 cr=CR2747559135811-2 scheme=SHIF amount=375.00 tx=0xd66cadec171982ca40230ff2959c5387b2a7ac2311b4f69a5197255f4f9ff858 claimNumberOnChain=1785055688363345
2026-07-27T14:36:57.146Z OK claim_number=359155 claim_id=f7c5801f-598c-4363-9110-3907c7ed86ee use=claim fid=FID-29-117658-4 cr=CR0544491251418-9 scheme=SHIF amount=125.00 tx=0x95e256140763084d559e64cb4d3bd953a46069b31df1b2de6ab2ad34067bd596 claimNumberOnChain=1785055688363346
2026-07-27T14:37:09.519Z OK claim_number=359156 claim_id=0a439f61-f861-4f69-99da-6819a77bffac use=claim fid=FID-29-117658-4 cr=CR7400004069070-9 scheme=SHIF amount=100.00 tx=0xf1742bb0a594c90cc85fae8b1b193f21487a2b9899255f0c0df5d44f594f5f26 claimNumberOnChain=1785055688363347
2026-07-27T14:37:15.088Z OK claim_number=359157 claim_id=994a517e-0d25-4b19-9671-a868e5446433 use=claim fid=FID-29-117658-4 cr=CR1719173865679-5 scheme=SHIF amount=125.00 tx=0xf94db23a9db0fc54ed68b576d8b53188718ef10fad4761ac6ca95e91b89b372d claimNumberOnChain=1785055688363348
2026-07-27T14:37:27.816Z OK claim_number=359158 claim_id=aa38ed18-3d5d-4f84-9717-1dd8dad6a456 use=claim fid=FID-29-117658-4 cr=CR3256370334707-4 scheme=SHIF amount=625.00 tx=0xbc7cbcaa116b549f2a79f6ad1325c83c13cee7efb274811fa7379675bac385d9 claimNumberOnChain=1785055688363349
2026-07-27T14:37:41.645Z OK claim_number=359159 claim_id=3a9e1e8b-6f4d-49a9-ad81-d66ec65909e7 use=claim fid=FID-20-114807-9 cr=CR9726264870929-8 scheme=SHIF amount=250.00 tx=0xf7409fb1f72a21bd589e4042ac726cac108c7daf577363cb84efd8d04148bb8a claimNumberOnChain=1785055688363350
2026-07-27T14:37:54.162Z OK claim_number=359160 claim_id=293973ea-c579-4e1f-8010-3709c1617620 use=claim fid=FID-29-117658-4 cr=CR5651214920962-1 scheme=SHIF amount=125.00 tx=0x2420803b535af920fd1764ff9a83017b2f6e3ab90e6f89a71f3745bc5cb0deac claimNumberOnChain=1785055688363351
2026-07-27T14:38:06.845Z OK claim_number=359161 claim_id=c0912fbd-1f98-453c-9a62-21951ceaad76 use=claim fid=FID-29-117658-4 cr=CR3928672760384-2 scheme=SHIF amount=6.25 tx=0x0abe1185c344bfff1fa8ef1b6d89f432126ba7ca141b2b5ae8d900d24efc248a claimNumberOnChain=1785055688363352
2026-07-27T14:38:12.423Z OK claim_number=359162 claim_id=83528f57-4678-41ff-91dc-2732671efbce use=claim fid=FID-20-114807-9 cr=CR8494920971684-6 scheme=SHIF amount=125.00 tx=0x1503b3b26eb08d1d49c94a871a878c7fc40bc3088dab7f68e8e1d3bfa03c155b claimNumberOnChain=1785055688363353
2026-07-27T14:38:24.810Z OK claim_number=359163 claim_id=f65bb0f1-403d-40d5-9b99-53d5fa84b1fc use=claim fid=FID-29-117658-4 cr=CR3928672760384-2 scheme=SHIF amount=6.25 tx=0x9fb8408e1683f3e1b77f237f4b0dfb8c50d116e532ec727ca3f22587ae978644 claimNumberOnChain=1785055688363355
2026-07-27T14:38:32.931Z OK claim_number=359164 claim_id=9b8b9a61-e4c8-4d83-b427-24aad1e38731 use=claim fid=FID-29-117658-4 cr=CR4925764247277-7 scheme=SHIF amount=100.00 tx=0x1d1a7080ced1ff8691ef21d8311e36932ec8014ad2aab91ded78807a808e515f claimNumberOnChain=1785055688363357
2026-07-27T14:38:41.107Z OK claim_number=359165 claim_id=055fff71-7438-43ad-8f98-47ac64befac2 use=claim fid=FID-20-114807-9 cr=CR0874823877224-9 scheme=SHIF amount=125.00 tx=0xfc84b17e9506f2b109177703e140c605c477e9a167154a652f969261229b061b claimNumberOnChain=1785055688363358
2026-07-27T14:38:53.634Z OK claim_number=359166 claim_id=49d46b5e-f43c-42d8-9263-3fbdd24c7ddf use=claim fid=FID-29-117658-4 cr=CR4037947014271-7 scheme=SHIF amount=46.95 tx=0x2ff542b27af727174485171528f9090f715bfb23774814080603295f3c5cad6a claimNumberOnChain=1785055688363359
2026-07-27T14:38:59.292Z OK claim_number=359167 claim_id=69b39f38-a2bd-40d3-90fe-2854b28e1dba use=claim fid=FID-29-117658-4 cr=CR7269048120227-9 scheme=SHIF amount=125.00 tx=0x0ba0964e98bc663a2278d4fe93ecfb24009c95a5d226159a4c3d8708d1e0e20c claimNumberOnChain=1785055688363360
2026-07-27T14:39:11.611Z OK claim_number=359168 claim_id=af68078d-d313-41e6-9209-8a3b551a7257 use=claim fid=FID-29-117658-4 cr=CR4037947014271-7 scheme=SHIF amount=250.00 tx=0x599f5e955df6a6b484792955461312fbf1b3500b21844c0be07b43557e7933bd claimNumberOnChain=1785055688363361
2026-07-27T14:39:17.156Z OK claim_number=359169 claim_id=eb549561-ad5e-4b1f-8e76-5ebbe5cd3b66 use=claim fid=FID-20-114807-9 cr=CR2507536298068-0 scheme=SHIF amount=375.00 tx=0x070f0b00eadca27128491292ee226fe37228bc7c0804bd8db9ad2e7f4fb74aae claimNumberOnChain=1785055688363362
2026-07-27T14:39:29.395Z OK claim_number=359170 claim_id=7977eebd-a10a-4cec-86fb-b40e7efacd00 use=claim fid=FID-29-117658-4 cr=CR4037947014271-7 scheme=SHIF amount=46.95 tx=0xa45e04a0e490b00a6424f579e759b942f300e43d78092f539c3f2d0ea1415c2e claimNumberOnChain=1785055688363363
2026-07-27T14:39:35.011Z OK claim_number=359171 claim_id=02ead876-f24a-4239-b7e7-b51d48bce681 use=claim fid=FID-29-117658-4 cr=CR4037947014271-7 scheme=SHIF amount=250.00 tx=0x7dd9327b8a1abe1fcb843de3c59e75c6e10f0c10189a950177462046b5937a3b claimNumberOnChain=1785055688363364
2026-07-27T14:39:40.669Z OK claim_number=359172 claim_id=bad343b3-39ef-4026-8ad0-64930c06549a use=claim fid=FID-29-117658-4 cr=CR7400584309629-3 scheme=SHIF amount=100.00 tx=0x3f4b26c492ff575067421d98e59dc3270a96d77177107b13117f45c1a873984b claimNumberOnChain=1785055688363365
2026-07-27T14:39:46.367Z OK claim_number=359173 claim_id=c23d528d-f8b4-4a1c-9e0d-09679d71a62b use=claim fid=FID-20-114807-9 cr=CR3695183967702-5 scheme=SHIF amount=875.00 tx=0xc388a2fbc5a98cb49b77f57a15939ae6bdf6102b2fe8a2d9a8d113e7e46c3814 claimNumberOnChain=1785055688363366
2026-07-27T14:40:09.598Z OK claim_number=359174 claim_id=861c6deb-203f-4aa3-b07c-d51ac53d5133 use=claim fid=FID-29-117658-4 cr=CR2342879177628-0 scheme=SHIF amount=125.00 tx=0x33ed11ac1716eb08536d81b78ce355c510258c14220d4582d555d6674022e7f9 claimNumberOnChain=1785055688363367
2026-07-27T14:40:22.196Z OK claim_number=359175 claim_id=a74d212e-08bf-4570-90da-fb89ddbcc71a use=claim fid=FID-29-117658-4 cr=CR7867170655114-0 scheme=SHIF amount=125.00 tx=0xadbd5cc8fcc0de02dae229c2bc2dc745eedb5e61a0041fa47182a62532be1a08 claimNumberOnChain=1785055688363368
2026-07-27T14:40:34.501Z OK claim_number=359176 claim_id=63776802-3ea6-4196-9c34-935d03c7df61 use=claim fid=FID-20-114807-9 cr=CR0520239303192-9 scheme=SHIF amount=375.00 tx=0x62da688417dc9ac69038aeb9d4a785030d0a6407515c863e9f12acb4f92b3141 claimNumberOnChain=1785055688363369
2026-07-27T14:40:46.887Z OK claim_number=359177 claim_id=4f877e82-c6be-4960-a036-338fa75c6077 use=claim fid=FID-29-117658-4 cr=CR9983588097923-8 scheme=SHIF amount=125.00 tx=0x114f2c58af2b3a83092fe8bac4b53fc64bd9939cba76f00df3fd47b01c009b3d claimNumberOnChain=1785055688363370
2026-07-27T14:40:52.540Z OK claim_number=359178 claim_id=cb89de86-4a28-4895-bb4e-2bc3a8494383 use=claim fid=FID-20-114807-9 cr=CR5485329198112-6 scheme=SHIF amount=250.00 tx=0xbaaecf1eb10317f3d340d85caa94f2b02b354cda4c5b520e13578c9a6cdcf815 claimNumberOnChain=1785055688363371
2026-07-27T14:41:04.991Z OK claim_number=359179 claim_id=6b4cd942-3224-4add-9940-6108899186c8 use=claim fid=FID-29-117658-4 cr=CR9983588097923-8 scheme=SHIF amount=125.00 tx=0xb71817df4abbf956e8e717a7739e46cb56a1b1b78fd78a032b44e336aae361c8 claimNumberOnChain=1785055688363372
2026-07-27T14:41:10.606Z SKIP claim_number=359180 claim_id=3ef42654-bc09-45a7-ba7a-4570e72cf1c4 reason=zero_amount claimed_total_raw=0.00
2026-07-27T14:41:10.608Z OK claim_number=359181 claim_id=aa647172-244a-46d5-a40b-0086b87b0705 use=claim fid=FID-29-117658-4 cr=CR9983588097923-8 scheme=SHIF amount=100.00 tx=0xb5310b50d1c961c7568432a45a56e4e00b05e65ef74e7efbd95e4f482e3ce394 claimNumberOnChain=1785055688363373
2026-07-27T14:41:16.202Z OK claim_number=359182 claim_id=d95508f0-b773-4492-a716-b00c358493a1 use=claim fid=FID-29-117658-4 cr=CR9983588097923-8 scheme=SHIF amount=100.00 tx=0x86fff7797f9fb57a7902744f8d4d51a27d401831b469174c4a50964de09ec4c9 claimNumberOnChain=1785055688363374
2026-07-27T14:41:22.145Z OK claim_number=359183 claim_id=0b0a38f8-a265-4623-a5f0-ebb844179072 use=claim fid=FID-29-117658-4 cr=CR9983588097923-8 scheme=SHIF amount=625.00 tx=0xf40b9823dc2bcd0d485d852376604266dfac8ac129c783e1505b96ac8023919d claimNumberOnChain=1785055688363375
2026-07-27T14:41:28.033Z OK claim_number=359184 claim_id=27be3886-6444-42b6-98d1-d5d09d95b628 use=claim fid=FID-29-117658-4 cr=CR9983588097923-8 scheme=SHIF amount=100.00 tx=0xc72bdf011d5999573dd14860050baa873bbb2f17679e5b039a735f3f0963c789 claimNumberOnChain=1785055688363376
2026-07-27T14:41:33.614Z OK claim_number=359185 claim_id=424eb398-772c-495b-a785-ecdf925dbd23 use=claim fid=FID-29-117658-4 cr=CR4637243143342-8 scheme=SHIF amount=125.00 tx=0x0bf7bbfbd92f99dc9629c06d5c15f4a545c5071496430c253aa58a03f2523748 claimNumberOnChain=1785055688363377
2026-07-27T14:41:56.559Z OK claim_number=359186 claim_id=bcbe20ff-5963-43a4-9461-51cfb537da7a use=claim fid=FID-29-117658-4 cr=CR4637243143342-8 scheme=SHIF amount=125.00 tx=0x257e1670d363fd2d3d4bfd26669bf8d4ad097abe24b5f25f4f2e6cc091f1b011 claimNumberOnChain=1785055688363378
2026-07-27T14:42:02.224Z OK claim_number=359187 claim_id=a2eb1bda-0e93-4bde-8a0f-7f68984892f3 use=claim fid=FID-29-117658-4 cr=CR7400584309629-3 scheme=SHIF amount=125.00 tx=0x9f0fe19e9db33050e2a19670535458554b6e47966a3cac396dbc936a750443ee claimNumberOnChain=1785055688363379
2026-07-27T14:42:07.900Z OK claim_number=359188 claim_id=2149cf04-c282-4d89-8bd6-3ddc748c6353 use=claim fid=FID-29-117658-4 cr=CR4332837261684-6 scheme=SHIF amount=125.00 tx=0xf273d0df733d9af3bfd347b72308433be5f8167b9033d446e0dbf86c80d0a428 claimNumberOnChain=1785055688363380
2026-07-27T14:42:30.642Z OK claim_number=359189 claim_id=b3c689b4-92de-42bf-8868-46dcc6f5c5bc use=claim fid=FID-29-117658-4 cr=CR5741431600340-9 scheme=SHIF amount=125.00 tx=0xf2dd057c9dd557c145bca3c8ac0a57bb2e0266e349747c2347fb298a101c3d37 claimNumberOnChain=1785055688363381
2026-07-27T14:42:36.520Z OK claim_number=359190 claim_id=faabb346-48ec-47e6-b32a-d08cb4c249bc use=claim fid=FID-29-117658-4 cr=CR0017318691253-1 scheme=SHIF amount=125.00 tx=0xea0727b9e9bb2997f405b323315f43db56c58bd31b55edbfb0b33b3a59dba30c claimNumberOnChain=1785055688363382
2026-07-27T14:42:59.305Z OK claim_number=359191 claim_id=1fd8eec7-d020-4124-903e-74a724714902 use=claim fid=FID-20-114807-9 cr=CR6164711105276-6 scheme=SHIF amount=250.00 tx=0xdf075e9822253603fb5a15934930554825630d37bd99c25481bc065ba0f9fbee claimNumberOnChain=1785055688363383
2026-07-27T14:43:22.018Z OK claim_number=359192 claim_id=97e8997c-4663-47c9-82b6-36fdd763a6ff use=claim fid=FID-29-117658-4 cr=CR0299296159230-1 scheme=SHIF amount=125.00 tx=0xf6053386de19fbcfc67eb0b21dc88026cd6dbf39ffc71859f5b85f0703b0ea73 claimNumberOnChain=1785055688363384
2026-07-27T14:43:34.375Z OK claim_number=359193 claim_id=03467564-f64a-4086-bc4a-fb2fca5f313f use=claim fid=FID-29-117658-4 cr=BZ29728796-3 scheme=SHIF amount=125.00 tx=0x051711bd2456e2799e45a2df3c82569ef4f04c8cc9c76916fdd61a5432d0a385 claimNumberOnChain=1785055688363385
2026-07-27T14:43:40.095Z OK claim_number=359194 claim_id=4915111b-31a1-439f-83bb-ad121d13120e use=claim fid=FID-29-117658-4 cr=CR4663025627321-5 scheme=SHIF amount=125.00 tx=0xde4215097eafcadcd299e03d73834b313143f7c9e334838991df6133cfe1e782 claimNumberOnChain=1785055688363386
2026-07-27T14:44:03.056Z OK claim_number=359195 claim_id=d9476207-5ae9-43ff-92d8-d032ee473ca4 use=claim fid=FID-29-117658-4 cr=CR0017318691253-1 scheme=SHIF amount=125.00 tx=0x57745c596a967c9eebdd2bc372530931a89fae11904be09c2885aa3e96ea2c04 claimNumberOnChain=1785055688363387
2026-07-27T14:44:08.637Z OK claim_number=359196 claim_id=795623ae-fa17-4be8-97b4-46ec134f1cc6 use=claim fid=FID-29-117658-4 cr=CR7836487289735-2 scheme=SHIF amount=125.00 tx=0x930e1962c9061970c0cc7eb3fee550a37cf8ff920319fb172d3271bcb16748b6 claimNumberOnChain=1785055688363388
2026-07-27T14:44:31.335Z OK claim_number=359197 claim_id=41c4ce03-ced1-4743-b481-65b62011c374 use=claim fid=FID-29-117658-4 cr=CR8527536569303-6 scheme=SHIF amount=125.00 tx=0x0b7d4367112c8b4b5e1fe068714864d340ed57a332da8b69e73757e24736073b claimNumberOnChain=1785055688363390
2026-07-27T14:44:56.353Z OK claim_number=359198 claim_id=84a04666-148f-41c4-bab1-6dd989f486fd use=claim fid=FID-29-117658-4 cr=CR6164711105276-6 scheme=SHIF amount=390.63 tx=0xf11684dadd2e3e7a10a35c84e66f51d96d1f0efad280d310ec476c7f8fc720f9 claimNumberOnChain=1785055688363391
2026-07-27T14:45:01.935Z OK claim_number=359199 claim_id=cf5e1248-0603-4336-bff6-e6762f5250c3 use=claim fid=FID-29-117658-4 cr=CR2864486359059-0 scheme=SHIF amount=125.00 tx=0x63707e1ddf9150c30a72212a179003e99c7b243ad301d347114b9f7cb1864615 claimNumberOnChain=1785055688363392
2026-07-27T14:45:14.246Z OK claim_number=359200 claim_id=3e6b8985-3c02-4343-83ac-6f3a58e0efee use=claim fid=FID-20-114807-9 cr=CR2296472005304-6 scheme=SHIF amount=250.00 tx=0xdb2ff8e6e65e7c3e3b1b8943377ae64ade72e1bd2373cb4d93d9cd80cd3b2f14 claimNumberOnChain=1785055688363393
2026-07-27T14:45:36.997Z OK claim_number=359201 claim_id=2537022d-a4ab-41b7-bc3e-6e5881fc4143 use=claim fid=FID-29-117658-4 cr=CR2747059218312-2 scheme=SHIF amount=125.00 tx=0x84458f9b12e61b26a4b97f0520e1f7d993f8e4785a604ac1f0e3dc6e79ad799a claimNumberOnChain=1785055688363394
2026-07-27T14:45:57.775Z OK claim_number=359202 claim_id=76e4cd0a-9984-4837-a563-e0541cb4c811 use=claim fid=FID-20-114807-9 cr=CR3099491659846-2 scheme=SHIF amount=2593.75 tx=0xf2210615fa53f9c10b61e991fec09b7c036d861dba85ffae1d14a4404b41ec79 claimNumberOnChain=1785055688363395
2026-07-27T14:46:00.464Z OK claim_number=359203 claim_id=9d1c88d6-6362-4a00-bc57-718f2a3e6940 use=claim fid=FID-20-114807-9 cr=CR7938321174287-0 scheme=SHIF amount=375.00 tx=0xcf88f3e71e37e3a67a39943113eebf979226da5951a3fd7f625226bfe5de1dfb claimNumberOnChain=1785055688363397
2026-07-27T14:46:08.680Z OK claim_number=359204 claim_id=8a6f79d6-c1e6-44eb-909b-a15e06837d60 use=claim fid=FID-20-114807-9 cr=CR3110928716711-5 scheme=SHIF amount=375.00 tx=0xb2c34f27e63ba9adb8305aa5525cfbfb34f631b9b4cbab6ed1f7d1140c8c24e3 claimNumberOnChain=1785055688363398
2026-07-27T14:46:14.359Z OK claim_number=359205 claim_id=169275ab-814a-4ff6-9b8d-1eac3bd79391 use=claim fid=FID-20-114807-9 cr=CR6394711733343-6 scheme=SHIF amount=125.00 tx=0x79b7689e364ae651a8ac242a53b8affaf2bf6412afca0bd2f6851e4234757adf claimNumberOnChain=1785055688363399
2026-07-27T14:46:19.965Z OK claim_number=359206 claim_id=a0a39def-e17f-4d97-b4c7-a6c160e1d8ae use=claim fid=FID-29-117658-4 cr=CR6991645469498-5 scheme=SHIF amount=125.00 tx=0x8ad2bb57b23eedcc3702e0a957126da5a62b72624e37eaa3fa264c0b50ac881b claimNumberOnChain=1785055688363400
2026-07-27T14:46:25.669Z OK claim_number=359207 claim_id=91ec092b-7721-406e-ba01-33d7ce70eb02 use=claim fid=FID-20-114807-9 cr=CR7890297198580-8 scheme=SHIF amount=2902.86 tx=0x3d73bd01926f862956c2ff439a8ac35c8e9a72f709bf6ec2861a980350a062ca claimNumberOnChain=1785055688363401
2026-07-27T14:46:44.520Z OK claim_number=359208 claim_id=f4009a0f-9cc7-42af-a304-f2885f2cd7dd use=claim fid=FID-29-117658-4 cr=CR3156232607267-2 scheme=SHIF amount=125.00 tx=0x143aa3c4f0a50a35f246fe5d13cb7001dda708eca5ade9b3126d055680c94d16 claimNumberOnChain=1785055688363402
2026-07-27T14:46:50.210Z OK claim_number=359209 claim_id=e047bcb2-5dca-4f5d-8466-ef3fd6e96378 use=claim fid=FID-20-114807-9 cr=CR9406063951778-4 scheme=SHIF amount=875.00 tx=0xbc5a340e4a0a2871e95e2f932bd00f519c4d674100e550b0f4e4ec39ce7f7549 claimNumberOnChain=1785055688363403
2026-07-27T14:46:55.980Z OK claim_number=359210 claim_id=d368e7ab-1fcf-4181-b92e-50ebacda83e6 use=claim fid=FID-20-114807-9 cr=CR9944025350854-8 scheme=SHIF amount=125.00 tx=0xa1690de1e63ed6afe73bf3339ee1369fd2e0971c6172a2fb3175990b644245f8 claimNumberOnChain=1785055688363404
2026-07-27T14:47:01.645Z OK claim_number=359211 claim_id=93f865e9-98c5-4b64-81b5-43282ac4e03c use=claim fid=FID-20-114807-9 cr=CR3009508243695-6 scheme=SHIF amount=311435.24 tx=0xad8325e61cd241e5d2ecefc979d03e192134475bc08fcd961fc34efefc87de88 claimNumberOnChain=1785055688363405
2026-07-27T14:47:07.264Z OK claim_number=359212 claim_id=ebcc3ce4-426d-4eeb-a547-817a9263547b use=claim fid=FID-20-114807-9 cr=CR0904346950048-8 scheme=SHIF amount=250.00 tx=0x47689e2d4886dd6ccf1be571ce3d163689a3c35446756dfc04873588ae6e6e0d claimNumberOnChain=1785055688363407
2026-07-27T14:47:15.373Z OK claim_number=359213 claim_id=8a86b964-6376-4721-94cf-10837705746b use=claim fid=FID-29-117658-4 cr=CR6183688864153-5 scheme=SHIF amount=125.00 tx=0x8a3c67a1c81854dcdf4cec134a8f4ce84d5e1f211ac960a3f592ee655f2c84b5 claimNumberOnChain=1785055688363408
2026-07-27T14:47:21.111Z OK claim_number=359214 claim_id=9c3888d7-369a-455c-a1f5-f574830a5863 use=claim fid=FID-20-114807-9 cr=CR5783935248467-7 scheme=SHIF amount=250.00 tx=0xaec8a16cc5b48e851e3fa4840aa6cf52c7c939e11b2eaf1d526056f02b9468f2 claimNumberOnChain=1785055688363409
2026-07-27T14:47:26.646Z OK claim_number=359215 claim_id=03119021-bde4-4436-b1a2-de0f5c14d194 use=claim fid=FID-20-114807-9 cr=CR9009599219515-2 scheme=SHIF amount=281.25 tx=0xd1830cd606b4356737e82d1745bff4ab43d3ec4a5bd2cc88d7b2eeb2e7608bc5 claimNumberOnChain=1785055688363410
2026-07-27T14:47:32.271Z OK claim_number=359216 claim_id=c4c3feaa-f1fb-4fc8-af34-79b21f499fe4 use=claim fid=FID-29-117658-4 cr=CR7860562929831-4 scheme=SHIF amount=100.00 tx=0xd0f0c403172f4c7229f6cc0afe81d64bf69e0649094997e10fc591275326f5b8 claimNumberOnChain=1785055688363412
2026-07-27T14:47:40.398Z OK claim_number=359217 claim_id=b0927e04-2fbb-493d-bb5d-633628165075 use=claim fid=FID-29-117658-4 cr=CR4327095730487-9 scheme=SHIF amount=125.00 tx=0x4c42fc19a5c7a74bba756459d3b12a52f7a7686aa23dbd95c2ee282c92206b60 claimNumberOnChain=1785055688363413
2026-07-27T14:47:46.019Z OK claim_number=359218 claim_id=c06636e3-f388-4c44-9639-f71da5a908c7 use=claim fid=FID-29-117658-4 cr=CR3570468280090-0 scheme=SHIF amount=125.00 tx=0x18c1ff7f4563524ab7ffa510b82e50cee6d6468c68daf00410e3c645226fbcf0 claimNumberOnChain=1785055688363414
2026-07-27T14:47:51.669Z OK claim_number=359219 claim_id=b63e646e-0441-452a-83de-2976d07715bb use=claim fid=FID-29-117658-4 cr=BZ21663880-9 scheme=SHIF amount=262.50 tx=0x9a128767b4fe82f85147d1f55c84be5a41e22f44ff0c966425dc98b8f93ddfa0 claimNumberOnChain=1785055688363415
2026-07-27T14:48:09.140Z OK claim_number=359220 claim_id=464c361b-74c8-4ea6-8b02-6c2d427bf22d use=claim fid=FID-29-117658-4 cr=CR4203603176163-7 scheme=SHIF amount=125.00 tx=0x2cbe6b62d9db59521219996993ffe1f307b03b19b132b7428aeba36afd9bed68 claimNumberOnChain=1785055688363416
2026-07-27T14:48:14.779Z OK claim_number=359221 claim_id=6ca61f68-f66e-41e5-8c6d-1edea869e45e use=claim fid=FID-20-114807-9 cr=CR4454134831133-9 scheme=SHIF amount=375.00 tx=0xd358ced031afa99d39ed1011e58173360f0bfb414533a74b9e7f5c4c8385abd4 claimNumberOnChain=1785055688363417
2026-07-27T14:48:20.856Z OK claim_number=359222 claim_id=d7715981-d659-47ba-a98a-0a47fa008d49 use=claim fid=FID-29-117658-4 cr=CR2015958643511-2 scheme=SHIF amount=100.00 tx=0xfa1b9efdb706945ab3e3565a80e5d9f06e1775ab1c119f3fb385e71fe19924a5 claimNumberOnChain=1785055688363418
2026-07-27T14:48:39.101Z OK claim_number=359223 claim_id=012b21b0-89dc-4b25-812d-6f9cd5607649 use=claim fid=FID-29-117658-4 cr=CR0236773778534-1 scheme=SHIF amount=100.00 tx=0x55ba782d4f5f37c2875e931f74decacc592b1390eb7ca0c081dc38b093f563a3 claimNumberOnChain=1785055688363419
2026-07-27T14:49:01.839Z OK claim_number=359224 claim_id=36ca8979-4fd7-4fd0-9c96-8ee22da6522c use=claim fid=FID-29-117658-4 cr=CR6699621974419-5 scheme=SHIF amount=125.00 tx=0x5aa9278f115f6f00f1e511aacc4a9006850cac9d141b16480acaebf0784254ae claimNumberOnChain=1785055688363420
2026-07-27T14:49:07.429Z OK claim_number=359225 claim_id=bb86bdc3-1a58-40b3-ba70-2e55d3ebfaee use=claim fid=FID-20-114807-9 cr=CR5504779330205-0 scheme=SHIF amount=125.00 tx=0xefe482e65d50e30c17185f565c2fe1e290ae99b777104685cac2167b11d72a1c claimNumberOnChain=1785055688363421
2026-07-27T14:49:13.098Z OK claim_number=359226 claim_id=226530c7-bafe-45ab-9100-bda2abb6bdcd use=claim fid=FID-29-117658-4 cr=CR1092666904959-4 scheme=SHIF amount=262.50 tx=0x09e94260f70f4c4f87ff257b0495da881257bd038a279326a04ed7787bdd8646 claimNumberOnChain=1785055688363423
2026-07-27T14:49:33.172Z OK claim_number=359227 claim_id=2af2930f-8b2c-4887-a613-3b6f56d82fb4 use=claim fid=FID-29-117658-4 cr=CR1719173865679-5 scheme=SHIF amount=125.00 tx=0x536fed70e41ee024d513d114ae640ff3e19789989cd08310dc7471f4fd52f5a5 claimNumberOnChain=1785055688363424
2026-07-27T14:49:38.964Z OK claim_number=359228 claim_id=b62f839d-cfdf-4b34-97a7-96ecaccaad42 use=claim fid=FID-29-117658-4 cr=CR1092666904959-4 scheme=SHIF amount=2500.00 tx=0x6842c44c07973373e980a57739e7e8c3d13b2820d9e4bf5e7d78be55f64f24f8 claimNumberOnChain=1785055688363425
2026-07-27T14:49:44.594Z OK claim_number=359229 claim_id=4543174d-9670-4bac-a25d-45e59485a1a6 use=claim fid=FID-29-117658-4 cr=CR3568566160469-6 scheme=SHIF amount=125.00 tx=0x68cd2da4a599995ac547c725dd264a46aa921d274a8e3011e21ba3e2e19f043b claimNumberOnChain=1785055688363426
2026-07-27T14:49:57.036Z OK claim_number=359230 claim_id=de62907a-b304-4e26-b640-a70f174d9f91 use=claim fid=FID-29-117658-4 cr=CR1092666904959-4 scheme=SHIF amount=375.00 tx=0x3c4f2027f6b0630b8c482cb801121d4f0b2c1ff800e2ef8245213882d2550b36 claimNumberOnChain=1785055688363427
2026-07-27T14:50:02.558Z OK claim_number=359231 claim_id=92abdec1-be5d-4596-8ed9-45626eb84f4f use=claim fid=FID-29-117658-4 cr=CR3365182572514-2 scheme=SHIF amount=125.00 tx=0xfd350458ceaa1b258eb94af1f03fadef3ffaa494a49d6e922c3f5f148ebe6a5f claimNumberOnChain=1785055688363428
2026-07-27T14:50:14.906Z OK claim_number=359232 claim_id=cb5b3ba1-a693-454b-8e9e-1c0bae3d1b5a use=claim fid=FID-29-117658-4 cr=CR5571956680586-1 scheme=SHIF amount=12.50 tx=0x02dcbc6db846c23fb8307151c7f9f371e24fff7681e01d0c86a69af6d7209a6b claimNumberOnChain=1785055688363429
2026-07-27T14:50:37.732Z OK claim_number=359233 claim_id=ff115994-301a-427e-aaae-f5ccb652dad0 use=claim fid=FID-29-117658-4 cr=CR5571956680586-1 scheme=SHIF amount=112.50 tx=0x48253d9ef7f676f0a7437a4414646e4215a0b2b969afca41c76965932f298853 claimNumberOnChain=1785055688363430
2026-07-27T14:50:43.338Z OK claim_number=359234 claim_id=f20762ce-7d15-4699-bcc8-7bc39692ad9e use=claim fid=FID-29-117658-4 cr=CR5571956680586-1 scheme=SHIF amount=144.48 tx=0xc50b5581078270cf315df330fccd4f37bbcdf7c3201e8da69f80536769a90afc claimNumberOnChain=1785055688363431
2026-07-27T14:50:48.953Z OK claim_number=359235 claim_id=f47c98ea-cfc8-408f-a453-6f3e7c763ea2 use=claim fid=FID-29-117658-4 cr=CR8399209590753-4 scheme=SHIF amount=125.00 tx=0xa2b52e8e07ca1f3060699a36c09e2125297ee361919e0509857d09321064652e claimNumberOnChain=1785055688363432
2026-07-27T14:51:02.001Z OK claim_number=359236 claim_id=c4c72f15-f32c-4056-9906-86f742706eb4 use=claim fid=FID-29-117658-4 cr=CR5571956680586-1 scheme=SHIF amount=12.50 tx=0x49b9288c1a83993d340a8cab9a5f75efe499c4b12ceeea569851fb7c764315e2 claimNumberOnChain=1785055688363433
2026-07-27T14:51:07.752Z OK claim_number=359237 claim_id=f22a5c1b-8528-4849-8932-bf0942171e9e use=claim fid=FID-29-117658-4 cr=CR5571956680586-1 scheme=SHIF amount=112.50 tx=0x5606bcd5b70aefa7eae7215d3f1d973b829bb8e93f1e63be1cee2f23ad46e5ea claimNumberOnChain=1785055688363434
2026-07-27T14:51:13.318Z OK claim_number=359238 claim_id=c18d1639-1d6a-47f9-937c-089ac74e491d use=claim fid=FID-29-117658-4 cr=CR5571956680586-1 scheme=SHIF amount=144.48 tx=0x3a04f86a41533b0889558276223abd49e78db3949c8adf176a4f2135a38ba894 claimNumberOnChain=1785055688363435
2026-07-27T14:51:19.026Z OK claim_number=359239 claim_id=a8c4faba-ca19-477d-a9ba-b139b7a382a1 use=claim fid=FID-20-114807-9 cr=CR5511066342467-5 scheme=SHIF amount=625.00 tx=0x84dbfea9d51f3b154088d59601e17cc2a3e9433bb77cfe5b0e20e7c1cc1ca028 claimNumberOnChain=1785055688363436
2026-07-27T14:51:31.475Z OK claim_number=359240 claim_id=60bab656-25d9-4e8f-a923-069ae635bea9 use=claim fid=FID-29-117658-4 cr=CR4798182882885-6 scheme=SHIF amount=10.00 tx=0xe9fd7d3e5713eb2a213fe00b9aa0e731949a6277aecda008630800e25a476a99 claimNumberOnChain=1785055688363437
2026-07-27T14:51:54.761Z OK claim_number=359241 claim_id=a7f582c6-1c70-4830-b08b-2e7669b873f8 use=claim fid=FID-20-114807-9 cr=CR4822910493181-5 scheme=SHIF amount=625.00 tx=0x895df48dde68e0d8e4a011f7dfbc7a7d3697df73f1c27a838b30e8e7384ab000 claimNumberOnChain=1785055688363438
2026-07-27T17:55:19.259Z SKIP claim_number=359242 claim_id=1fd9cea9-5f70-4dba-99ce-72b5ad7e0a15 reason=zero_amount claimed_total_raw=0.00
2026-07-27T17:55:42.283Z DUP claim_number=359243 claim_id=421327e8-53c6-464d-9adb-54e856ba4010 use=claim note=already_on_chain
2026-07-27T17:55:53.891Z OK claim_number=359244 claim_id=fe77151d-29f6-4307-bf70-33ac8f796f1f use=claim fid=FID-29-117658-4 cr=CR4199394261218-7 scheme=SHIF amount=100.00 tx=0xf52ab95752df29adec7b077c3b82864269fe9e6e58ef66a205ee07f2da47479d claimNumberOnChain=1785055688363440
2026-07-27T17:56:06.913Z OK claim_number=359245 claim_id=da8bf2e0-1be6-42e0-84bd-8ddd4d7f7d69 use=claim fid=FID-20-114807-9 cr=CR6582670457752-2 scheme=SHIF amount=375.00 tx=0x69194b58203c0333a03c9b2561050b30aea06cadd700b2e75b2d28e43d4aa5a7 claimNumberOnChain=1785055688363441
2026-07-27T17:56:19.319Z OK claim_number=359246 claim_id=68a5c502-a2c8-48a3-be3f-dd002398996a use=claim fid=FID-29-117658-4 cr=CR4199394261218-7 scheme=SHIF amount=100.00 tx=0x763d8059f645b11a9bbe97aa1108d0f7ecc6cf4eed9c562b8b5d37e87e9fb6d8 claimNumberOnChain=1785055688363442
2026-07-27T17:56:24.953Z OK claim_number=359247 claim_id=a408c141-f58d-421e-8b86-f51491bd5a7b use=claim fid=FID-29-117658-4 cr=CR1262412729756-0 scheme=SHIF amount=125.00 tx=0xd462d4f74228cbc5c5cde9f60ddbf9895b5508dd10fb269e3ea8a6c5e1ad63ef claimNumberOnChain=1785055688363443
2026-07-27T17:56:37.516Z OK claim_number=359248 claim_id=83b0dd85-1cd2-43b0-bbef-08831a4059ff use=claim fid=FID-29-117658-4 cr=CR9639951692725-4 scheme=SHIF amount=10000.00 tx=0x7f1a3406bf465fcc9d4724f8c1991580060570f902b57fcfac3e1b3a05d9b742 claimNumberOnChain=1785055688363444
2026-07-27T17:57:00.780Z OK claim_number=359249 claim_id=c62923b7-7d45-4c7f-b334-78382158dd25 use=claim fid=FID-20-114807-9 cr=CR3893579860597-6 scheme=SHIF amount=406.25 tx=0xf5a9c8c2fe400d98f41baa8e309dd6a0c2bc52e5e4c177ae9c18c6a4fcd0b34f claimNumberOnChain=1785055688363445
2026-07-27T17:57:20.248Z OK claim_number=359250 claim_id=63f924ff-2b8f-40d4-8a86-270c9de0304f use=claim fid=FID-29-117658-4 cr=CR4457080300364-4 scheme=SHIF amount=100.00 tx=0xe3c775823e7dd52bfe1477f95f41e6e2d779b94710e15ede8ddcf5c2f31e1ab5 claimNumberOnChain=1785055688363446
2026-07-27T17:57:25.789Z OK claim_number=359251 claim_id=8cd8a945-8b87-41e3-ae7e-8edf5381c566 use=claim fid=FID-29-117658-4 cr=CR7335961151003-0 scheme=SHIF amount=125.00 tx=0x9db2bd79ad4580eff645773596b6f2f924bccecc3480b50e6cbbfaa060e64cbd claimNumberOnChain=1785055688363447
2026-07-27T17:57:38.236Z OK claim_number=359252 claim_id=d4b02d8b-2a74-40cb-a9a9-6286e5d1d50a use=claim fid=FID-29-117658-4 cr=CR0587521523759-0 scheme=SHIF amount=300.00 tx=0xdf748c2873981bfd84698128468261307b1d8d94ddc710de61e7fb2054880c4d claimNumberOnChain=1785055688363448
2026-07-27T17:58:03.325Z OK claim_number=359253 claim_id=6731544c-9d65-4910-b3aa-90c3f2b9daad use=claim fid=FID-20-114807-9 cr=CR5302049122282-3 scheme=SHIF amount=500.00 tx=0xff8304d0b944bf812ad53dbd5349439932221f4d090df9acd3eb7d455aebd9d0 claimNumberOnChain=1785055688363449
2026-07-27T17:58:16.755Z OK claim_number=359254 claim_id=6a38c98d-cc90-4f52-9089-10fe1524c7fc use=claim fid=FID-29-117658-4 cr=CR4199394261218-7 scheme=SHIF amount=625.00 tx=0xb9fc20f2c55fa789fa2f45fb46a1beabdbd779c6f6394a591ed202936267f841 claimNumberOnChain=1785055688363450
2026-07-27T17:58:22.581Z OK claim_number=359255 claim_id=86329fe7-d032-4843-9939-c40170a8ec7c use=claim fid=FID-29-117658-4 cr=CR3647888897862-5 scheme=SHIF amount=125.00 tx=0x4441cf2774700ea9e17f9debae8c045d8d8210a96552be4cf56320d503550529 claimNumberOnChain=1785055688363451
2026-07-27T17:58:38.110Z OK claim_number=359256 claim_id=d3c3b680-d2c0-4881-86d9-7d455b28e66f use=claim fid=FID-29-117658-4 cr=CR7400004069070-9 scheme=SHIF amount=100.00 tx=0x47b5206d2650afc8a07829e075241a7c0f61af3305f4025c8d1415fbb2654ab4 claimNumberOnChain=1785055688363452
2026-07-27T17:58:43.871Z OK claim_number=359257 claim_id=83f74d91-a02c-4a7d-9546-eeaa8bf597e0 use=claim fid=FID-29-117658-4 cr=CR4457080300364-4 scheme=SHIF amount=500.00 tx=0x2c4d6d95c17b1bf0aebb09a48cb83857a76686c77b6f8b5bce85513961e8de4f claimNumberOnChain=1785055688363453
2026-07-27T17:58:49.522Z OK claim_number=359258 claim_id=98d241b5-c899-4442-a2f4-e8a339ca29c8 use=claim fid=FID-20-114807-9 cr=CR0490642972285-2 scheme=SHIF amount=250.00 tx=0xc26652407d98d05bf465eb7cc3e58593624535ed4f8a9a4eebae8f65318e3200 claimNumberOnChain=1785055688363454
2026-07-27T17:59:04.759Z OK claim_number=359259 claim_id=c1debed9-a298-4c7f-a3a8-1267f94f0193 use=claim fid=FID-20-114807-9 cr=CR6034562285614-5 scheme=SHIF amount=937.60 tx=0xdec6a432ee05438fcb8b01b06a78fc6ceba03fc05b019eec7b74907968c11523 claimNumberOnChain=1785055688363455
2026-07-27T17:59:17.853Z OK claim_number=359260 claim_id=e84c9cab-75ac-4c0a-8417-881a7d8f047f use=claim fid=FID-29-117658-4 cr=CR9645760706984-8 scheme=SHIF amount=100.00 tx=0x6de6d36f4f99ca488a5cd4fcaf027335fed2eb88557c07ab76e9f298da81391b claimNumberOnChain=1785055688363457
2026-07-27T17:59:28.410Z OK claim_number=359261 claim_id=352c0229-acde-43e3-8beb-258d44e50687 use=claim fid=FID-20-114807-9 cr=CR8024145251677-4 scheme=SHIF amount=1717.50 tx=0x39a411650af3f754a09e4d77be78b38f2c3d077746442a2972d1b95149f1c996 claimNumberOnChain=1785055688363458
2026-07-27T17:59:54.338Z OK claim_number=359262 claim_id=207dc89f-a6b4-484f-92b0-0852fbf5a28e use=claim fid=FID-29-117658-4 cr=CR9645760706984-8 scheme=SHIF amount=125.00 tx=0x66f47cf676260ea1d66db4fb0c3e080ba09f2fa384f5bca539bf295bb207aa68 claimNumberOnChain=1785055688363459
2026-07-27T18:00:00.770Z OK claim_number=359263 claim_id=0521c133-34d1-4d94-8d6d-503761b7c6cb use=claim fid=FID-29-117658-4 cr=CR7493002867781-7 scheme=SHIF amount=125.00 tx=0xeff3b92174a8f861af4e96c8e5fd580d4c0db3838b1436e569f0010e06282f84 claimNumberOnChain=1785055688363460
2026-07-27T18:00:17.178Z OK claim_number=359264 claim_id=228b3a26-cda4-4aa8-8d9e-4b9712b671de use=claim fid=FID-29-117658-4 cr=CR7860562929831-4 scheme=SHIF amount=1312.50 tx=0x7e5f01fb131d211ac7aaa7f55abdc5d131152316ae900988979c960c82b81e8d claimNumberOnChain=1785055688363461
2026-07-27T18:00:23.839Z OK claim_number=359265 claim_id=8ddc1d12-0326-4195-b7ea-5fb11677b197 use=claim fid=FID-29-117658-4 cr=CR7860562929831-4 scheme=SHIF amount=218.75 tx=0x2d4e5645c0d08ebbb277de9d0974d520f1fd7e6ff8002926f5c3d69cc90adc35 claimNumberOnChain=1785055688363462
2026-07-27T18:00:29.564Z OK claim_number=359266 claim_id=82026b07-8a47-41c9-a843-3f913eb42803 use=claim fid=FID-29-117658-4 cr=CR7860562929831-4 scheme=SHIF amount=34.40 tx=0x4552b6832ecdb0138017802eb310d2dc85846a9df439362b6c0c4cbc541706be claimNumberOnChain=1785055688363463
2026-07-27T18:00:35.804Z OK claim_number=359267 claim_id=6d95e4d2-6125-4ecc-88ec-6898a25636c7 use=claim fid=FID-20-114807-9 cr=CR1793503821199-4 scheme=SHIF amount=312.50 tx=0xfb81b81287c3117a711d0d0eed0204218e23ae69042db157012b6d5e9a78eff0 claimNumberOnChain=1785055688363464
2026-07-27T18:00:55.720Z OK claim_number=359268 claim_id=c1b397fa-44b3-4478-9f63-659eceb93872 use=claim fid=FID-29-117658-4 cr=CR7860562929831-4 scheme=SHIF amount=1312.50 tx=0x123fb3347074600f12e5d6b5a0b9dd27f09b8be312bc8f3144acc6388cbb06af claimNumberOnChain=1785055688363465
2026-07-27T18:01:01.920Z OK claim_number=359269 claim_id=57cbc604-a955-415a-bbe0-a99447782d9b use=claim fid=FID-29-117658-4 cr=CR9960366823238-0 scheme=SHIF amount=125.00 tx=0x230016bc49abd047c431947ac14be6fb6e0e5da280b089d9d24c616353bdf6df claimNumberOnChain=1785055688363466
2026-07-27T18:01:16.679Z OK claim_number=359270 claim_id=a87bbeab-38b8-419b-955b-616aa385a137 use=claim fid=FID-29-117658-4 cr=CR7860562929831-4 scheme=SHIF amount=218.75 tx=0xccb7a8a69870697340b657675828eac6287e4ba4fed680f1ea9ce3d7b2e9ab5e claimNumberOnChain=1785055688363467
2026-07-27T18:01:23.641Z OK claim_number=359271 claim_id=c76a4208-1d3b-48e4-a4f0-545f9f2675de use=claim fid=FID-29-117658-4 cr=CR7860562929831-4 scheme=SHIF amount=34.40 tx=0xf8a431282b639c79770b32c48af476eb16804e6cc278cf7b802ecb0a8d82170d claimNumberOnChain=1785055688363469
2026-07-27T18:01:34.479Z OK claim_number=359272 claim_id=718fb6e5-6862-49ce-886e-3727a030b0c1 use=claim fid=FID-29-117658-4 cr=BZ22334289-0 scheme=SHIF amount=250.00 tx=0x9d8efa28a1b2d976695786a8302f4286d9b93653099428f0ca5655596d393956 claimNumberOnChain=1785055688363470
2026-07-27T18:01:41.634Z OK claim_number=359273 claim_id=1df43adc-080c-44c8-a6f4-0cc9da4947d6 use=claim fid=FID-29-117658-4 cr=BZ22334289-0 scheme=SHIF amount=192.64 tx=0x0ec629f1f7a56f22e9a267d4553b32dcb1efdc0df0a6078db4fcce8a63e04dd6 claimNumberOnChain=1785055688363471
2026-07-27T18:01:47.695Z OK claim_number=359274 claim_id=83f9f5d7-32b7-4bce-81ee-414e61b858d5 use=claim fid=FID-20-114807-9 cr=CR6768517341770-3 scheme=SHIF amount=500.00 tx=0xf93eef141b0274a2e31127329b6a503b439ddf3794d211c833801ed725acb105 claimNumberOnChain=1785055688363472
2026-07-27T18:02:10.053Z OK claim_number=359275 claim_id=f08adc57-2516-4dea-8efb-0cca5747a13c use=claim fid=FID-29-117658-4 cr=BZ22334289-0 scheme=SHIF amount=192.64 tx=0x1c08e975829de66d4967e6bb7d060fa52ece06dda20d6798dfbdf0f793e29fe0 claimNumberOnChain=1785055688363473
2026-07-27T18:02:16.432Z OK claim_number=359276 claim_id=8b13a18d-42b4-4e76-99ce-74a3633d2b6e use=claim fid=FID-20-114807-9 cr=CR0117124391153-7 scheme=SHIF amount=125.00 tx=0x340cd6a4624272a51a3f4693221072c9c74a367b98539ab5c8a55640b0563668 claimNumberOnChain=1785055688363474
2026-07-27T18:02:29.948Z OK claim_number=359277 claim_id=4c22deb9-4cce-4de0-ac38-7268055b6442 use=claim fid=FID-29-117658-4 cr=BZ22334289-0 scheme=SHIF amount=250.00 tx=0xd2520e64eb2e6bb43b833fbb9450626adc2fedd8718e0a6fb4f5e176fb37a994 claimNumberOnChain=1785055688363475
2026-07-27T18:02:35.546Z OK claim_number=359278 claim_id=7f0ca613-3485-484f-b908-791a65b665f2 use=claim fid=FID-20-114807-9 cr=CR9140997845068-0 scheme=SHIF amount=500.00 tx=0x3c4e537b9de3375ad20206d1b858b8919aaa89dfdcbee3274704a1fcdfdb26e1 claimNumberOnChain=1785055688363476
2026-07-27T18:02:53.593Z OK claim_number=359279 claim_id=a5b28671-53c6-42d5-a455-261ad611d4bd use=claim fid=FID-29-117658-4 cr=BZ22334289-0 scheme=SHIF amount=192.64 tx=0x3334b3fc318618b0365df1af9f71b092f2b18cd4831ce8e89fa064803e2ca551 claimNumberOnChain=1785055688363478
2026-07-27T18:03:02.319Z OK claim_number=359280 claim_id=6ff34942-79bf-4377-985d-ce55f7cd8f11 use=claim fid=FID-29-117658-4 cr=BZ22334289-0 scheme=SHIF amount=250.00 tx=0xf07e7a9fa7896d016e25a9354e6660fb53c641d0c6481267d410be94f34999de claimNumberOnChain=1785055688363480
2026-07-27T18:03:10.298Z OK claim_number=359281 claim_id=fa943128-0eec-4517-8222-6b37cefa30fe use=claim fid=FID-29-117658-4 cr=BZ22334289-0 scheme=SHIF amount=192.64 tx=0x3460d84f2d7765f9516518f9b7a38e32b4e12bb84da42d0d5de72c21787264a8 claimNumberOnChain=1785055688363481
2026-07-27T18:03:15.959Z OK claim_number=359282 claim_id=5308c945-b0ae-4c7d-91f7-b533e3f917f2 use=claim fid=FID-20-114807-9 cr=CR8681621644407-6 scheme=SHIF amount=500.00 tx=0x81d1190e9b46e947ac8c4e5611bc00fe25c87ff272356f1cb4eaacf4a46e4f0b claimNumberOnChain=1785055688363482
2026-07-27T18:03:28.236Z OK claim_number=359283 claim_id=6d82a54c-29c4-4809-8e4a-f55bd0c1d24e use=claim fid=FID-29-117658-4 cr=BZ22334289-0 scheme=SHIF amount=250.00 tx=0x8f8c75262c50059da2dc2b01b438889a70981e0d0559e0aa2239ff0981dafdbf claimNumberOnChain=1785055688363483
2026-07-27T18:03:34.039Z OK claim_number=359284 claim_id=e1d7f7b7-dfef-444d-a41c-81761287f454 use=claim fid=FID-29-117658-4 cr=BZ22334289-0 scheme=SHIF amount=192.64 tx=0x8745aba713e7d3c2e91a35ebe7fcae968ea55623d120b9a6b241c45627ce5148 claimNumberOnChain=1785055688363484
2026-07-27T18:03:39.580Z OK claim_number=359285 claim_id=1d0ae053-ef2c-4eac-bab3-ab5cc8e2178e use=claim fid=FID-20-114807-9 cr=CR5144953313473-2 scheme=SHIF amount=250.00 tx=0xed77923d6f7a6139f4053ca5992d1177ae86e6a949fdc4c9a8ff01912774fe8a claimNumberOnChain=1785055688363485
2026-07-27T18:03:51.960Z OK claim_number=359286 claim_id=4ef3a1e5-e1ef-4cc5-b2b9-c86d48e94610 use=claim fid=FID-29-117658-4 cr=BZ22334289-0 scheme=SHIF amount=250.00 tx=0xed499f3b2dbbdfd381a98de04f50395fbbaa24db063a9fd93c674b2bde851b78 claimNumberOnChain=1785055688363486
2026-07-27T18:03:57.609Z OK claim_number=359287 claim_id=e8c9741d-22bb-49a9-822e-362376339b8f use=claim fid=FID-29-117658-4 cr=BZ22334289-0 scheme=SHIF amount=192.64 tx=0x51409a0bc38fbd3dd911fba4015ec2d9998531f3646d04a0ad3db48035b025b3 claimNumberOnChain=1785055688363487
2026-07-27T18:04:03.512Z OK claim_number=359288 claim_id=a6972090-c321-484e-b8e6-0a66b71b0a23 use=claim fid=FID-20-114807-9 cr=CR4500821609157-4 scheme=SHIF amount=250.00 tx=0x0745e39fc24cf51c0dcd2aad44cba9c406868fdc86e66eee8952d72202ace900 claimNumberOnChain=1785055688363488
2026-07-27T18:04:15.724Z OK claim_number=359289 claim_id=89b12967-5728-4302-8a37-f5db53370d4d use=claim fid=FID-29-117658-4 cr=BZ22334289-0 scheme=SHIF amount=250.00 tx=0x1501da18a3cfbdc27a612d9fefb71284a46a4a679ad2368c0e5e154cfdbcd2fe claimNumberOnChain=1785055688363489
2026-07-27T18:04:21.531Z OK claim_number=359290 claim_id=ae2ef4b5-fc68-4097-8011-47990e5bdd32 use=claim fid=FID-20-114807-9 cr=CR3869962737281-6 scheme=SHIF amount=125.00 tx=0x18db3603933d9df9d26cd484e06472b8588564abbbd9355aace4fc843c4673ff claimNumberOnChain=1785055688363490
2026-07-27T18:04:30.195Z OK claim_number=359291 claim_id=6e37266f-7e7d-4792-ac90-702bc41179c1 use=claim fid=FID-29-117658-4 cr=BZ22334289-0 scheme=SHIF amount=192.64 tx=0x592f76e847907d4a13bd94d3a6dbc4df0e9cf9b92cd405a2a24d2727bb77c383 claimNumberOnChain=1785055688363491
2026-07-27T18:04:36.326Z OK claim_number=359292 claim_id=78b63c5f-34f7-44c1-8f3f-4d001757d27f use=claim fid=FID-29-117658-4 cr=BZ22334289-0 scheme=SHIF amount=250.00 tx=0x2614d5b9fcc34cfb3c4637faba66169603eea2c94235413a2fb1978468348f39 claimNumberOnChain=1785055688363492
2026-07-27T18:04:41.872Z OK claim_number=359293 claim_id=57089224-7fb8-4aa6-b5e6-c53e4bef6018 use=claim fid=FID-29-117658-4 cr=CR9504145049679-4 scheme=SHIF amount=125.00 tx=0x1685fd1928bc812c70f8a2f072f575654fb563a05569e8764b954bc8e3140a52 claimNumberOnChain=1785055688363493
2026-07-27T18:04:54.222Z OK claim_number=359294 claim_id=802d6fca-2606-44b9-99e3-28ab07c4fc94 use=claim fid=FID-29-117658-4 cr=BZ30970942-6 scheme=SHIF amount=625.00 tx=0x1158eeecbd4e9d7a568f5f33935d4267c52795010470334e5c5441eafe144dcb claimNumberOnChain=1785055688363494
2026-07-27T18:04:59.796Z OK claim_number=359295 claim_id=0cb33655-426a-4a07-91f0-5980310892c3 use=claim fid=FID-20-114807-9 cr=CR7878820295651-4 scheme=SHIF amount=125.00 tx=0x33a1bced90bbae538bdd210a71236a7e06bbd08122757ec0d5b1f1d95de7594f claimNumberOnChain=1785055688363495
2026-07-27T18:05:12.087Z OK claim_number=359296 claim_id=a6d347ef-49e2-4522-a9be-72b47f78712e use=claim fid=FID-29-117658-4 cr=CR7860562929831-4 scheme=SHIF amount=1500.00 tx=0xe8074c8c2db72d48ff0aa8dd317ed01597c036ae3328c3fd6e6492616c16599d claimNumberOnChain=1785055688363496
2026-07-27T18:05:17.624Z SKIP claim_number=359297 claim_id=a707cec7-db05-4c71-a320-6293fcccd602 reason=zero_amount claimed_total_raw=0.00
2026-07-27T18:05:17.627Z OK claim_number=359298 claim_id=be33a6d9-df1f-4272-a736-71365ef10013 use=claim fid=FID-20-114807-9 cr=CR9849693605190-1 scheme=SHIF amount=125.00 tx=0xf1923d5c06229b68663952afe06937eb2bac9235e0738e7fb5725377add70a1d claimNumberOnChain=1785055688363497
2026-07-27T18:05:29.898Z OK claim_number=359299 claim_id=2571b084-4559-4746-a742-2f02151feb06 use=claim fid=FID-29-117658-4 cr=CR9645760706984-8 scheme=SHIF amount=250.00 tx=0x12be5abffe58c71f9f863199b47c3de39ada56cfbf1e19a23ec38bee29926617 claimNumberOnChain=1785055688363498
2026-07-27T18:05:35.545Z OK claim_number=359300 claim_id=a97fa239-c12d-4daf-afe3-db7448203c35 use=claim fid=FID-20-114807-9 cr=CR5751073959847-7 scheme=SHIF amount=137.50 tx=0xd13281dd3d02292359b60a6796ddefc6b6ff39f3f00b7ad3c59e39e3f46febd7 claimNumberOnChain=1785055688363499
2026-07-27T18:05:47.886Z OK claim_number=359301 claim_id=077716ae-bde6-49e9-ac04-01717bf6bdfd use=claim fid=FID-29-117658-4 cr=CR9645760706984-8 scheme=SHIF amount=250.00 tx=0xce19d547c92cb2fdf04ae439708c8b08aa02db84645ad1f213cdee6cf74158fc claimNumberOnChain=1785055688363500
2026-07-27T18:05:53.517Z OK claim_number=359302 claim_id=ea403ae6-036c-47de-8ec0-31f6fbe98da0 use=claim fid=FID-20-114807-9 cr=CR8086227761940-0 scheme=SHIF amount=137.50 tx=0xbbc825b45250be9f19060b6a76f07528cadbd1226dcdb028b72a42eeb19c5617 claimNumberOnChain=1785055688363501
2026-07-27T18:06:05.871Z OK claim_number=359303 claim_id=a253559f-8015-4b77-bb83-8a05c32e67ab use=claim fid=FID-29-117658-4 cr=BZ29728796-3 scheme=SHIF amount=100.00 tx=0x9858b946575694d7d6d7f26b0fdd5db59a9dba798f64e9f29dac3044a49b4f54 claimNumberOnChain=1785055688363502
2026-07-27T18:06:11.491Z OK claim_number=359304 claim_id=c0fbc9b8-aa6a-4bcd-a187-5836d251fdc7 use=claim fid=FID-20-114807-9 cr=CR4448808292546-2 scheme=SHIF amount=125.00 tx=0x5701aa72f8eee41c12362873fa92bad700ca8c29954164ed52cf5c8eb3ad0590 claimNumberOnChain=1785055688363503
2026-07-27T18:06:23.891Z OK claim_number=359305 claim_id=035a97dd-582f-4fcd-8060-e2c4d3132b12 use=claim fid=FID-29-117658-4 cr=CR7400004069070-9 scheme=SHIF amount=250.00 tx=0x87bc3bc51be3e656f540fc1aa539f149a202443a2b1db3b965cdfc41ad538a1e claimNumberOnChain=1785055688363504
2026-07-27T18:06:29.460Z OK claim_number=359306 claim_id=c0f5365b-f240-445a-b557-0a195ea59a56 use=claim fid=FID-20-114807-9 cr=CR4870599549390-8 scheme=SHIF amount=250.00 tx=0xd234f99d368d92f6b86cd96098a5c3b565e1341ee5619135912a25ecddd3d555 claimNumberOnChain=1785055688363505
2026-07-27T18:06:42.061Z OK claim_number=359307 claim_id=79447c8d-ee40-49b2-9836-edf249089a6d use=claim fid=FID-29-117658-4 cr=CR7400004069070-9 scheme=SHIF amount=250.00 tx=0x18d708394b92ba6c9e60498343c4af6ab3b6708b11f4670e2f273a6726f8dee6 claimNumberOnChain=1785055688363506
2026-07-27T18:06:47.667Z OK claim_number=359308 claim_id=3d6fb6a1-1374-4b74-b492-8159528c2208 use=claim fid=FID-29-117658-4 cr=CR7400004069070-9 scheme=SHIF amount=375.00 tx=0x2f0f8352c8da31c24d451ffdf97b18bed960d7c4ce33a592f5500a5ee8e0c799 claimNumberOnChain=1785055688363507
2026-07-27T18:06:53.319Z OK claim_number=359309 claim_id=ebd36c6d-1718-4f76-9d8e-d0da2cca054e use=claim fid=FID-29-117658-4 cr=CR7400004069070-9 scheme=SHIF amount=250.00 tx=0x9affa0f5d54fbfd0b671c173f2f6c9b663d7c1c0cc5b5c7a3fe1f19f9f5a8f3f claimNumberOnChain=1785055688363508
2026-07-27T18:06:58.962Z OK claim_number=359310 claim_id=bdd75f45-d74b-421a-a1d0-fe86d47901d1 use=claim fid=FID-20-114807-9 cr=CR3147426302425-4 scheme=SHIF amount=750.00 tx=0x462ddb4ee8555f96da5ea3e862342862bcc511bc99161da6df307374b77b91a1 claimNumberOnChain=1785055688363509
2026-07-27T18:07:12.839Z OK claim_number=359311 claim_id=fb88e798-1227-4a55-8010-ef7ac5375ecf use=claim fid=FID-29-117658-4 cr=CR7400004069070-9 scheme=SHIF amount=250.00 tx=0x2ed372c37ce7cb04305ac8b727db4685ab2b55565dbd102d61fa1eb728a19deb claimNumberOnChain=1785055688363510
2026-07-27T18:07:18.710Z OK claim_number=359312 claim_id=99398b70-f5f0-4e0a-98c7-196be392e164 use=claim fid=FID-29-117658-4 cr=CR7400004069070-9 scheme=SHIF amount=375.00 tx=0x982fa1ecde61e10fc08e246f3099187d78b2e47c6c6a22e4875e3443f5534b43 claimNumberOnChain=1785055688363511
2026-07-27T18:07:24.293Z OK claim_number=359313 claim_id=741a3913-d8cd-4941-9a94-1a76b60c16b8 use=claim fid=FID-29-117658-4 cr=CR9326665668265-5 scheme=SHIF amount=125.00 tx=0x54eeb22b58aaf4f1a3f8e8b42a9f80710eec6bbb74c925459a2bb2d549c2b0ac claimNumberOnChain=1785055688363512
2026-07-27T18:07:36.760Z OK claim_number=359314 claim_id=1dd111a6-2108-4556-acf1-a75060a72883 use=claim fid=FID-29-117658-4 cr=CR2160817833121-1 scheme=SHIF amount=100.00 tx=0xe34a05535bd064b0b04eec8270e62e2a587f4ee4875fb1a428fbbec7bfe10985 claimNumberOnChain=1785055688363513
2026-07-27T18:07:42.374Z OK claim_number=359315 claim_id=8f30e776-2433-442e-83ab-d782e42026f3 use=claim fid=FID-20-114807-9 cr=CR1737059904993-2 scheme=SHIF amount=1625.00 tx=0x6637d4d76595a5a05028f5429af50480d983b56c644e0ac1c045145b8f2dbd21 claimNumberOnChain=1785055688363514
2026-07-27T18:07:55.340Z OK claim_number=359316 claim_id=70acaa8b-d904-4c22-8ba2-33bafd7ab139 use=claim fid=FID-29-117658-4 cr=CR7400004069070-9 scheme=SHIF amount=100.00 tx=0xe79d3a347f886eee4f664fd60b4d9f260f6f90fb02c902b4710087b79dba8964 claimNumberOnChain=1785055688363515
2026-07-27T18:08:01.028Z OK claim_number=359317 claim_id=3b29eff5-6f09-4d93-82c2-76df57731d36 use=claim fid=FID-20-114807-9 cr=CR6313175919980-7 scheme=SHIF amount=125.00 tx=0x3da137291eec7304fe82de6eccbc6ef6bcff38df0712d2eed5f3713e85c2756d claimNumberOnChain=1785055688363516
2026-07-27T18:08:13.349Z OK claim_number=359318 claim_id=3aa07352-9e26-4807-b8c2-435f5475392a use=claim fid=FID-29-117658-4 cr=CR7400004069070-9 scheme=SHIF amount=100.00 tx=0xc2a75b92407621657ec3aff418c1fc037290cd0c3c98312ef45be27898738ccd claimNumberOnChain=1785055688363517
2026-07-27T18:08:19.043Z OK claim_number=359319 claim_id=5fa3eaf6-13c8-4cd3-b03a-35eff70d5cbb use=claim fid=FID-29-117658-4 cr=CR2160817833121-1 scheme=SHIF amount=100.00 tx=0x2f71d6097184f3af7f986bfe62488164e2f8be78a43f76eee9fd541c688359d9 claimNumberOnChain=1785055688363518
2026-07-27T18:08:24.611Z OK claim_number=359320 claim_id=912d2f57-efae-4999-8d4c-30a0aafa885a use=claim fid=FID-29-117658-4 cr=CR5053948550209-1 scheme=SHIF amount=125.00 tx=0xdf12725bb979edb9732108e48c200df2e427c37aa9c6391d4cee79b8e01caaff claimNumberOnChain=1785055688363520
2026-07-27T18:08:39.441Z OK claim_number=359321 claim_id=8a3e031b-8edc-48f8-9993-9ffd83e5409b use=claim fid=FID-20-114807-9 cr=CR1536182593459-3 scheme=SHIF amount=250.00 tx=0x7090602081c784c23d6b26b75e8d69e85da217423c2d9b9dffa00d851885627b claimNumberOnChain=1785055688363522
2026-07-27T18:08:54.175Z SKIP claim_number=359322 claim_id=d74188f6-c9ed-4d35-adff-652ae3c63a0e reason=zero_amount claimed_total_raw=0.00
2026-07-27T18:08:54.177Z OK claim_number=359323 claim_id=a2c170b0-ae0e-404f-80aa-3cc86a0cd64d use=claim fid=FID-20-114807-9 cr=CR9399433597595-6 scheme=SHIF amount=250.00 tx=0x0e5fcb102b9465af9674588c9700f2180522b3a7368f00affed00a0c9695e378 claimNumberOnChain=1785055688363523
2026-07-27T18:09:17.529Z OK claim_number=359324 claim_id=edf77192-d48d-495a-b13a-62f4b053d567 use=claim fid=FID-29-117658-4 cr=CR5749088994631-5 scheme=SHIF amount=100.00 tx=0xe323d0b0c1fa149e488fbe7e3f73652312fdb63d86253d99b74f3f1707da5b19 claimNumberOnChain=1785055688363524
2026-07-27T18:09:23.118Z OK claim_number=359325 claim_id=9f66913f-0039-45f6-9325-48b0ee2cf8d6 use=claim fid=FID-20-114807-9 cr=CR4666657435267-9 scheme=SHIF amount=875.00 tx=0xa621363f9f459b1275d261208251acbcde57d78a8b362b97e3421f79ce522441 claimNumberOnChain=1785055688363525
2026-07-27T18:09:35.775Z OK claim_number=359326 claim_id=3e1579af-d193-4b5b-834c-6844f772c821 use=claim fid=FID-29-117658-4 cr=CR4904944877318-9 scheme=SHIF amount=100.00 tx=0xf2a20e954f12f0aa7bef49728e0199b2159268350dadfbe26437efb12acb7a31 claimNumberOnChain=1785055688363526
2026-07-27T18:09:41.437Z OK claim_number=359327 claim_id=dbb90865-d58e-4dcf-bd58-3f4c3533655b use=claim fid=FID-29-117658-4 cr=CR7400004069070-9 scheme=SHIF amount=100.00 tx=0xaa26a96913478524d504001eef2c3e67dd947c0eccfa3402be2a170e7da5bff7 claimNumberOnChain=1785055688363527
2026-07-27T18:09:47.021Z OK claim_number=359328 claim_id=fd660111-8be3-4bde-9b28-5b57022063c3 use=claim fid=FID-29-117658-4 cr=CR5465368995760-9 scheme=SHIF amount=125.00 tx=0x7fd1a00d6f612c19c1b4dea81c5cb4c5d28b5faafecf4c99558252c405900d8f claimNumberOnChain=1785055688363528
2026-07-27T18:09:59.453Z OK claim_number=359329 claim_id=2cc0ac8e-1d50-4107-918f-8762ebfb35bf use=claim fid=FID-29-117658-4 cr=CR8727405005556-7 scheme=SHIF amount=625.00 tx=0xb777e2c3501f76a808e8b8335a15b1059fae053c29b7d19860b6f4f31a5f681d claimNumberOnChain=1785055688363529
2026-07-27T18:10:05.096Z OK claim_number=359330 claim_id=6f8b246f-2ef2-497b-a224-384adb041d0b use=claim fid=FID-20-114807-9 cr=CR9110923716051-4 scheme=SHIF amount=250.00 tx=0x063f5749b81489f7cd4625f9851a33bffa21bf401f9652aa54c6b905185eea51 claimNumberOnChain=1785055688363530
2026-07-27T18:10:17.404Z OK claim_number=359331 claim_id=e4533479-b68c-4ad0-a4fb-b83aed956927 use=claim fid=FID-29-117658-4 cr=CR4686598781823-1 scheme=SHIF amount=46.95 tx=0x0ab7c05db7e49ef85ccfef629d971dd21f1b3d8294316c042292456b0b8dcc84 claimNumberOnChain=1785055688363531
2026-07-27T18:10:20.102Z OK claim_number=359332 claim_id=a5dd825b-1cc1-4f1f-af99-2ca28366bb60 use=claim fid=FID-20-114807-9 cr=CR7053495531373-7 scheme=SHIF amount=250.00 tx=0xe042838768dedf4ad772822226130bdbe46f4e791abecd8f2e2eaa396e87d0e8 claimNumberOnChain=1785055688363532
2026-07-27T18:10:32.496Z OK claim_number=359333 claim_id=3de35da2-e612-4f2f-97a3-78b025b6c62d use=claim fid=FID-29-117658-4 cr=CR4686598781823-1 scheme=SHIF amount=87.50 tx=0x4dde87da244c1c9e346de4de55a3649460bc23f2127a333f3b8b953e541566fc claimNumberOnChain=1785055688363533
2026-07-27T18:10:38.133Z OK claim_number=359334 claim_id=430878a3-73b9-4b20-a1c4-2f4983fac32d use=claim fid=FID-20-114807-9 cr=CR2639444094642-6 scheme=SHIF amount=812.50 tx=0x93f676c5650744bcf8e643c5ae4ca8a75b610abaaab6e2b4ddf80c18e014c6c1 claimNumberOnChain=1785055688363534
2026-07-27T18:10:55.608Z OK claim_number=359335 claim_id=9233339c-a1b2-4380-b90d-2d20c2fa8782 use=claim fid=FID-20-114807-9 cr=CR8255226431524-9 scheme=SHIF amount=500.00 tx=0x3a2726398aff01367023a3c226cfef7a0d107a6657603ee7e3c82307dbad90bd claimNumberOnChain=1785055688363535
2026-07-27T18:11:08.327Z OK claim_number=359336 claim_id=541c8cba-9c94-412a-aae4-bf47865592ac use=claim fid=FID-29-117658-4 cr=CR4686598781823-1 scheme=SHIF amount=46.95 tx=0x40067ecdc77133d73c1d21fc4b6800ca8a48043b84c691371838dc331b8011b2 claimNumberOnChain=1785055688363536
2026-07-27T18:11:13.912Z OK claim_number=359337 claim_id=61dad79c-b360-42f1-8f0a-7ccbc786520e use=claim fid=FID-29-117658-4 cr=CR4686598781823-1 scheme=SHIF amount=87.50 tx=0x0c5e2523a189a5fbcffbd7373114c6da4792c8dbecc2328b6c74c7bc9c9eb950 claimNumberOnChain=1785055688363537
2026-07-27T18:11:19.556Z OK claim_number=359338 claim_id=f6d22ccb-00bf-4e6c-9801-5d9d0ef04684 use=claim fid=FID-20-114807-9 cr=CR9872899373880-0 scheme=SHIF amount=750.00 tx=0xa7cd72f019ef1deab2109aecdf20dbde6a3eb280d6e76e1483108f8c8452ecb1 claimNumberOnChain=1785055688363538
2026-07-27T18:11:31.931Z OK claim_number=359339 claim_id=ca5ef6c5-fb1b-43e8-a368-960313ccd070 use=claim fid=FID-29-117658-4 cr=CR4686598781823-1 scheme=SHIF amount=46.95 tx=0xa138b1d9253f1d0315e062fe8582706d34faacc1f17c4e9a48c0098ba66e4d74 claimNumberOnChain=1785055688363539
2026-07-27T18:11:37.516Z OK claim_number=359340 claim_id=dc8fc72c-02c6-4e7d-85cd-44d454e2936b use=claim fid=FID-29-117658-4 cr=CR4686598781823-1 scheme=SHIF amount=87.50 tx=0x7760d1d0842b63b8501917dbdfd0282c7407a96cc0a7b27a068608b6bad010b9 claimNumberOnChain=1785055688363540
2026-07-27T18:11:43.098Z OK claim_number=359341 claim_id=0abefe62-2aaf-443a-ac59-208795a1088d use=claim fid=FID-29-117658-4 cr=CR8180968010221-8 scheme=SHIF amount=125.00 tx=0xcdcde9731f316b0a4884740232b8c65a4ddcbd46b334fbe3e7256cfb7451cca5 claimNumberOnChain=1785055688363541
2026-07-27T18:11:55.299Z OK claim_number=359342 claim_id=76eba11b-5926-41c8-a121-8fb309cfae5d use=claim fid=FID-29-117658-4 cr=CR4686598781823-1 scheme=SHIF amount=46.95 tx=0xe979cee641c81ad87775242d96281500b88d88d913a651e494eab98d4a753a8d claimNumberOnChain=1785055688363542
2026-07-27T18:12:09.170Z OK claim_number=359343 claim_id=24b9ded6-7250-4fac-92df-35f1b09db175 use=claim fid=FID-29-117658-4 cr=CR4686598781823-1 scheme=SHIF amount=87.50 tx=0x5b899692ad23c06ca6f2c5225cd7b28592de6190d65cf68b17380afffb00cebf claimNumberOnChain=1785055688363544
2026-07-27T18:12:14.373Z OK claim_number=359344 claim_id=8daa4a1c-33bb-42f5-a0ad-c190e83f771d use=claim fid=FID-29-117658-4 cr=CR4057071367404-1 scheme=SHIF amount=125.00 tx=0x1e09f4caebdbabed4580ac8a68f45c2f95605865f4ce51f7614039595701ec06 claimNumberOnChain=1785055688363545
2026-07-27T18:12:26.617Z OK claim_number=359345 claim_id=8d3d9659-8907-410d-b6db-5c460e6527d0 use=claim fid=FID-29-117658-4 cr=CR4686598781823-1 scheme=SHIF amount=46.95 tx=0xb8bf75429e2c48e20dc333f443cd3b977fe7569d7c1d92ca915c9136044e275b claimNumberOnChain=1785055688363546
2026-07-27T18:12:32.297Z OK claim_number=359346 claim_id=3859b2bb-d4df-438e-82c7-695412ac4156 use=claim fid=FID-29-117658-4 cr=CR4686598781823-1 scheme=SHIF amount=87.50 tx=0xfa89f68563b23b070ab1303efcfebfc4255fbbe65881e39465ab789b6f787573 claimNumberOnChain=1785055688363547
2026-07-27T18:12:37.877Z OK claim_number=359347 claim_id=a8710644-a8bc-4d6b-9cd2-c4657cad6afd use=claim fid=FID-29-117658-4 cr=CR0053828637882-7 scheme=SHIF amount=125.00 tx=0x75fe87aa11c4048bca48233fbe09949f251030a8b8ab18388d7e33a130ed3023 claimNumberOnChain=1785055688363548
2026-07-27T18:12:50.155Z OK claim_number=359348 claim_id=d3d54183-553e-45d8-a03a-f575b3cd5653 use=claim fid=FID-29-117658-4 cr=CR4686598781823-1 scheme=SHIF amount=46.95 tx=0xe3d22532068c2a387d1fb152ba40b7d63250e5e10782ac700095ec69a2c22bf9 claimNumberOnChain=1785055688363549
2026-07-27T18:12:55.747Z OK claim_number=359349 claim_id=6dff7b80-08d0-463d-93e7-b281062d16ed use=claim fid=FID-29-117658-4 cr=CR4686598781823-1 scheme=SHIF amount=87.50 tx=0x0a354ef1e7bbe9dc0076eccf15d255af3fe90f39831b67015e054db6e3632e7e claimNumberOnChain=1785055688363550
2026-07-27T18:13:01.376Z OK claim_number=359350 claim_id=b894be96-9447-4351-976b-6f46c4d122cb use=claim fid=FID-29-117658-4 cr=CR1808391696905-9 scheme=SHIF amount=125.00 tx=0x4f7364c4a87a2be92fd3213e207a3bdb168b441ffabea4f533c593bcc4638f32 claimNumberOnChain=1785055688363551
2026-07-27T18:13:13.802Z OK claim_number=359351 claim_id=636146c9-2849-4bb8-a9b3-bd467b55f1fd use=claim fid=FID-29-117658-4 cr=CR4686598781823-1 scheme=SHIF amount=46.95 tx=0xdbcf3ff0ce7f69aa046d96ae36db61b25398e60bacfa9c0e0ba6eebea97fda5b claimNumberOnChain=1785055688363552
2026-07-27T18:13:19.377Z OK claim_number=359352 claim_id=47e494d5-008b-4ded-970c-20fac40d3add use=claim fid=FID-29-117658-4 cr=CR4686598781823-1 scheme=SHIF amount=87.50 tx=0x09569d632b5b0355d1a72d3dc0b48e92ac314aa1bc02587ff4e4b7f978b4d826 claimNumberOnChain=1785055688363553
2026-07-27T18:13:24.890Z OK claim_number=359353 claim_id=9a4da76c-c9a3-4d05-a494-c7fdd0f61acb use=claim fid=FID-20-114807-9 cr=CR3208556647035-5 scheme=SHIF amount=375.00 tx=0x605097a7b80132c4bd337b333cec475baacd7d2a74a5dbc21cdcb5fcf36e2955 claimNumberOnChain=1785055688363554
2026-07-27T18:13:32.866Z OK claim_number=359354 claim_id=3a88a803-e44f-4c08-9291-69301c4aaafe use=claim fid=FID-29-117658-4 cr=CR8727405005556-7 scheme=SHIF amount=100.00 tx=0x9e789c75ea4b08637f0469638bbb03086114df5ac6d538cb61eb8e5d1ea0e9f5 claimNumberOnChain=1785055688363555
2026-07-27T18:13:39.160Z OK claim_number=359355 claim_id=6f2281b0-0f14-4f18-b9c8-8d7e09435f64 use=claim fid=FID-20-114807-9 cr=CR7545052749668-3 scheme=SHIF amount=250.00 tx=0x81e2860cd370523f4a7f578dc6abcb55b05e98320719778ffbd621db09820e80 claimNumberOnChain=1785055688363556
2026-07-27T18:13:51.485Z OK claim_number=359356 claim_id=a2b0600c-7f5d-416a-9760-fb74ef9036e5 use=claim fid=FID-29-117658-4 cr=BZ29728796-3 scheme=SHIF amount=625.00 tx=0xaefcd458cac3c8b5e23573f187927085a9edc02c741c27e65329b9873911ae68 claimNumberOnChain=1785055688363557
2026-07-27T18:13:57.038Z OK claim_number=359357 claim_id=8ed7416b-9e4b-4ec6-852a-6b62cce6969b use=claim fid=FID-20-114807-9 cr=CR8962195961983-6 scheme=SHIF amount=500.00 tx=0x342a1ed8b2670d308cd91da86e9e9ff6871a89754199eae6d8e4a731adf3515e claimNumberOnChain=1785055688363558
2026-07-27T18:14:09.458Z OK claim_number=359358 claim_id=8c67e6b9-8d9d-44cb-9e26-ad1b14ec10a9 use=claim fid=FID-29-117658-4 cr=CR6509895938248-3 scheme=SHIF amount=100.00 tx=0x047abcee38537ded772167d46b9b03a8adb85ac078dbfaf2ad5d0a4c5737f581 claimNumberOnChain=1785055688363559
2026-07-27T18:14:15.104Z OK claim_number=359359 claim_id=2c911800-81df-4f1f-a8f4-312efc854237 use=claim fid=FID-29-117658-4 cr=CR4333432802617-1 scheme=SHIF amount=125.00 tx=0xd4ba7f931d3a55fd3fa1f505f0cb9bc32ebe3376df3ad8fd6b57d28a98774c6f claimNumberOnChain=1785055688363560
2026-07-27T18:14:27.583Z OK claim_number=359360 claim_id=df1e9d14-c3a9-4549-ae0a-083f4f08a16a use=claim fid=FID-29-117658-4 cr=CR4686598781823-1 scheme=SHIF amount=46.95 tx=0x685662573314edfb1e506310ac5e7e3cd5e928e4464138420ada59f59ad26fd3 claimNumberOnChain=1785055688363561
2026-07-27T18:14:33.231Z OK claim_number=359361 claim_id=62c88371-96cb-4def-873b-b0f6e718921f use=claim fid=FID-20-114807-9 cr=CR6140077075299-9 scheme=SHIF amount=4070.00 tx=0xc1839be4295f777ef2033840a8e3d8291cba613f3a0a7d2e0476681ca67f5dfb claimNumberOnChain=1785055688363562
2026-07-27T18:14:51.058Z OK claim_number=359362 claim_id=9c71ef61-7fd0-4318-8188-99e4e82498b5 use=claim fid=FID-29-117658-4 cr=CR4686598781823-1 scheme=SHIF amount=87.50 tx=0x547f91369e296b98a718084cddfbdf8a92fb279c0fb0457fdf3d5e03b461156e claimNumberOnChain=1785055688363563
2026-07-27T18:14:56.662Z OK claim_number=359363 claim_id=a034048f-207a-4986-940a-36074d4a2c69 use=claim fid=FID-29-117658-4 cr=CR4686598781823-1 scheme=SHIF amount=46.95 tx=0xd98fd04a7180fd29b3949b4b226e1fe46d23d9bda997311476cbef2dbb71d6a1 claimNumberOnChain=1785055688363564
2026-07-27T18:15:02.246Z OK claim_number=359364 claim_id=98b2cce4-5670-449a-836d-b911ea52c18f use=claim fid=FID-29-117658-4 cr=CR4686598781823-1 scheme=SHIF amount=87.50 tx=0x990a5c4b1c34b31a35d9b94ecb07204465f6c01f9d434664dddc6a02637e38f1 claimNumberOnChain=1785055688363565
2026-07-27T18:15:07.818Z OK claim_number=359365 claim_id=c94223b3-6abb-477f-8971-eb66691da938 use=claim fid=FID-29-117658-4 cr=CR4686598781823-1 scheme=SHIF amount=46.95 tx=0x6111d7c35ef9dcd91b8ab822b461b3e298e99242e61eb0c17268ddc6e5ffc940 claimNumberOnChain=1785055688363566
2026-07-27T18:15:13.399Z OK claim_number=359366 claim_id=b47b21e8-e437-45a4-b77b-a762455acc0c use=claim fid=FID-20-114807-9 cr=CR1607510015185-0 scheme=SHIF amount=500.00 tx=0xf10bace761702cadd7884e9772048e55fb782b6ac420a41a23cb85c5eee45362 claimNumberOnChain=1785055688363567
2026-07-27T18:15:25.805Z OK claim_number=359367 claim_id=eb811a6c-3736-48c7-a0fa-0df0bf17daad use=claim fid=FID-20-114807-9 cr=CR7501103581301-5 scheme=SHIF amount=250.00 tx=0xe6f395be163467051e6d070056c7e9886d527c001e2353afc12ae822850747f8 claimNumberOnChain=1785055688363568
2026-07-27T18:15:38.015Z OK claim_number=359368 claim_id=e61ac5f5-efe3-4cd1-9ce7-8390dc327fce use=claim fid=FID-29-117658-4 cr=CR4686598781823-1 scheme=SHIF amount=87.50 tx=0xe2304bb859d79f120cf39ef888dea36a7e5b20bab295d57d59bfed254f6cccd5 claimNumberOnChain=1785055688363569
2026-07-27T18:15:45.343Z OK claim_number=359369 claim_id=f94fd0eb-f36f-4d1b-aac0-9f683f417f8e use=claim fid=FID-29-117658-4 cr=CR4686598781823-1 scheme=SHIF amount=46.95 tx=0x4f1f2c58977cbd128849f8c510c1a19aa8bdb484b2c36a367e4e7b96b85f08f0 claimNumberOnChain=1785055688363570
2026-07-27T18:15:50.995Z OK claim_number=359370 claim_id=72b041e7-5dac-4705-92cf-93c7a4c2dd9f use=claim fid=FID-29-117658-4 cr=CR5876548302277-2 scheme=SHIF amount=125.00 tx=0x3e2667a07e30c6151966199afa6fd74834038babe6070c5854bf7d8f75ff2504 claimNumberOnChain=1785055688363571
2026-07-27T18:16:03.405Z OK claim_number=359371 claim_id=45e4aaf4-298d-4698-8e91-641624253f9b use=claim fid=FID-29-117658-4 cr=CR4686598781823-1 scheme=SHIF amount=87.50 tx=0x2fb2636c85bfee7c807746d670d3fe983093b47d0a3d086631bf7fbb44a6152d claimNumberOnChain=1785055688363572
2026-07-27T18:16:09.020Z OK claim_number=359372 claim_id=e620c47f-98a4-4b54-ae06-c32c59f05aaf use=claim fid=FID-29-117658-4 cr=CR8727405005556-7 scheme=SHIF amount=625.00 tx=0xafffd225e3e819e7e668d02a898867e697950753bc72fdbb65f5aa768cc5341a claimNumberOnChain=1785055688363573
2026-07-27T18:16:14.645Z OK claim_number=359373 claim_id=3e948883-c9e3-4d67-9452-59d8522334c1 use=claim fid=FID-29-117658-4 cr=CR8168761550072-6 scheme=SHIF amount=125.00 tx=0x39c9d3430c3c607be2df4a2812c1d10e7d62fcb22e1a941cff0d4c27aec294ec claimNumberOnChain=1785055688363574
2026-07-27T18:16:23.604Z OK claim_number=359374 claim_id=5f93525c-e0f6-452c-bcd8-0c332256ed70 use=claim fid=FID-29-117658-4 cr=CR8727405005556-7 scheme=SHIF amount=600.00 tx=0xf8d856eb4bb06b4868db6d62eb0a66219a3478c275fc81c391ca45db1833028e claimNumberOnChain=1785055688363575
2026-07-27T18:16:29.183Z SKIP claim_number=359375 claim_id=57e049d4-f169-43a3-bc4a-f2f5a3dcee69 reason=zero_amount claimed_total_raw=0.00
2026-07-27T18:16:29.184Z OK claim_number=359376 claim_id=ea0f62ea-2e11-43a1-b99f-7f771f51b9c8 use=claim fid=FID-29-117658-4 cr=CR8727405005556-7 scheme=SHIF amount=500.00 tx=0xba2ecd0e923ebcaaed68e82b7859873f7e09af8b73b48fc443f3c802a423f1d5 claimNumberOnChain=1785055688363576
2026-07-27T18:16:34.825Z OK claim_number=359377 claim_id=92842b79-e84b-4ccc-9a7c-137d4e749e49 use=claim fid=FID-20-114807-9 cr=CR3659321869792-5 scheme=SHIF amount=605.00 tx=0x5b2932f580b0e63600345a3bf2b985b9925f70ea8a1b8ba4942da1f10157915c claimNumberOnChain=1785055688363577
2026-07-27T18:16:58.168Z OK claim_number=359378 claim_id=d601911b-c329-43f0-9daf-a63d229dda91 use=claim fid=FID-29-117658-4 cr=CR3928672760384-2 scheme=SHIF amount=100.00 tx=0xb7e4fcf1a4ab7fb03f79dee5090a30e1784657c95d18beff5f75e77505ced733 claimNumberOnChain=1785055688363578
2026-07-27T18:17:03.821Z OK claim_number=359379 claim_id=81048ab0-3c8e-4f34-bf56-4498c05dc12e use=claim fid=FID-29-117658-4 cr=CR7860562929831-4 scheme=SHIF amount=100.00 tx=0xf1349b5ae4d91f7783757a75ddd9aaa00eda6f3324d1e32bb68076fa4b4ed2c7 claimNumberOnChain=1785055688363579
2026-07-27T18:17:09.333Z OK claim_number=359380 claim_id=be6dcca2-c49a-4b10-9361-3a2da8366f51 use=claim fid=FID-29-117658-4 cr=CR8727405005556-7 scheme=SHIF amount=266.05 tx=0x9117fa6ad3ede606afddff45c308c07eaddbebdb71b4dbd42b67f04b8e6e5477 claimNumberOnChain=1785055688363580
2026-07-27T18:17:14.879Z OK claim_number=359381 claim_id=318a5673-cc4d-47a1-a273-576c45dcc499 use=claim fid=FID-29-117658-4 cr=CR8727405005556-7 scheme=SHIF amount=266.05 tx=0xb775ed61a2a2118d7dacb4b3d6bd66c308c395d8111ad8910fbc027d2e887371 claimNumberOnChain=1785055688363581
2026-07-27T18:17:20.570Z OK claim_number=359382 claim_id=8d20582b-fbe9-4bdf-a097-37e13ce3fa69 use=claim fid=FID-29-117658-4 cr=CR8706882107674-0 scheme=SHIF amount=100.00 tx=0x8ea046eb62803477dcbdd51674df2aa3822d0c6b99dd14a2dd8efeb7cd08dbdb claimNumberOnChain=1785055688363582
2026-07-27T18:17:26.092Z OK claim_number=359383 claim_id=ba1393e6-f868-4638-96d6-826a569c2a05 use=claim fid=FID-29-117658-4 cr=CR4195890425516-8 scheme=SHIF amount=75.00 tx=0x74345b7a9ed666a48d847cab653161c6c67c48dab94f37236ebdc0864a62bda0 claimNumberOnChain=1785055688363583
2026-07-27T18:17:31.636Z OK claim_number=359384 claim_id=f66301e0-97a9-4286-ac32-befffebe4f92 use=claim fid=FID-29-117658-4 cr=CR4195890425516-8 scheme=SHIF amount=22.50 tx=0x2a2d072cce46ff55ded45b9de7c142fbe9499fe8bfd7509f8482dad8efa7aa77 claimNumberOnChain=1785055688363584
2026-07-27T18:17:37.208Z OK claim_number=359385 claim_id=9e2d7817-7290-4acf-a759-91b82978b5c8 use=claim fid=FID-29-117658-4 cr=CR4195890425516-8 scheme=SHIF amount=75.00 tx=0xaaee47bd876e9e3a2b8db25e9e3fbf6af0fb261e3e3c0b912b99e621ec42508b claimNumberOnChain=1785055688363585
2026-07-27T18:17:42.770Z OK claim_number=359386 claim_id=725ac201-6fa5-465e-a47d-528340ab7032 use=claim fid=FID-29-117658-4 cr=CR4195890425516-8 scheme=SHIF amount=22.50 tx=0xe01830efc7cb18031525f79a7c37752dae2cc65e3feb7e4d49958483bd899dd9 claimNumberOnChain=1785055688363587
2026-07-27T18:17:51.105Z OK claim_number=359387 claim_id=02cebc77-5e73-4d7f-abe0-14324f6b0126 use=claim fid=FID-29-117658-4 cr=CR4195890425516-8 scheme=SHIF amount=75.00 tx=0xd60e86e22f7a4f827ae1507d2b660fcac00ebbf07236ca429691ddcdbea5bdd8 claimNumberOnChain=1785055688363588
2026-07-27T18:17:56.617Z OK claim_number=359388 claim_id=df318e1a-8dcf-4393-b9e3-7570d55c01d3 use=claim fid=FID-29-117658-4 cr=CR4195890425516-8 scheme=SHIF amount=22.50 tx=0xe37a880a94722aae3eb696321a2f1e0b77623f9567099fc0bd70ce1e46b21b3b claimNumberOnChain=1785055688363589
2026-07-27T18:18:02.208Z OK claim_number=359389 claim_id=f88aca4f-a899-4ccd-8e6d-115ad7681d5c use=claim fid=FID-29-117658-4 cr=CR4195890425516-8 scheme=SHIF amount=75.00 tx=0x294fac73310092464d03cb3bc2980ee11fcf81ee7fc6398c56ee15f2e414fb2f claimNumberOnChain=1785055688363590
2026-07-27T18:18:07.708Z OK claim_number=359390 claim_id=dfef209b-6dc2-4aa6-a7da-432d9b1858e0 use=claim fid=FID-29-117658-4 cr=CR4195890425516-8 scheme=SHIF amount=22.50 tx=0xc7da5a5fc0033feaf02f5ca74e1ee340a2be8ee7b1e39ad0d24eadbf6a75e57a claimNumberOnChain=1785055688363591
2026-07-27T18:18:13.339Z OK claim_number=359391 claim_id=8fda96db-005a-43b6-8c94-f8d30bc549e7 use=claim fid=FID-29-117658-4 cr=CR4195890425516-8 scheme=SHIF amount=75.00 tx=0xb341660304e0e6131ef23e1d693cc27747b4144e1b687f1c8bb7a126f3065b79 claimNumberOnChain=1785055688363593
2026-07-27T18:18:21.342Z OK claim_number=359392 claim_id=2c83a2e0-132b-4ef8-9d49-61324993f3ff use=claim fid=FID-29-117658-4 cr=CR4195890425516-8 scheme=SHIF amount=22.50 tx=0xa293e0d54fd288922ca618c2714b40491b7bac27e16e401116cd52090a8538a7 claimNumberOnChain=1785055688363594
2026-07-27T18:18:26.987Z OK claim_number=359393 claim_id=4e693bb4-bf96-45c2-a657-b501134a3ef9 use=claim fid=FID-29-117658-4 cr=CR0597975760735-8 scheme=SHIF amount=100.00 tx=0x699e57545598ac997f0716733750f401f55b628ae2c84e7951ff88b3d5d66dac claimNumberOnChain=1785055688363595
2026-07-27T18:18:32.670Z OK claim_number=359394 claim_id=62fc1932-8558-4419-84c8-02db79de3c57 use=claim fid=FID-29-117658-4 cr=CR4780225680924-4 scheme=SHIF amount=125.00 tx=0xfa378eb0d80108e4c9ae57a3f09a473351c9de622d9ab5b1cc9dc861103a13d6 claimNumberOnChain=1785055688363596
2026-07-27T18:18:45.139Z OK claim_number=359395 claim_id=1c9ab36e-a9b9-4634-a041-740c975a2aeb use=claim fid=FID-29-117658-4 cr=CR9645760706984-8 scheme=SHIF amount=100.00 tx=0x96c3191afd4a67bf317314da0c5b45fe7512f6679313262affaccee6ba2234df claimNumberOnChain=1785055688363597
2026-07-27T18:18:50.820Z OK claim_number=359396 claim_id=237aea65-1ef7-4414-82fd-82c1dd25a4cb use=claim fid=FID-29-117658-4 cr=CR4195890425516-8 scheme=SHIF amount=100.00 tx=0x623d6c4415dafc765e557f09941bccaa7e82735910a52d34f12fe5287d01d40c claimNumberOnChain=1785055688363598
2026-07-27T18:18:56.369Z OK claim_number=359397 claim_id=ed5d0b37-4ec6-4dbf-bb7c-13faf794ffa4 use=claim fid=FID-20-114807-9 cr=CR5250623809976-4 scheme=SHIF amount=375.00 tx=0x395c328ec320fb8984b527741d75ab80abe36fd8fb1800867d39b185ee90e282 claimNumberOnChain=1785055688363599
2026-07-27T18:19:08.816Z OK claim_number=359398 claim_id=f11b2004-573e-4567-aac0-dc4999ff0d35 use=claim fid=FID-29-117658-4 cr=CR5741431600340-9 scheme=SHIF amount=100.00 tx=0x9481d7e53d4a3d01e1e0f5b90b6f27e91bd022974e75cdea3a4d1c9f6b4d54e4 claimNumberOnChain=1785055688363600
2026-07-27T18:19:14.468Z OK claim_number=359399 claim_id=029d0b4a-a9f5-4177-86c8-a1d6be8e9d80 use=claim fid=FID-20-114807-9 cr=CR8705083085507-4 scheme=SHIF amount=250.00 tx=0x9506d37d8e30468d96b0bd4df9d9d652f25d734e1f33ec09b7fdd5633eb66f5f claimNumberOnChain=1785055688363601
2026-07-27T18:19:26.745Z OK claim_number=359400 claim_id=ac9e98fc-5e6b-49b8-b65c-b818078bcdc5 use=claim fid=FID-29-117658-4 cr=CR8706882107674-0 scheme=SHIF amount=100.00 tx=0x280bd676a30589e613de7f68b120bdf20f7b8410b43e6683642c2676f3395815 claimNumberOnChain=1785055688363602
2026-07-27T18:19:32.266Z OK claim_number=359401 claim_id=cc3bf945-5cee-41cb-83cd-6517393c9466 use=claim fid=FID-29-117658-4 cr=CR1007395725013-7 scheme=SHIF amount=125.00 tx=0x57d3e2fadb2d31de50e2723afa859ed822a31a6a5564b37406d2ee56a6a161af claimNumberOnChain=1785055688363603
2026-07-27T18:19:44.652Z OK claim_number=359402 claim_id=09bad082-e87e-4de7-adeb-8b3ab299da81 use=claim fid=FID-29-117658-4 cr=CR8706882107674-0 scheme=SHIF amount=100.00 tx=0xaae6346467ebe061d02d410666c84f697793df2cd5206b9897ffe8c712dd1459 claimNumberOnChain=1785055688363604
2026-07-27T18:19:50.486Z OK claim_number=359403 claim_id=a01fc314-5981-4501-82c1-6be36f00576b use=claim fid=FID-20-114807-9 cr=CR0135997466826-5 scheme=SHIF amount=125.00 tx=0x3f7e7e144c82adfebe99e3b59ea57e30151eebb1d4c96c7b670f0c201e10a3ca claimNumberOnChain=1785055688363605
2026-07-27T18:20:03.107Z OK claim_number=359404 claim_id=60cc99b3-abce-4fbc-a551-f9a76131a4e5 use=claim fid=FID-29-117658-4 cr=CR8706882107674-0 scheme=SHIF amount=100.00 tx=0x6194a6082ae392c752ee086787d97fe28220e64fb57b914ab84eb9d31bbd3b19 claimNumberOnChain=1785055688363606
2026-07-27T18:20:08.770Z OK claim_number=359405 claim_id=ef25a443-eae9-4cc5-816a-8b5a8b6ad7fd use=claim fid=FID-29-117658-4 cr=CR6447118165644-9 scheme=SHIF amount=125.00 tx=0x094e7de33abc8f16a553a0fcbf6e6934a911a3d79e0a31d4ffac96b12ab288da claimNumberOnChain=1785055688363607
2026-07-27T18:20:21.120Z OK claim_number=359406 claim_id=1c9681c0-93fa-40a6-b738-90e7d58f0603 use=claim fid=FID-29-117658-4 cr=CR7400004069070-9 scheme=SHIF amount=100.00 tx=0x3f3e79eb14f821c62099b620e87d528dcbb272f0b47e820cc4f3aada5395d900 claimNumberOnChain=1785055688363608
2026-07-27T18:20:26.734Z OK claim_number=359407 claim_id=b7cbe347-5124-42be-ae3d-199ee63916ff use=claim fid=FID-29-117658-4 cr=CR8727405005556-7 scheme=SHIF amount=625.00 tx=0xa453b4db393f81571e52a83acd8bfdb74cf47f752a74bbe7501152bac29aac9e claimNumberOnChain=1785055688363609
2026-07-27T18:20:32.413Z OK claim_number=359408 claim_id=33453b56-bef3-4055-9462-70025c785538 use=claim fid=FID-20-114807-9 cr=CR5591251918983-6 scheme=SHIF amount=250.00 tx=0xefa9455960b36ef14c032b4e6e18ac7d68faded27c7b4bfde4f6f9e36ea9368c claimNumberOnChain=1785055688363610
2026-07-27T18:20:50.129Z ERR claim_number=359409 claim_id=1d73dc31-7db8-486e-a525-272fab684a66 use=claim fid=FID-29-117658-4 cr=CR8727405005556-7 error=fetch failed
2026-07-27T18:36:03.075Z ERR claim_number=359410 claim_id=eacfffd7-2f1f-43c8-b8d6-f7b733a4ecd8 use=claim fid=FID-20-114807-9 cr=CR7275302287444-2 error=fetch failed
2026-07-27T19:06:28.658Z ERR claim_number=359411 claim_id=0cb1fda7-b086-4296-9332-cb9f57fc243c use=claim fid=FID-29-117658-4 cr=CR8727405005556-7 error=fetch failed
2026-07-27T19:21:40.799Z ERR claim_number=359412 claim_id=436d45cc-da1a-4ab0-b005-76f4b7a1d892 use=claim fid=FID-29-117658-4 cr=CR8727405005556-7 error=fetch failed
2026-07-27T19:36:53.091Z ERR claim_number=359413 claim_id=08e1d4a7-8073-448c-90d3-cf0f6d904fac use=claim fid=FID-20-114807-9 cr=CR6023126328291-8 error=400 /api/public/eclaim-contract/submit?wait=false: Citizen CR "CR6023126328291-8" is not registered or not authorized. Register at /citizen-registry or seed demo registries.
2026-07-27T20:07:19.671Z ERR claim_number=359414 claim_id=e45fb057-95d9-4c91-8480-3c4532fff372 use=claim fid=FID-29-117658-4 cr=CR8727405005556-7 error=500 /api/public/eclaim-contract/submit?wait=false: Internal server error
2026-07-28T06:03:28.218Z ERR claim_number=359415 claim_id=b9237939-1564-4d5b-99d8-7a6af0836c7f use=claim fid=FID-29-117658-4 cr=CR8727405005556-7 error=500 /api/public/eclaim-contract/submit?wait=false: Internal server error
2026-07-28T06:03:28.270Z ERR claim_number=359416 claim_id=2d6a9b35-fcc0-47f6-b2f0-d0f7f59fc943 use=claim fid=FID-20-114807-9 cr=CR6149090605726-4 error=400 /api/public/eclaim-contract/submit?wait=false: Citizen CR "CR6149090605726-4" is not registered or not authorized. Register at /citizen-registry or seed demo registries.
2026-07-28T07:05:29.458Z ERR claim_number=359417 claim_id=bec20373-7708-4467-99f8-efc9b2bb0cbe use=claim fid=FID-29-117658-4 cr=CR8727405005556-7 error=fetch failed
2026-07-28T07:20:41.991Z ERR claim_number=359418 claim_id=9a978b35-749b-4a4e-869d-436c6e4ff786 use=claim fid=FID-20-114807-9 cr=CR6264402393396-8 error=400 /api/public/eclaim-contract/submit?wait=false: Citizen CR "CR6264402393396-8" is not registered or not authorized. Register at /citizen-registry or seed demo registries.
2026-07-28T08:09:28.486Z OK claim_number=359419 claim_id=1c5cd96b-56c2-40c3-ac49-056b4ad508b1 use=claim fid=FID-29-117658-4 cr=CR7249305130165-8 scheme=SHIF amount=125.00 tx=0xf5c1d0dc4b7ad8fa67063afbd68ce15920c28a2408c5e9b7d33f9943d3d70736 claimNumberOnChain=1785055688363719
2026-07-28T08:09:56.528Z OK claim_number=359420 claim_id=ae52f971-2dbe-47c9-aeca-40be2d75b84e use=claim fid=FID-29-117658-4 cr=CR7400004069070-9 scheme=SHIF amount=100.00 tx=0x263d916aa1bd16a78aaaccd9fa2aded13408168cbf0a01a1d88b980fb3315b5f claimNumberOnChain=1785055688363720
2026-07-28T08:10:07.241Z OK claim_number=359421 claim_id=a3be5376-fcc6-4fcb-afcb-d07571aae736 use=claim fid=FID-20-114807-9 cr=CR4965542460877-5 scheme=SHIF amount=250.00 tx=0xd7d7564744e0921c0cd379239238ef041baf950a5dc2af92625f70a7d71e049a claimNumberOnChain=1785055688363721
2026-07-28T08:10:31.883Z OK claim_number=359422 claim_id=44ba639b-db59-4b0d-9212-1923f2e93fe6 use=claim fid=FID-29-117658-4 cr=CR3256370334707-4 scheme=SHIF amount=625.00 tx=0x78f26e15ea84cff760c542f4f00e76601a6b0edd00f29597190deec5bbcc560a claimNumberOnChain=1785055688363722
2026-07-28T08:10:42.731Z OK claim_number=359423 claim_id=452f1587-de79-4907-8d28-3bcbdf3918a1 use=claim fid=FID-20-114807-9 cr=CR7501477897855-7 scheme=SHIF amount=250.00 tx=0xb58cd66b645e2c42f006395a28ab0bb117cd9fb7ce55f3462e62fb7634bd3c51 claimNumberOnChain=1785055688363723
2026-07-28T08:11:07.899Z OK claim_number=359424 claim_id=8a6a06b3-2ae9-4b3d-9e51-c5e6c96e7a8f use=claim fid=FID-29-117658-4 cr=CR3928672760384-2 scheme=SHIF amount=6.25 tx=0x4cd1985ba098c717493feb322517723c499619d040fff7c8b9661e5f94a06cc9 claimNumberOnChain=1785055688363724
2026-07-28T08:11:18.321Z OK claim_number=359425 claim_id=f2b0d8a6-410d-4c48-9bf9-05fe61399727 use=claim fid=FID-29-117658-4 cr=CR3928672760384-2 scheme=SHIF amount=6.25 tx=0xb3f5855730e8be2ef632f80a6b21125dd5c1ad0c63aed801aeaf685c18354d6e claimNumberOnChain=1785055688363725
2026-07-28T08:11:29.199Z OK claim_number=359426 claim_id=8646f780-d82e-4506-aa65-a331f1ad03c8 use=claim fid=FID-20-114807-9 cr=CR9615822367316-7 scheme=SHIF amount=2718.75 tx=0x63bc5ee42148ea7591ca96ae2973566d8dd7ee485d5a614355e8a97c66db5d00 claimNumberOnChain=1785055688363727
2026-07-28T08:12:04.063Z OK claim_number=359427 claim_id=cc25b3cb-9c99-4c52-a35b-1e530d5e8351 use=claim fid=FID-29-117658-4 cr=CR4925764247277-7 scheme=SHIF amount=100.00 tx=0xb1c1291a216893255a2ce04696a626f7de7279eb3ee159eb0c0fe04df9038d11 claimNumberOnChain=1785055688363728
2026-07-28T08:12:14.709Z OK claim_number=359428 claim_id=3696c9c3-fb95-4c4d-a290-8f984bd8e46a use=claim fid=FID-20-114807-9 cr=CR3170164306432-3 scheme=SHIF amount=750.00 tx=0x34c90211470ebc3d67aed3f84bcbf4d0e9771626473050403dc3f224c8e0a079 claimNumberOnChain=1785055688363729
2026-07-28T08:12:39.484Z OK claim_number=359429 claim_id=3e691693-88b7-4b3b-9a8c-7a34a1a5e23f use=claim fid=FID-29-117658-4 cr=CR4037947014271-7 scheme=SHIF amount=46.95 tx=0xcde4d394baeb22d7b4710c735d56243d1c7099425fc7f4e1e30d4690ec838f14 claimNumberOnChain=1785055688363730
2026-07-28T08:12:50.210Z OK claim_number=359430 claim_id=b4cd73b5-4b33-4ac7-97aa-cb575059bb80 use=claim fid=FID-29-117658-4 cr=CR4037947014271-7 scheme=SHIF amount=250.00 tx=0xe84b5dd2c29d76354bc1dd8845ea6eceb723cecb9bc86cff2e01b41745d6e2fc claimNumberOnChain=1785055688363731
2026-07-28T08:13:01.014Z ERR claim_number=359431 claim_id=f3daa494-18ea-4831-a6f0-38cb56923255 use=claim fid=FID-29-117658-4 cr=CR4451876852223-1 error=500 /api/public/eclaim-contract/submit?wait=false: Internal server error
2026-07-28T08:13:44.742Z OK claim_number=359432 claim_id=b74ef62b-b78b-4598-825f-202593f55d19 use=claim fid=FID-29-117658-4 cr=CR4037947014271-7 scheme=SHIF amount=46.95 tx=0xce72b6c0ea8c6bb7eed4d9ca1ae2371b0122811b14ccf261cc3588c02074cd95 claimNumberOnChain=1785055688363735
2026-07-28T08:13:54.347Z OK claim_number=359433 claim_id=552cac0e-0af5-4c76-baca-1246b4fba513 use=claim fid=FID-29-117658-4 cr=CR5304163938502-5 scheme=SHIF amount=125.00 tx=0x079197ba6b69591757922e6ab719ec4c26b523daec8a1b8141c8571b888f2f01 claimNumberOnChain=1785055688363737
2026-07-28T08:14:29.414Z OK claim_number=359434 claim_id=e4468ac7-d763-48c1-ac69-339cc4f15b92 use=claim fid=FID-29-117658-4 cr=CR7400584309629-3 scheme=SHIF amount=100.00 tx=0x2bb74aa10f9f4d2cd936fcf810379dd1e6aa7458b724b90b6e5b60690d9ca9d3 claimNumberOnChain=1785055688363738
2026-07-28T08:14:39.969Z OK claim_number=359435 claim_id=3a7e4514-44a9-4b8e-a635-9a409741fb69 use=claim fid=FID-29-117658-4 cr=CR4507838094400-7 scheme=SHIF amount=125.00 tx=0xc5f793f3d6dbe1b710d0b4663f08d7058130d3fb47aedb79f4d952511d013dd7 claimNumberOnChain=1785055688363739
2026-07-28T08:15:05.950Z OK claim_number=359436 claim_id=4a1d7a18-5533-41a9-89ba-dbb2c6fbddcd use=claim fid=FID-29-117658-4 cr=CR3798614290703-1 scheme=SHIF amount=125.00 tx=0x1a612c56e74ce5384bd1515cb164fa0d30d6bba40566033824ecd7a86730ad79 claimNumberOnChain=1785055688363741
2026-07-28T08:15:39.386Z OK claim_number=359437 claim_id=054a886e-1a02-4cea-8ef6-5a886a934e76 use=claim fid=FID-20-114807-9 cr=CR4315172634405-9 scheme=SHIF amount=487.50 tx=0xa6873ddafb5f8977c8de1279aadbee727eaf12164c5426daf4b018709166c7a4 claimNumberOnChain=1785055688363742
2026-07-28T08:16:05.419Z OK claim_number=359438 claim_id=f3769826-6caf-464d-a9c1-26e2f53b7fd5 use=claim fid=FID-29-117658-4 cr=CR9983588097923-8 scheme=SHIF amount=125.00 tx=0xf3564708e1b04db89f12bfd1b2ad107f3cbe4d315a2106d334bba738a897eeae claimNumberOnChain=1785055688363743
2026-07-28T08:16:16.081Z OK claim_number=359439 claim_id=a01bb30a-a06c-4aaa-a36f-d6ba6fff3a36 use=claim fid=FID-20-114807-9 cr=CR6148793293772-5 scheme=SHIF amount=250.00 tx=0x105e7ee2a0c2fe5094dcbdf58a687f6c02d14c5c54a566d9c43a3f77d696c169 claimNumberOnChain=1785055688363744
2026-07-28T08:16:41.477Z OK claim_number=359440 claim_id=89510fd0-59c3-4650-be0d-6d17c8cfa8c8 use=claim fid=FID-29-117658-4 cr=CR3566586797155-2 scheme=SHIF amount=125.00 tx=0xfa2b0918b1222ddc7171ce6ae9997edb12ef18dd765f6e8d0f79123c1a40a8b1 claimNumberOnChain=1785055688363745
2026-07-28T08:17:06.929Z OK claim_number=359441 claim_id=24c2e3ba-60d0-4205-b4ab-387cce7b0951 use=claim fid=FID-20-114807-9 cr=CR3316431739527-5 scheme=SHIF amount=250.00 tx=0x78eb0bc15ae1653d4f7ab0fbca194ca402586cfdedc7ac7f2f9d5d56416b3a7c claimNumberOnChain=1785055688363748
2026-07-28T08:17:51.874Z SKIP claim_number=359442 claim_id=7914f791-50ad-47ce-b21a-7b0bababd9a4 reason=zero_amount claimed_total_raw=0.00
2026-07-28T08:17:51.875Z OK claim_number=359443 claim_id=4a902534-4e4b-4f15-a733-d260fc32bb07 use=claim fid=FID-29-117658-4 cr=CR9869626880569-7 scheme=SHIF amount=125.00 tx=0xda40bce7717a7157c51ef06c6a911f05abf58999792a173fca23a1ff8c99e2d9 claimNumberOnChain=1785055688363751
2026-07-28T08:18:37.237Z OK claim_number=359444 claim_id=6dde6e65-8a21-48c2-99be-366ebaf6c89f use=claim fid=FID-29-117658-4 cr=CR9866618250078-1 scheme=SHIF amount=125.00 tx=0xd9209c04d39fd684cb3b7031b4c4a83a8e3b0a6591878ad814999bf38bf41291 claimNumberOnChain=1785055688363753
2026-07-28T08:19:12.386Z OK claim_number=359445 claim_id=9f32bd07-ab08-4f1d-a388-8e6894460e31 use=claim fid=FID-20-114807-9 cr=CR6837534309309-2 scheme=SHIF amount=250.00 tx=0xc9cb7d6c2a3b9dd0355ebdd4d21f46d330bca31b4fa5982d2309b6284b0b20b1 claimNumberOnChain=1785055688363754
2026-07-28T08:19:33.150Z OK claim_number=359446 claim_id=4b0c6b6b-4560-4888-8b25-2f0037e4c8c9 use=claim fid=FID-29-117658-4 cr=CR1847455885613-6 scheme=SHIF amount=125.00 tx=0x03e6aa61c7a0ec93a75a692aadbdd5cd9347b8280cfcfa249108a04d5d2cb74f claimNumberOnChain=1785055688363755
2026-07-28T08:19:58.373Z OK claim_number=359447 claim_id=549ed863-7a4a-433b-b0c0-472585d493c3 use=claim fid=FID-20-114807-9 cr=CR0756527641141-0 scheme=SHIF amount=250.00 tx=0x90363c21bb3c82bcf3a0ccb19bf04f92aca9cd96b70d83f8768c4d0f68301f6b claimNumberOnChain=1785055688363756
2026-07-28T08:20:24.731Z OK claim_number=359448 claim_id=b40b8010-cb7a-4b70-9bc5-25f228efc9ea use=claim fid=FID-20-114807-9 cr=CR9826753527656-5 scheme=SHIF amount=250.00 tx=0x7f7aafdca19a3ce3aa6e79be07f1d0f5a0736f35ef30897fe7762a8a30ab088b claimNumberOnChain=1785055688363757
2026-07-28T08:20:49.576Z OK claim_number=359449 claim_id=b0dd5b4f-2c4b-4aee-9edd-f198f88445e5 use=claim fid=FID-20-114807-9 cr=CR3154967835734-8 scheme=SHIF amount=250.00 tx=0xc398d8116e042898cc702a339031bac5ffc92b6c4443c3f199c318a94e3130ba claimNumberOnChain=1785055688363758
2026-07-28T08:21:24.309Z OK claim_number=359450 claim_id=995b0920-59e1-450a-af54-081d8afb6e3d use=claim fid=FID-20-114807-9 cr=CR7764017764832-2 scheme=SHIF amount=312.50 tx=0xab56ca0bdb6c486200e697f03b927db4284e3a9b157a84a578e1e638302c3310 claimNumberOnChain=1785055688363761
2026-07-28T08:22:07.965Z ERR claim_number=359451 claim_id=68771cda-8ca8-4df7-b5d7-29b816764d63 use=claim fid=FID-20-114807-9 cr=BZ26041335-6 error=500 /api/public/eclaim-contract/submit?wait=false: Internal server error
2026-07-28T08:22:51.925Z OK claim_number=359452 claim_id=977c53e9-3e83-451e-a03e-6792ddc7b03f use=claim fid=FID-20-114807-9 cr=CR4949606475076-1 scheme=SHIF amount=375.00 tx=0xd21091617287d89ac2a299f06ffec3119bdeafc88f66dda16e26dd29f2d184c5 claimNumberOnChain=1785055688363765
2026-07-28T08:23:10.894Z OK claim_number=359453 claim_id=d9b77d22-a0f4-4406-8f6d-ad993e415fa1 use=claim fid=FID-29-117658-4 cr=CR9333723873193-8 scheme=SHIF amount=125.00 tx=0x074538190361558c3fdc1d4abef7bde6076a86e8fc19ca9a21c0083f7e38a8f8 claimNumberOnChain=1785055688363766
2026-07-28T08:23:36.118Z OK claim_number=359454 claim_id=28b479ec-6d17-4c85-a65c-b5519954f110 use=claim fid=FID-29-117658-4 cr=CR0818447905178-0 scheme=SHIF amount=125.00 tx=0xf1e62575be31b19cce7f51bdddc8ba96f3f41d9783b947b7eebd57d8ea9e89ca claimNumberOnChain=1785055688363769
2026-07-28T08:24:21.463Z OK claim_number=359455 claim_id=b1cabdf9-7b43-4093-a8ef-0f36011a89a6 use=claim fid=FID-20-114807-9 cr=CR1388536397190-8 scheme=SHIF amount=612.50 tx=0x4d63a0a05bd619c1d6ae7c6e267ab2624f9ec32217b1d5b83e3de93c4003580e claimNumberOnChain=1785055688363770
2026-07-28T08:24:41.787Z OK claim_number=359456 claim_id=52e5ed0b-ded3-42f3-96ef-8b69f203bb7e use=claim fid=FID-20-114807-9 cr=CR4411004633992-5 scheme=SHIF amount=500.00 tx=0x0739c4e5fc072581faaca279ec32b3133de4c009ec13fab044f784e8629c31cf claimNumberOnChain=1785055688363771
2026-07-28T08:25:07.661Z OK claim_number=359457 claim_id=c368b76d-d61b-41bf-9816-f1ca16baa33d use=claim fid=FID-20-114807-9 cr=CR1996068270023-1 scheme=SHIF amount=250.00 tx=0x4317d6037c84f530ffec9a4b7eecf11de8d1f9d5b640eceb66186a914d4fe1e5 claimNumberOnChain=1785055688363772
2026-07-28T08:25:35.662Z OK claim_number=359458 claim_id=25535aec-bdd6-479d-bd9b-a0689f5ee0a7 use=claim fid=FID-20-114807-9 cr=CR8800408950051-8 scheme=SHIF amount=750.00 tx=0x0197bccb9a1bd7c29f9509932385f595a023617443b5adbd8907517226585f4d claimNumberOnChain=1785055688363773
2026-07-28T08:26:00.937Z OK claim_number=359459 claim_id=cffdf075-6061-4e68-a2e8-df5a7a1ca66d use=claim fid=FID-29-117658-4 cr=BZ21663880-9 scheme=SHIF amount=262.50 tx=0x52b108f96bea1c1fd9a75eac2af1c9e8c429a9846d0ff62205f367c24c79aabc claimNumberOnChain=1785055688363774
2026-07-28T08:26:11.647Z OK claim_number=359460 claim_id=ee0d1be7-ede4-404d-8d6a-3c78996cc045 use=claim fid=FID-29-117658-4 cr=CR2520110630992-5 scheme=SHIF amount=125.00 tx=0x901425301e3464dcc65c1734379a1b5198ded0011d4d4d29d7f0548b27bc7ebe claimNumberOnChain=1785055688363775
2026-07-28T08:26:36.530Z OK claim_number=359461 claim_id=1a5a620d-f760-45ed-bff9-6532902ff992 use=claim fid=FID-29-117658-4 cr=CR2015958643511-2 scheme=SHIF amount=100.00 tx=0x74b8db7c0b68a5569f7f278b003df6ef680b562a62d2595f84fb57a404eead6c claimNumberOnChain=1785055688363776
2026-07-28T08:26:47.084Z OK claim_number=359462 claim_id=610bfa0f-ff8a-4c3e-8ae5-72bec75930fe use=claim fid=FID-20-114807-9 cr=CR3734162854126-0 scheme=SHIF amount=250.00 tx=0x6f3c2e2ece4a2595a86d74680e39ad7309030924c9df5ff3c643b2c7553cbd74 claimNumberOnChain=1785055688363777
2026-07-28T08:27:12.247Z OK claim_number=359463 claim_id=c642090a-6ce0-4e7d-80bd-7bd3e049f352 use=claim fid=FID-29-117658-4 cr=CR0236773778534-1 scheme=SHIF amount=100.00 tx=0xfeeb8d0347d5ca58703d7bb212832b49037b117e5c04fa154a82fb0f356483cd claimNumberOnChain=1785055688363778
2026-07-28T08:27:22.886Z ERR claim_number=359464 claim_id=9caa56c5-f8e0-4e8b-918a-d9d9af921a7c use=claim fid=FID-29-117658-4 cr=CR4742727931699-1 error=500 /api/public/eclaim-contract/submit?wait=false: Internal server error
2026-07-28T08:28:06.715Z OK claim_number=359465 claim_id=6f29ced0-3070-4e55-b92f-a86004ec0ae1 use=claim fid=FID-29-117658-4 cr=CR1092666904959-4 scheme=SHIF amount=262.50 tx=0x1ce50d291294a1eb8bfacce3fab205de79dae68d727ec193fb3a96ad3125b1d2 claimNumberOnChain=1785055688363782
2026-07-28T08:28:16.350Z OK claim_number=359466 claim_id=87fe2e37-875e-4513-b605-70008a96faa3 use=claim fid=FID-29-117658-4 cr=CR1092666904959-4 scheme=SHIF amount=2500.00 tx=0x225af2dfd93a669b8c60e3905f5cf4500d3616b911f7e63c6ecaaefc498a42b4 claimNumberOnChain=1785055688363783
2026-07-28T08:28:26.963Z OK claim_number=359467 claim_id=37fc5d62-5ce6-441b-a0e8-128dde66ee45 use=claim fid=FID-20-114807-9 cr=CR1123592099428-6 scheme=SHIF amount=887.50 tx=0x8c3aaadadb6d45a36829ba829bddef5e5ee2c766596fad6dad1d0f6ff8d30789 claimNumberOnChain=1785055688363785
2026-07-28T08:29:05.002Z OK claim_number=359468 claim_id=88082f30-286c-43c2-a5d5-25ff01e402f2 use=claim fid=FID-29-117658-4 cr=CR1092666904959-4 scheme=SHIF amount=375.00 tx=0x3ed7a3c551f13ab9b5775acc1440a54555c38e0fadac6e487ff131862d7b1743 claimNumberOnChain=1785055688363786
2026-07-28T08:29:15.077Z OK claim_number=359469 claim_id=345dc692-2031-42f9-9cc8-4b179d36fe51 use=claim fid=FID-29-117658-4 cr=CR5571956680586-1 scheme=SHIF amount=100.00 tx=0x4b9cdeec3e8185bc840f37c575767bc618c54eec7c016972bed2609f9a848ecc claimNumberOnChain=1785055688363787
2026-07-28T08:29:25.698Z OK claim_number=359470 claim_id=30b18a66-7c74-4404-9928-f32c303634aa use=claim fid=FID-20-114807-9 cr=CR8161859147573-2 scheme=SHIF amount=1250.00 tx=0x7f9ebea1e200e263bfaa946b8f37fd81d9e1b8fa5db50261783039c4b880f785 claimNumberOnChain=1785055688363788
2026-07-28T08:29:51.065Z SKIP claim_number=359471 claim_id=6c26bdf2-51b6-422b-ad6b-2087f6e92a47 reason=zero_amount claimed_total_raw=0.00
2026-07-28T08:29:51.066Z OK claim_number=359472 claim_id=0ca499b8-b506-45fe-9086-70322df7746c use=claim fid=FID-29-117658-4 cr=CR5571956680586-1 scheme=SHIF amount=12.50 tx=0x81c28639726f22dd49d49499d972f3ebe1aea032657b0628224bdb164bf0d598 claimNumberOnChain=1785055688363789
2026-07-28T08:30:01.859Z OK claim_number=359473 claim_id=6e020a5d-2363-4fcc-b7ef-f0cf03a21ccd use=claim fid=FID-29-117658-4 cr=CR5571956680586-1 scheme=SHIF amount=112.50 tx=0x92d46f4f067f3d3aa065cf21a63b0799427ce371adb4a603f22fb5e25fffe04f claimNumberOnChain=1785055688363790
2026-07-28T08:30:12.583Z OK claim_number=359474 claim_id=b9a2c5c4-8893-4f78-b25c-57b2f82161d7 use=claim fid=FID-29-117658-4 cr=CR5571956680586-1 scheme=SHIF amount=144.48 tx=0x2d70c5a3983b4563dc3c2b5004ca770dd3577ec3d69db536d620700afd4ed725 claimNumberOnChain=1785055688363791
2026-07-28T08:30:23.233Z OK claim_number=359475 claim_id=32ce1493-a993-4800-b3ad-9eceff40f45d use=claim fid=FID-20-114807-9 cr=CR4567709895983-3 scheme=SHIF amount=1500.00 tx=0x3777b180de28aff335d6a211b2da182a89ff849275d15c01607f104ae8da7aaa claimNumberOnChain=1785055688363792
2026-07-28T08:30:57.400Z OK claim_number=359476 claim_id=cc354af7-28a5-4f84-ab48-63a5492cc5e4 use=claim fid=FID-29-117658-4 cr=CR5571956680586-1 scheme=SHIF amount=12.50 tx=0x4bfe7c4f3a7947f02fd85b7740695468147c85d688c5acdd59eb1b27f73faf11 claimNumberOnChain=1785055688363793
2026-07-28T08:31:07.892Z OK claim_number=359477 claim_id=00b77c12-03c8-4457-a525-78bcb96ce3d5 use=claim fid=FID-29-117658-4 cr=CR5571956680586-1 scheme=SHIF amount=112.50 tx=0x21ff4180a7b2ffa8a2a8a9c0e1c7e49bbfb282b2156cf2e8e9b9a554db3802bf claimNumberOnChain=1785055688363794
2026-07-28T08:31:18.782Z OK claim_number=359478 claim_id=dd4b81c7-42e5-46b3-a3de-0ac18bd4a6aa use=claim fid=FID-29-117658-4 cr=CR5741345517904-6 scheme=SHIF amount=390.63 tx=0x8ff51d8e8a21002c3a0de7d02762062ca0da05de69bbde56f0c8823c25094bb1 claimNumberOnChain=1785055688363795
2026-07-28T08:31:44.078Z OK claim_number=359479 claim_id=b30f8965-24a2-4ad9-8dc0-d76e08a8ce99 use=claim fid=FID-29-117658-4 cr=CR5571956680586-1 scheme=SHIF amount=144.48 tx=0x1757419a1cf0f7c59f70e4192a98a97734761158fd5763d811bf29bf5366efe9 claimNumberOnChain=1785055688363796
2026-07-28T08:31:54.638Z OK claim_number=359480 claim_id=71fbc4c4-02dd-4173-8c09-481c1c9b4320 use=claim fid=FID-29-117658-4 cr=CR2480049622919-6 scheme=SHIF amount=125.00 tx=0xc541723054308576b14a44dd72d930346df03a82f7eaf22289ba46eaf174248f claimNumberOnChain=1785055688363797
2026-07-28T08:32:23.119Z OK claim_number=359481 claim_id=f15f2f5f-f23b-42dd-906d-98f832187243 use=claim fid=FID-29-117658-4 cr=CR4798182882885-6 scheme=SHIF amount=10.00 tx=0x8b8d4b789e1ba2fd04e7715c64ff76bb210b8f8add483b82c25c498a23ad1f6c claimNumberOnChain=1785055688363798
2026-07-28T08:32:33.915Z SKIP claim_number=359482 claim_id=76145ae9-62f1-4ebc-9ff7-75f3926d1789 reason=zero_amount claimed_total_raw=0.00
2026-07-28T08:32:33.923Z OK claim_number=359483 claim_id=4991ccc7-db49-4629-ac91-d7d8709880a5 use=claim fid=FID-20-114807-9 cr=CR1998632134580-7 scheme=SHIF amount=16625.00 tx=0x3b65eddbb8540c61bdcc80da14f53738433365661e5d0f2ad159aff574b4310c claimNumberOnChain=1785055688363799
2026-07-28T08:32:59.080Z OK claim_number=359484 claim_id=1821f854-b45e-4828-b808-e41a4a3b2fba use=claim fid=FID-29-117658-4 cr=CR8886594578046-4 scheme=SHIF amount=100.00 tx=0x83bd03d241c5f95f935a0de2e744865344b0ee867e548b53ea7c5429f10d7cb1 claimNumberOnChain=1785055688363800
2026-07-28T08:33:09.658Z OK claim_number=359485 claim_id=91d9349d-bea1-4fb1-a595-cccac5b99c44 use=claim fid=FID-29-117658-4 cr=CR4199394261218-7 scheme=SHIF amount=100.00 tx=0x604da213c2f5a6dc784b1b11771377e3243ac7c987813f1b4cc768c98f112617 claimNumberOnChain=1785055688363801
2026-07-28T08:33:20.278Z OK claim_number=359486 claim_id=27604d89-e202-49fe-821c-9fbf011c0e58 use=claim fid=FID-29-117658-4 cr=CR1574204128364-4 scheme=SHIF amount=125.00 tx=0xdaee33de320d3733b84f7b1dcdcf003f2dd430e7e6b66d92637fad0ca17d0306 claimNumberOnChain=1785055688363802
2026-07-28T08:33:47.981Z OK claim_number=359487 claim_id=5039a2eb-6365-4762-9528-af6eeb2c8d6f use=claim fid=FID-29-117658-4 cr=CR4199394261218-7 scheme=SHIF amount=100.00 tx=0xb138f1ca91846279e126439f92e8729984db0898dd1d28ddcaf55c8f98dea35f claimNumberOnChain=1785055688363803
2026-07-28T08:33:58.508Z OK claim_number=359488 claim_id=f739af7e-629d-4edb-9c78-337f68e0839e use=claim fid=FID-20-114807-9 cr=CR4580045243288-8 scheme=SHIF amount=250.00 tx=0x6b13fc4e1029d11d94af68523043fffad742788d1f8d8fc47e4af952864d5980 claimNumberOnChain=1785055688363805
2026-07-28T08:34:33.206Z OK claim_number=359489 claim_id=f39aee1b-7213-45fa-8bf1-5bbe9632fb6f use=claim fid=FID-20-114807-9 cr=CR4021080463417-0 scheme=SHIF amount=500.00 tx=0x3d1873c99b2ec497c3fd99647b2ebfabeef09c2e5ef96d493e7f19e61020ff66 claimNumberOnChain=1785055688363807
2026-07-28T08:35:17.268Z OK claim_number=359490 claim_id=06bfc86f-ab06-46ab-a43b-12a9b3e44463 use=claim fid=FID-29-117658-4 cr=CR9639951692725-4 scheme=SHIF amount=10000.00 tx=0x712acd31998ad67861f538f6c39acf4243c8db9edfd67f5c51f6b252db52e172 claimNumberOnChain=1785055688363808
2026-07-28T08:35:26.578Z OK claim_number=359491 claim_id=9de565ac-98e3-4648-ac56-116c90304dff use=claim fid=FID-20-114807-9 cr=CR1741124523045-8 scheme=SHIF amount=250.00 tx=0x9d382ceaac3105a5d83f47b300069598dc9a8ba6408cba1b0ba1f475b242e27d claimNumberOnChain=1785055688363810
2026-07-28T08:36:00.972Z OK claim_number=359492 claim_id=43204e5b-6f2b-4d8f-a0b5-e41601db457b use=claim fid=FID-29-117658-4 cr=CR4457080300364-4 scheme=SHIF amount=100.00 tx=0x6ea44f3a504ba5e77f46e465f9aa8d9c5569cad0d536ebd91b8fb51d5edbc02b claimNumberOnChain=1785055688363811
2026-07-28T08:36:10.592Z OK claim_number=359493 claim_id=02c2fbb8-7737-4a6c-a2c6-92f7377697ae use=claim fid=FID-29-117658-4 cr=CR0587521523759-0 scheme=SHIF amount=300.00 tx=0xf0c207d2c38fc0a9736458038ada0709141c0791480165f41d4e3194f061aeea claimNumberOnChain=1785055688363812
2026-07-28T08:36:21.302Z OK claim_number=359494 claim_id=f9a571a3-6290-4b76-aac4-9577057edaea use=claim fid=FID-20-114807-9 cr=CR0945304718764-3 scheme=SHIF amount=250.00 tx=0x4c663a66bd75530f75a4849d2ba1e311c1f3f7a09b874ce2669cd2ea7b22e0c8 claimNumberOnChain=1785055688363813
2026-07-28T08:36:46.127Z OK claim_number=359495 claim_id=ae82e008-b936-4595-8eb7-ea4fc6751c8f use=claim fid=FID-29-117658-4 cr=CR4199394261218-7 scheme=SHIF amount=625.00 tx=0x6c14df9f95b671ef8caa71937b3284e9cfc2965f03b2180fd1fd7dd21b830e91 claimNumberOnChain=1785055688363814
2026-07-28T08:36:56.859Z OK claim_number=359496 claim_id=283d5ee1-fb7b-490e-a284-58c472c64db9 use=claim fid=FID-20-114807-9 cr=CR4448657369658-4 scheme=SHIF amount=125.00 tx=0xd6d6ac544666608e22475bac7dd166096cf34f119206c28ececad04e1c7dae3e claimNumberOnChain=1785055688363815
2026-07-28T08:37:30.533Z OK claim_number=359497 claim_id=77df0a70-f062-4b25-b7cd-04cb1de49911 use=claim fid=FID-29-117658-4 cr=CR7400004069070-9 scheme=SHIF amount=100.00 tx=0x2b837898d40ecc8dbc58bf7a15d2e7ab5776e31431f74790d2975c34e7b930b4 claimNumberOnChain=1785055688363816
2026-07-28T08:37:41.251Z OK claim_number=359498 claim_id=1c10f178-df9a-4d9b-b740-c93a467539fc use=claim fid=FID-29-117658-4 cr=CR4457080300364-4 scheme=SHIF amount=500.00 tx=0xd56d1229185bfa428b38a1811f68e8e44ebd1da9a9e2fb77312ba5f43e87bdad claimNumberOnChain=1785055688363817
2026-07-28T08:37:52.008Z OK claim_number=359499 claim_id=8fc2d5cd-6f7e-42be-b860-a75afd4570c2 use=claim fid=FID-29-117658-4 cr=CR5141354681806-1 scheme=SHIF amount=125.00 tx=0x2ae0811607241297fa4bb8b1b58b3740e5388710c7747e3aece05251561f5be1 claimNumberOnChain=1785055688363818
2026-07-28T08:38:16.550Z OK claim_number=359500 claim_id=e13f840a-79a8-4dd0-8305-c27f94d83108 use=claim fid=FID-29-117658-4 cr=CR5115665863033-3 scheme=SHIF amount=125.00 tx=0x458c055d7e8c3cfb0dce2704131ed1a08faedf958ba917a8537d187e208f7f24 claimNumberOnChain=1785055688363819
2026-07-28T08:38:41.108Z OK claim_number=359501 claim_id=acb06311-87b8-40f3-842a-56fbcc86e9b7 use=claim fid=FID-29-117658-4 cr=CR9645760706984-8 scheme=SHIF amount=100.00 tx=0x0636ff040eae337e51c5eaacd33091b43a86424b56ba852b37f91a6146642f8f claimNumberOnChain=1785055688363820
2026-07-28T08:38:51.591Z OK claim_number=359502 claim_id=bc642fb7-15f0-4531-ad49-bde2e7d2e1a4 use=claim fid=FID-29-117658-4 cr=CR9645760706984-8 scheme=SHIF amount=125.00 tx=0xc0faca6c57887782924b6f007b9ee286ff8e3ca6c76514322050d0b6f2cf8cc8 claimNumberOnChain=1785055688363821
2026-07-28T08:39:02.232Z OK claim_number=359503 claim_id=c964ffa6-e78c-444e-8cfb-1cec8a32a14b use=claim fid=FID-29-117658-4 cr=CR5447427347639-7 scheme=SHIF amount=250.00 tx=0x9e7ff97f342677b05fb4c42bbd9c5f20c369aa5774246ab6851431464101cfbc claimNumberOnChain=1785055688363822
2026-07-28T08:39:26.836Z OK claim_number=359504 claim_id=751ec424-b3c4-42d7-b91c-be5a843574c3 use=claim fid=FID-29-117658-4 cr=CR7860562929831-4 scheme=SHIF amount=1312.50 tx=0x2df68d9a87434c96629a459ac00565a4793672c29a2be6dd63b8dca778dc7055 claimNumberOnChain=1785055688363823
2026-07-28T08:39:37.379Z OK claim_number=359505 claim_id=7a2c8759-78b4-4a81-97d0-062408b2244c use=claim fid=FID-29-117658-4 cr=CR3683044549098-3 scheme=SHIF amount=125.00 tx=0x605a3c7d9bcb651d46e2434f8d0d6d9003521046afd31529fe5bae9819dd751e claimNumberOnChain=1785055688363824
2026-07-28T08:40:11.020Z OK claim_number=359506 claim_id=0d59b30f-5bc2-49bf-ae36-f7e3ebbe7212 use=claim fid=FID-29-117658-4 cr=CR7860562929831-4 scheme=SHIF amount=218.75 tx=0x202be7ac0066d7565fac966235f399852fee1d7e1e511272d6f7c1e55b97b5c9 claimNumberOnChain=1785055688363825
2026-07-28T08:40:21.504Z OK claim_number=359507 claim_id=57c48d67-4fee-4bbd-a121-b6053665f870 use=claim fid=FID-20-114807-9 cr=CR7535580163312-7 scheme=SHIF amount=125.00 tx=0x6b659dc91c4b1425b5eb36c9856be14bd130f64a82bc50d19fa084eac69f7b17 claimNumberOnChain=1785055688363826
2026-07-28T08:40:46.105Z OK claim_number=359508 claim_id=da04aaaa-63ed-47ae-ad97-f33c65c36481 use=claim fid=FID-29-117658-4 cr=CR7860562929831-4 scheme=SHIF amount=34.40 tx=0xfd070f8653f761d9b150610266f222690eaa642fed5c12462d8e6240d5089756 claimNumberOnChain=1785055688363827
2026-07-28T08:40:56.683Z OK claim_number=359509 claim_id=762a3002-e382-4d25-9f9b-3c14ed8b1aab use=claim fid=FID-20-114807-9 cr=CR9228170722200-6 scheme=SHIF amount=250.00 tx=0x0c3adb311e37e9bef81bf7f3202ec03305e5e2f48bc3c316dfbc629cc6fd48ba claimNumberOnChain=1785055688363828
2026-07-28T08:41:21.430Z OK claim_number=359510 claim_id=28f2c90d-c40f-435d-97b5-e8e57c80a8da use=claim fid=FID-29-117658-4 cr=CR7860562929831-4 scheme=SHIF amount=1312.50 tx=0xbd23323cc39ce00814ea017c4185cf25e3960eccb73d2ed431e42a677e0fcf74 claimNumberOnChain=1785055688363829
2026-07-28T08:41:32.147Z OK claim_number=359511 claim_id=6f27dda0-bd7e-4b8f-957f-e9715ee4d657 use=claim fid=FID-29-117658-4 cr=CR7860562929831-4 scheme=SHIF amount=218.75 tx=0x4d169f7da87f7a8fbe1dce014cb6fd472ea361c3c9d42871405cea25879f236a claimNumberOnChain=1785055688363830
2026-07-28T08:41:42.498Z OK claim_number=359512 claim_id=9b37383b-f2c0-4543-b543-486e172db267 use=claim fid=FID-29-117658-4 cr=CR7860562929831-4 scheme=SHIF amount=34.40 tx=0xa7af4db0691cb21f035ee6b15de231c6c021be03758b5ed726846db395b6043c claimNumberOnChain=1785055688363831
2026-07-28T08:41:52.884Z OK claim_number=359513 claim_id=67b0576d-4243-4e1a-b2d1-81151e9ece00 use=claim fid=FID-20-114807-9 cr=CR6109117214451-1 scheme=SHIF amount=250.00 tx=0x0d01055b28d173e5385230e1e16b5870ef0cdf0861b17dbb1a41cf9879a77b8b claimNumberOnChain=1785055688363832
2026-07-28T08:42:17.431Z OK claim_number=359514 claim_id=4e780753-ab77-474f-855e-5bf4ff97f6de use=claim fid=FID-29-117658-4 cr=BZ22334289-0 scheme=SHIF amount=192.64 tx=0x005effeaad76070802e54ba0209c6253724aaf743ceefc9ca537c75e848a8436 claimNumberOnChain=1785055688363833
2026-07-28T08:42:28.142Z OK claim_number=359515 claim_id=eb68ec69-e6b9-493e-8415-b8f4a16910cc use=claim fid=FID-29-117658-4 cr=BZ22334289-0 scheme=SHIF amount=250.00 tx=0x832e09d7de265d64d30cfb029d79e53b77bc0fe1bcec7851613a21b1048da665 claimNumberOnChain=1785055688363834
2026-07-28T08:42:38.585Z OK claim_number=359516 claim_id=74f4a2c8-2255-4898-9714-c3542d75c3b2 use=claim fid=FID-29-117658-4 cr=BZ22334289-0 scheme=SHIF amount=192.64 tx=0x20661fd008b20970c06d15deff221fa15f9e47d83702ec0a09eeb04831f0efd3 claimNumberOnChain=1785055688363835
2026-07-28T08:42:49.271Z ERR claim_number=359517 claim_id=f6bf6adf-9778-4279-9785-09755d41613b use=claim fid=FID-20-114807-9 cr=CR6745587060801-6 error=500 /api/public/eclaim-contract/submit?wait=false: Internal server error
2026-07-28T08:43:32.814Z OK claim_number=359518 claim_id=24f25dd9-34ba-4443-88cb-5d1184610846 use=claim fid=FID-29-117658-4 cr=CR1700997209537-3 scheme=SHIF amount=125.00 tx=0x3faf6dff369a4eaf91ff59e20ae87063335b5de2b59a37ff640704310573c25a claimNumberOnChain=1785055688363839
2026-07-29T06:41:45.192Z OK claim_number=359519 claim_id=28d87df8-0c85-4264-a363-a4646623911e use=claim fid=FID-29-117658-4 cr=BZ22334289-0 scheme=SHIF amount=250.00 tx=0xe075d477f6fce79dbabf5b106c57d51c9367ecd914f4c1deee68a217ba49bc64 claimNumberOnChain=1785055688364121
2026-07-29T06:41:56.252Z OK claim_number=359520 claim_id=0503b268-7777-44b7-a95c-f95642265cf6 use=claim fid=FID-29-117658-4 cr=BZ22334289-0 scheme=SHIF amount=192.64 tx=0x9fa10971b59f3fe68e5154110d96b44c0c8395061e9595c17c6523266df08209 claimNumberOnChain=1785055688364122
2026-07-29T06:42:07.540Z OK claim_number=359521 claim_id=89d95286-36ac-42a5-bbdb-1d7cb72c940a use=claim fid=FID-29-117658-4 cr=CR2318255006988-8 scheme=SHIF amount=125.00 tx=0xabd6aa501ea31d09d7091abeca12854cd60e172311beb8e8f687800a7ed54a17 claimNumberOnChain=1785055688364124
2026-07-29T06:42:45.609Z OK claim_number=359522 claim_id=3a9b0775-c36b-4255-9969-5cbb09cf352a use=claim fid=FID-29-117658-4 cr=BZ22334289-0 scheme=SHIF amount=250.00 tx=0x1f6c11d3d7690a896f06e85f2a88119ef907f8ccaaa2080168e8360dc26fb96b claimNumberOnChain=1785055688364125
2026-07-29T06:42:56.394Z OK claim_number=359523 claim_id=ab37ca2a-83eb-48c2-ab61-80043c71c7cf use=claim fid=FID-29-117658-4 cr=BZ22334289-0 scheme=SHIF amount=192.64 tx=0x1d234abb091ab21ad4a2fd0ea0ca32c5908452f96595e327d9dae91d6be4d38a claimNumberOnChain=1785055688364126
2026-07-29T06:43:07.147Z OK claim_number=359524 claim_id=d1ef6da6-b66b-4aa4-b137-a4d6ecc4507f use=claim fid=FID-29-117658-4 cr=BZ22334289-0 scheme=SHIF amount=250.00 tx=0x469bb5695f27c4afb03178951de1d4db61fb2b8fe81bb06f9d3781dde0d7db8f claimNumberOnChain=1785055688364128
2026-07-29T06:43:28.767Z OK claim_number=359525 claim_id=28e17a2e-2247-46f6-a864-aab8a192bfd0 use=claim fid=FID-20-114807-9 cr=CR1253149508161-9 scheme=SHIF amount=375.00 tx=0xfe88ec2570df668eab8f9ec0887c8875c2ef37c54992191ba77a6a03e3fb917b claimNumberOnChain=1785055688364129
2026-07-29T06:44:03.779Z OK claim_number=359526 claim_id=9c311683-41f8-44c6-abb9-893fbf058140 use=claim fid=FID-29-117658-4 cr=CR8348726239384-0 scheme=SHIF amount=125.00 tx=0xe3c26d371eb96e163c959ebc0a441c4432e1a1bd63210e6bb4fa7d35230a2bcc claimNumberOnChain=1785055688364130
2026-07-29T06:44:32.947Z OK claim_number=359527 claim_id=e79a9160-5012-4d6f-b286-8fe15582b0d0 use=claim fid=FID-29-117658-4 cr=BZ22334289-0 scheme=SHIF amount=192.64 tx=0xce4ca10946812a75629d6f7be0bcd688ec64f9f4daaba07403c1c717ff610241 claimNumberOnChain=1785055688364132
2026-07-29T06:44:54.338Z OK claim_number=359528 claim_id=c5fef786-e4ad-4be7-af57-c25fc56d3fef use=claim fid=FID-29-117658-4 cr=BZ22334289-0 scheme=SHIF amount=250.00 tx=0x0ec10370ffff4af95baff6581f0b35272f79175031aedd19cf47c89a822da496 claimNumberOnChain=1785055688364133
2026-07-29T06:45:05.578Z OK claim_number=359529 claim_id=d382e9e4-752f-4156-9f94-a28224c42059 use=claim fid=FID-29-117658-4 cr=CR8380081425973-3 scheme=SHIF amount=125.00 tx=0x3f50d7dd51e9cfdf4341941f96f79b820d2aad52231e9b004d5eb63688f992c1 claimNumberOnChain=1785055688364134
2026-07-29T06:45:31.570Z OK claim_number=359530 claim_id=37c46b5f-ccb9-4a6f-9b40-ab676b8b513a use=claim fid=FID-29-117658-4 cr=BZ22334289-0 scheme=SHIF amount=192.64 tx=0xeb9b95650caad404e122c0fb1a1a489510e672a45e625d7365707e73f88ca329 claimNumberOnChain=1785055688364135
2026-07-29T06:45:42.539Z OK claim_number=359531 claim_id=1260a40e-5259-49bc-97c1-42b3b0351a9f use=claim fid=FID-29-117658-4 cr=BZ22334289-0 scheme=SHIF amount=250.00 tx=0xea06e875c06f791671dba708b5c4d14692d6ebcee51ac826d0bc15e96926ad25 claimNumberOnChain=1785055688364137
2026-07-29T06:46:03.346Z OK claim_number=359532 claim_id=ccfdfd0a-3d06-4b4c-bca3-76640285d55f use=claim fid=FID-29-117658-4 cr=CR5531516887132-6 scheme=SHIF amount=125.00 tx=0x3a05740ea8398a0561f616e845d8cee165a525c6a7a22e1f5420c75c8495fc83 claimNumberOnChain=1785055688364139
2026-07-29T06:46:38.731Z OK claim_number=359533 claim_id=9835c04a-3bf9-4d83-84b5-933e9c154afb use=claim fid=FID-29-117658-4 cr=BZ22334289-0 scheme=SHIF amount=192.64 tx=0xd3e14a91f8a346169999a85bd847d763e2a7c2d9f130403bb4424677afa2f78a claimNumberOnChain=1785055688364140
2026-07-29T06:46:49.603Z OK claim_number=359534 claim_id=1edc3134-4a77-4395-b186-3cfbc61da2f9 use=claim fid=FID-29-117658-4 cr=BZ22334289-0 scheme=SHIF amount=250.00 tx=0xba2b6b5d088c33b1aaaa89dd75b5a277658bc2c81dbfbac87fbc4dda81fa0b38 claimNumberOnChain=1785055688364142
2026-07-29T06:47:10.078Z OK claim_number=359535 claim_id=b52d755f-3a4f-4dc7-abe8-2057b1b6bf37 use=claim fid=FID-20-114807-9 cr=CR1258140472443-7 scheme=SHIF amount=250.00 tx=0x1fcfa68f3c36a0d54db2d90da59f8a287e01148a87541dcec910a8e009f7abba claimNumberOnChain=1785055688364143
2026-07-29T06:47:36.634Z OK claim_number=359536 claim_id=39266554-bc80-4aab-90cb-42da6e2057d1 use=claim fid=FID-29-117658-4 cr=BZ30970942-6 scheme=SHIF amount=625.00 tx=0xb2e96488f7e81bea615f5a0a2177a2199c5b8a1c35091b1b30702223c2298000 claimNumberOnChain=1785055688364144
2026-07-29T06:47:47.606Z OK claim_number=359537 claim_id=5a986657-ff79-48c3-9f44-2e5c92f16f4c use=claim fid=FID-29-117658-4 cr=CR7860562929831-4 scheme=SHIF amount=1500.00 tx=0xf2be7ea0f486bfd297d668a46ab36015c9a8d0a72bf7102d8f42a2491d6001d7 claimNumberOnChain=1785055688364145
2026-07-29T06:47:59.427Z OK claim_number=359538 claim_id=1fc0991f-bbae-4163-865b-4c66846c7415 use=claim fid=FID-20-114807-9 cr=CR1297946854595-5 scheme=SHIF amount=500.00 tx=0x3055efd824ac214cc709a0f0979a6551455e0111cb7d9187d93b5002b8f39816 claimNumberOnChain=1785055688364148
2026-07-29T06:48:48.343Z SKIP claim_number=359539 claim_id=d9788abb-f08b-4f06-b3e9-7f7a3c0e7a5d reason=zero_amount claimed_total_raw=0.00
2026-07-29T06:48:48.347Z OK claim_number=359540 claim_id=f14e6986-25a7-4126-9870-72fe1b507db0 use=claim fid=FID-20-114807-9 cr=CR8779432830636-9 scheme=SHIF amount=125.00 tx=0xfc3514a325c6a68f7f6b2bc7ebaaed5134796d7dcd55cfb13b33167697e00b40 claimNumberOnChain=1785055688364150
2026-07-29T06:49:26.507Z OK claim_number=359541 claim_id=06e0b360-d8db-4836-9dd3-c5f886663fc1 use=claim fid=FID-29-117658-4 cr=CR9645760706984-8 scheme=SHIF amount=250.00 tx=0x9d0c74c475b31349caa0a7e8c4fe7ba269e6147606a5e3f264486d995e9bcb56 claimNumberOnChain=1785055688364151
2026-07-29T06:49:38.066Z OK claim_number=359542 claim_id=8e318200-e68e-4b11-8c12-47f960bc2ffb use=claim fid=FID-20-114807-9 cr=CR5407018563187-9 scheme=SHIF amount=1500.00 tx=0xe035143958588d8b533e51f97fac07f66757460008766c50992e6e0eb9908bc4 claimNumberOnChain=1785055688364152
2026-07-29T06:50:03.868Z OK claim_number=359543 claim_id=05b6f355-5685-40d2-be11-03749423f78e use=claim fid=FID-20-114807-9 cr=CR4896325263248-2 scheme=SHIF amount=375.00 tx=0x40ad5c5a71e72af2ac20cfb22fecd81d755318269c614b7a09c79031857edfe4 claimNumberOnChain=1785055688364153
2026-07-29T06:50:34.176Z OK claim_number=359544 claim_id=c5445f53-d19c-45aa-860b-afc85791fa59 use=claim fid=FID-29-117658-4 cr=CR9645760706984-8 scheme=SHIF amount=250.00 tx=0x1fb06f9b35b9af1c150405720875419cc8b24dae1d478a42a14e91ffa6aac09d claimNumberOnChain=1785055688364155
2026-07-29T06:50:57.098Z OK claim_number=359545 claim_id=24c04a7b-6d3a-4656-baa9-2b7427aa14d2 use=claim fid=FID-29-117658-4 cr=BZ29728796-3 scheme=SHIF amount=100.00 tx=0x025fb0d50014acc16bf2c59d83003aa03f4c39ba3579c19eaa076a77a2ab9a8d claimNumberOnChain=1785055688364156
2026-07-29T06:51:08.820Z OK claim_number=359546 claim_id=ea6d0752-a081-4987-93dd-7a7442f3a9de use=claim fid=FID-29-117658-4 cr=CR3937419286723-1 scheme=SHIF amount=125.00 tx=0xbfe85d47b89177bde5cbfb9ab4521b93d56ebee859e1ece3f1e76f3131e36190 claimNumberOnChain=1785055688364158
2026-07-29T06:51:47.997Z OK claim_number=359547 claim_id=a98c621c-9f1a-4c30-b3c5-1e5b99ba4016 use=claim fid=FID-29-117658-4 cr=CR7400004069070-9 scheme=SHIF amount=250.00 tx=0xe93bf709f84cc71e6716fd8f6f9593e8749a55c521dbca389d047afec7523e0a claimNumberOnChain=1785055688364160
2026-07-29T06:52:09.431Z OK claim_number=359548 claim_id=7e53508f-2545-4d22-a5ba-ee05426f8162 use=claim fid=FID-29-117658-4 cr=CR7400004069070-9 scheme=SHIF amount=250.00 tx=0xa60f4c3a0b58210ad085c10e11dfaa4283db13c7b4334fa652b26068dd97876c claimNumberOnChain=1785055688364161
2026-07-29T06:52:20.408Z OK claim_number=359549 claim_id=cad09302-6d91-4014-9507-0f9d928882a2 use=claim fid=FID-29-117658-4 cr=CR7400004069070-9 scheme=SHIF amount=375.00 tx=0x75af1b6d47971060dd36e1a2083afa801b57ac55009d3c9a2449bc681940b953 claimNumberOnChain=1785055688364162
2026-07-29T06:52:32.161Z OK claim_number=359550 claim_id=b9439421-ca32-496c-a369-4ed675f5c161 use=claim fid=FID-29-117658-4 cr=CR3745438643394-1 scheme=SHIF amount=125.00 tx=0x9c163df2fd1ce1b56d21c7421128773200c1104f05b226a531ab5abc27cb2df9 claimNumberOnChain=1785055688364163
2026-07-29T06:53:02.124Z OK claim_number=359551 claim_id=004b8db8-43a8-41a0-98e3-7f1337045784 use=claim fid=FID-29-117658-4 cr=CR7400004069070-9 scheme=SHIF amount=250.00 tx=0xed5963c7d516e75490a2abde6b6cd6314f3a324ba18de98728ebfb2c7aa6620f claimNumberOnChain=1785055688364164
2026-07-29T06:53:13.623Z OK claim_number=359552 claim_id=2106de3a-873e-4f1f-8a64-97ad5dab8ec1 use=claim fid=FID-29-117658-4 cr=CR7400004069070-9 scheme=SHIF amount=250.00 tx=0xdafadea5961d7d92d9372cbabce2bc8b05b8ea3c0e890a39a468c9db2f82c03f claimNumberOnChain=1785055688364165
2026-07-29T06:53:25.181Z OK claim_number=359553 claim_id=d8740116-1043-4fce-9aeb-32620941a05d use=claim fid=FID-29-117658-4 cr=CR0133488085985-2 scheme=SHIF amount=125.00 tx=0xb548636b317e1abf783c3f656b05ccdad606f2ac370452a148c819e79f2b52c7 claimNumberOnChain=1785055688364166
2026-07-29T06:53:52.369Z OK claim_number=359554 claim_id=aecf8344-908f-47d7-9df2-851ee24b6338 use=claim fid=FID-29-117658-4 cr=CR7400004069070-9 scheme=SHIF amount=375.00 tx=0x40046b14d077f17e418d20bdd839d333c0c3de24c433600101cce36d7681d7e3 claimNumberOnChain=1785055688364167
2026-07-29T06:54:03.336Z OK claim_number=359555 claim_id=f6959177-08dc-4614-b96a-b75136492c5d use=claim fid=FID-29-117658-4 cr=CR2160817833121-1 scheme=SHIF amount=100.00 tx=0xe6333363ae9558b2cf690111d5963a59c83363a40769c1a88f1cb6df80af6201 claimNumberOnChain=1785055688364168
2026-07-29T06:54:14.474Z OK claim_number=359556 claim_id=264efd36-8eb1-4a92-9d82-376df15fa729 use=claim fid=FID-20-114807-9 cr=CR3308966324484-5 scheme=SHIF amount=375.00 tx=0x095ddb963bbc3b5bc8c341e2ae5b6da204aca4c3cb2d24e10d65f14a01c06d29 claimNumberOnChain=1785055688364169
2026-07-29T06:54:40.491Z OK claim_number=359557 claim_id=f3cf6869-726f-4880-86a6-8ee7f327c80a use=claim fid=FID-29-117658-4 cr=CR7400004069070-9 scheme=SHIF amount=100.00 tx=0x9c0a6acca814458c8bb0fdbe7239a75defe21b4fa084b07d8d3dd56e61346593 claimNumberOnChain=1785055688364171
2026-07-29T06:55:02.923Z OK claim_number=359558 claim_id=519c2001-cff8-43f0-abcd-6e56a4e8e4d7 use=claim fid=FID-20-114807-9 cr=CR6852676754340-6 scheme=SHIF amount=750.00 tx=0xbe129f5d2aa84dca7732c1ff39e3f826fa5a9d8323fa2524873fa9cc71ea2e7e claimNumberOnChain=1785055688364172
2026-07-29T06:55:25.254Z OK claim_number=359559 claim_id=314fd2bc-1775-4f9b-93fe-9072b5f153d4 use=claim fid=FID-29-117658-4 cr=CR7400004069070-9 scheme=SHIF amount=100.00 tx=0xc854c9a0b850f86a27cdd3e1edd38fff54987cfc2bc44f1d61fec7e70057c466 claimNumberOnChain=1785055688364173
2026-07-29T06:55:37.380Z OK claim_number=359560 claim_id=368c6e91-8b32-465e-bf83-3b7773a9ed7b use=claim fid=FID-29-117658-4 cr=CR7808491871876-4 scheme=SHIF amount=156.25 tx=0x278e5b65427fae5f4cf14a368ad36178bf89cea963bea07c701a3e8544465b96 claimNumberOnChain=1785055688364174
2026-07-29T06:56:03.520Z OK claim_number=359561 claim_id=287a2683-2483-4473-b283-bf9d7f33598b use=claim fid=FID-20-114807-9 cr=CR9796118914049-6 scheme=SHIF amount=125.00 tx=0xeb7acb2ae856492026c61f16cbc943b5f4dd545a3aedc85391887b1ec29e26bf claimNumberOnChain=1785055688364175
2026-07-29T06:56:31.364Z OK claim_number=359562 claim_id=5a8d2d18-9b3b-449d-b7db-26875f25af7b use=claim fid=FID-29-117658-4 cr=CR2160817833121-1 scheme=SHIF amount=100.00 tx=0xb2c6afd31316b5697049cc524a96dab95325c1b8efc5aeb56085c071e46ece05 claimNumberOnChain=1785055688364176
2026-07-29T06:56:41.536Z OK claim_number=359563 claim_id=4f523c88-4c25-4dcf-af56-52a8fd86548f use=claim fid=FID-29-117658-4 cr=CR4457247183053-0 scheme=SHIF amount=125.00 tx=0x01a01d9f951bb11428923844381a136eca1b73ded6c9f71c879bc20791f703f7 claimNumberOnChain=1785055688364177
2026-07-29T06:57:08.603Z SKIP claim_number=359564 claim_id=98e45090-6b59-4e94-8d77-7648540958f9 reason=zero_amount claimed_total_raw=0.00
2026-07-29T06:57:08.604Z OK claim_number=359565 claim_id=70e32e58-b0c4-4bfa-b657-7cd18628848b use=claim fid=FID-29-117658-4 cr=CR2425262971791-3 scheme=SHIF amount=125.00 tx=0xa4f5f81300f1899cda93c8badbb46f4730fe8e8c93cbcd157790114d6aa0b30a claimNumberOnChain=1785055688364178
2026-07-29T06:57:38.226Z OK claim_number=359566 claim_id=823fee4e-df4e-4a5b-9625-1a1e538242e6 use=claim fid=FID-29-117658-4 cr=CR5749088994631-5 scheme=SHIF amount=100.00 tx=0xa1949a2369591eb728c47d9e0ac599cd2e7b837bab21a5d596b39336585d5158 claimNumberOnChain=1785055688364179
2026-07-29T06:57:49.737Z OK claim_number=359567 claim_id=2a1dbc39-f46c-49f4-9bb9-dd6e6ea6705c use=claim fid=FID-29-117658-4 cr=CR4904944877318-9 scheme=SHIF amount=100.00 tx=0xd6af2db0358af23200f36cd671855a93f8c35f3c3cc314cc53756ff4a657f4a8 claimNumberOnChain=1785055688364180
2026-07-29T06:58:00.891Z OK claim_number=359568 claim_id=ed4cd945-4b0a-4c4e-8634-3eabc6a67959 use=claim fid=FID-29-117658-4 cr=CR6507566168027-1 scheme=SHIF amount=125.00 tx=0x6326a339469878878728f97c1af47e830e1f2361fecd6e7bef46fab7231b933f claimNumberOnChain=1785055688364181
2026-07-29T06:58:24.356Z OK claim_number=359569 claim_id=1b62744c-fd49-41b5-9b64-d31d1e857540 use=claim fid=FID-29-117658-4 cr=CR7400004069070-9 scheme=SHIF amount=100.00 tx=0xde33f3dcdf0967e5bf26081d2468f0a3593a9ea81b9351237557a0483001bf0b claimNumberOnChain=1785055688364182
2026-07-29T06:58:35.706Z OK claim_number=359570 claim_id=f646b01e-fab5-4ff9-8455-ccd459f32956 use=claim fid=FID-20-114807-9 cr=CR1048164050540-5 scheme=SHIF amount=125.00 tx=0x5acee6cd5ad543d7c53a23c67783051e996724aab5816a94ee2617ce1bd9e3c7 claimNumberOnChain=1785055688364183
2026-07-29T06:58:59.925Z OK claim_number=359571 claim_id=6172632d-087b-44f8-a251-adf3542aba0b use=claim fid=FID-29-117658-4 cr=CR8727405005556-7 scheme=SHIF amount=625.00 tx=0x560025a7aa2b137d7b9e3c831b76ac6bbfe0c6ca888604069b3a1aa579cde51e claimNumberOnChain=1785055688364184
2026-07-29T06:59:11.776Z OK claim_number=359572 claim_id=be5b2e31-80a9-4ace-9880-caef9c67fbbc use=claim fid=FID-20-114807-9 cr=CR5767111200100-8 scheme=SHIF amount=125.00 tx=0x79443c69fa61f01182c9115c0e6a034012c59e46493cbda32f64dc2eb2d11089 claimNumberOnChain=1785055688364185
2026-07-29T06:59:34.959Z OK claim_number=359573 claim_id=909a148c-5e39-4d1c-af89-61e2ee6db488 use=claim fid=FID-29-117658-4 cr=CR4686598781823-1 scheme=SHIF amount=46.95 tx=0xe5915c34734f8f7726f10fd37dd8ec2db186d6c084f6fb941b90d216f752d8bd claimNumberOnChain=1785055688364186
2026-07-29T06:59:46.652Z OK claim_number=359574 claim_id=a114e9e8-76d2-4260-a4dd-1219353a6719 use=claim fid=FID-29-117658-4 cr=CR4686598781823-1 scheme=SHIF amount=87.50 tx=0x7801d58bd18939e95dd23338c9c7097f7ed3834b4f7093781c0811472c3c1349 claimNumberOnChain=1785055688364187
2026-07-29T06:59:59.089Z OK claim_number=359575 claim_id=2ed18273-5945-4f02-83fc-e5bc9e14e225 use=claim fid=FID-20-114807-9 cr=CR4654532436326-1 scheme=SHIF amount=12625.00 tx=0x8a31c69301d2968b7e5ddb3a325c2519fc5e3cba2b79a9c036fc44c870cc90cd claimNumberOnChain=1785055688364188
2026-07-29T07:00:22.610Z OK claim_number=359576 claim_id=e6a40ff7-5f45-4bac-be75-5acefde02d86 use=claim fid=FID-29-117658-4 cr=CR4686598781823-1 scheme=SHIF amount=46.95 tx=0xf6940c50d7877baffe083b417494d8d8866399cfa391eeba68c190319151e762 claimNumberOnChain=1785055688364190
2026-07-29T07:00:49.030Z OK claim_number=359577 claim_id=ebd32404-51dc-4429-b374-d7e49eab42cf use=claim fid=FID-29-117658-4 cr=CR4686598781823-1 scheme=SHIF amount=87.50 tx=0xf7b3328b78b9c27093769e8215a7d9dd42d010cfef0dffbf1c73afa5d4c28584 claimNumberOnChain=1785055688364192
2026-07-29T07:01:14.014Z OK claim_number=359578 claim_id=10b96755-d4e3-4d55-9000-a22ef3afdf59 use=claim fid=FID-20-114807-9 cr=CR1678527439961-0 scheme=SHIF amount=375.00 tx=0xc8f14efefec5ec6765dc3d452c3e26dc0e070715460f4d8034519475c6c75286 claimNumberOnChain=1785055688364194
2026-07-29T07:01:52.032Z OK claim_number=359579 claim_id=c175b72d-030f-4be8-986d-572cb7d5de4d use=claim fid=FID-29-117658-4 cr=CR4686598781823-1 scheme=SHIF amount=46.95 tx=0x5ee652bdd40bdb936c67b6d0a56350da13cd2cde63d97942f3cf9e7aee9ce968 claimNumberOnChain=1785055688364195
2026-07-29T07:02:04.023Z OK claim_number=359580 claim_id=e2e3c961-6bbc-4981-bad5-f823d9f78a27 use=claim fid=FID-29-117658-4 cr=CR4686598781823-1 scheme=SHIF amount=87.50 tx=0xfd6cc3fb0b99318647a97d0438ea31f44bedc7ac615dff945885550635098672 claimNumberOnChain=1785055688364196
2026-07-29T07:02:16.810Z OK claim_number=359581 claim_id=eb5c7a5f-2b22-4dbd-905b-c6d0397a3573 use=claim fid=FID-29-117658-4 cr=CR2392359141447-0 scheme=SHIF amount=125.00 tx=0xb42052b0c8342fc6568d444215848b304deb824fd844cd6a196687bdaf561617 claimNumberOnChain=1785055688364197
2026-07-29T07:02:43.986Z OK claim_number=359582 claim_id=611ae369-c739-4c3d-ae86-5542d3b0891c use=claim fid=FID-29-117658-4 cr=CR4686598781823-1 scheme=SHIF amount=46.95 tx=0x671cd98eeb650e3347e5e7390c019979efaa15c15d52b25de7a26c3acecdace1 claimNumberOnChain=1785055688364198
2026-07-29T07:02:54.528Z OK claim_number=359583 claim_id=e22d81f8-9193-4266-b69c-5ff4bc41f57b use=claim fid=FID-20-114807-9 cr=CR2309035938851-8 scheme=SHIF amount=250.00 tx=0x23ddf3df4e4b08d3b0cd1631370153e9d99fdbe53c6a3e1700f1cd8dfe64f04b claimNumberOnChain=1785055688364199
2026-07-29T07:03:21.812Z OK claim_number=359584 claim_id=f3837474-af7e-4503-a4a6-5cea630bebe7 use=claim fid=FID-29-117658-4 cr=CR4686598781823-1 scheme=SHIF amount=87.50 tx=0xf205c85a7367f2cbd1344119ab597546724dcafa667ff34f9aedd30388168840 claimNumberOnChain=1785055688364200
2026-07-29T07:03:33.104Z OK claim_number=359585 claim_id=0af68212-b65e-43e5-9bae-841f0ea03b86 use=claim fid=FID-29-117658-4 cr=CR4686598781823-1 scheme=SHIF amount=46.95 tx=0x359ad69e0b1d14ef729c49dca0fc1ec44bbd2b7e8ec3297597fca83a29e9edfa claimNumberOnChain=1785055688364201
2026-07-29T07:03:45.071Z OK claim_number=359586 claim_id=c00281e1-7954-484f-8787-5d68ec3b139d use=claim fid=FID-29-117658-4 cr=CR4686598781823-1 scheme=SHIF amount=87.50 tx=0x4c0bd28bf1bb3bb1e7a79584c3083fa2a44fdaf29b2e88e8985a4342446cf2f2 claimNumberOnChain=1785055688364203
2026-07-29T07:04:08.325Z OK claim_number=359587 claim_id=6eb10f9a-9397-4a76-9cf5-37629e7a6a33 use=claim fid=FID-20-114807-9 cr=CR7469052404873-7 scheme=SHIF amount=937.50 tx=0x0f62c406e35396ceb353b0a6ba1cfc9039cde9d78108dafc6e9886354b3c5268 claimNumberOnChain=1785055688364205
2026-07-29T07:04:58.311Z OK claim_number=359588 claim_id=949ce563-f51f-4e54-8064-91dc75a99119 use=claim fid=FID-29-117658-4 cr=CR4686598781823-1 scheme=SHIF amount=46.95 tx=0x5c9c6b6f994a97564a1d9a71351eef3862f05fd2a1c52a1ef32041bbbc677633 claimNumberOnChain=1785055688364206
2026-07-29T07:05:12.249Z OK claim_number=359589 claim_id=f968643c-3248-48e0-b0ea-2147e085d082 use=claim fid=FID-20-114807-9 cr=CR8305048563587-4 scheme=SHIF amount=375.00 tx=0x957ce7acd3b4552c8bd28829eaa16d5020b654ec279f0d5269a05d01a9bb74e7 claimNumberOnChain=1785055688364209
2026-07-29T07:06:03.072Z OK claim_number=359590 claim_id=d415b46c-30b3-4806-8d8c-cf6ef0a2f937 use=claim fid=FID-29-117658-4 cr=CR4686598781823-1 scheme=SHIF amount=87.50 tx=0xed97094cf41aa32699d1903cbc9efd83c5de17bd81802832bd2da643731bd600 claimNumberOnChain=1785055688364210
2026-07-29T07:06:13.963Z OK claim_number=359591 claim_id=d8b7ffff-30c7-4432-915a-13d962e41905 use=claim fid=FID-29-117658-4 cr=CR7708198143639-0 scheme=SHIF amount=125.00 tx=0xc4c0b20b4d50c9f368fb6b5c4d22fb9aec2c96d308c66ef4220eecea5f5747e1 claimNumberOnChain=1785055688364211
2026-07-29T07:06:37.606Z OK claim_number=359592 claim_id=cc576450-e9b7-43f6-9b65-ed51c719e81e use=claim fid=FID-29-117658-4 cr=CR4686598781823-1 scheme=SHIF amount=46.95 tx=0x072f4a86effb0e9817f4624a343b34d81ca069c6109bcbb2371c95f6b5f38a6a claimNumberOnChain=1785055688364212
2026-07-29T07:06:50.216Z OK claim_number=359593 claim_id=c8dcdd7d-6f26-46aa-bc42-0db523cf1e7e use=claim fid=FID-29-117658-4 cr=CR4686598781823-1 scheme=SHIF amount=87.50 tx=0x61f2f69ce4e4ee9fb3ca70ca9056595d3dce47cbb65c0210657320b5ec96cd42 claimNumberOnChain=1785055688364213
2026-07-29T07:07:02.061Z OK claim_number=359594 claim_id=92335c0d-1077-4d2c-92d7-d716dec0c615 use=claim fid=FID-29-117658-4 cr=CR1978938864029-6 scheme=SHIF amount=125.00 tx=0xdb38aacfc5b846b661038272bb8f19366586878ebb9b3b6b01b62bca786272fc claimNumberOnChain=1785055688364214
2026-07-29T07:07:30.179Z OK claim_number=359595 claim_id=a8ec8bd7-b352-4604-af07-651ecf8345b1 use=claim fid=FID-29-117658-4 cr=CR8727405005556-7 scheme=SHIF amount=100.00 tx=0xc55f8bdebd30ab35bbcf6c063025e4e53d0d4881623038d6887f149ac2f373ae claimNumberOnChain=1785055688364215
2026-07-29T07:07:40.645Z OK claim_number=359596 claim_id=97f0139f-718b-4be3-b13f-a7268f7d2f21 use=claim fid=FID-29-117658-4 cr=BZ29728796-3 scheme=SHIF amount=625.00 tx=0x5b3100fb01bedb3a4bbd29e2085164319c902af9972d1c949841d21aaf99b3be claimNumberOnChain=1785055688364216
2026-07-29T07:07:53.042Z OK claim_number=359597 claim_id=d66e7f39-0370-4717-830a-2ab6bd639ee2 use=claim fid=FID-20-114807-9 cr=CR3564348162187-9 scheme=SHIF amount=2468.75 tx=0x5fe2b6cd1b38f777d6522ea166ccb46152ccacd0911a7697769f3ef1bea95aca claimNumberOnChain=1785055688364217
2026-07-29T07:08:15.597Z OK claim_number=359598 claim_id=fe41d689-5e0a-4022-9cf3-a0d7b51a5ea7 use=claim fid=FID-29-117658-4 cr=CR6509895938248-3 scheme=SHIF amount=100.00 tx=0x17fc30083ab9993ad814043e4a7d830134893a5ff28775516856d3ac142bf58b claimNumberOnChain=1785055688364218
2026-07-29T07:08:27.418Z OK claim_number=359599 claim_id=1ae4b271-c2fd-473a-981c-40526dd65974 use=claim fid=FID-20-114807-9 cr=CR2743231694069-0 scheme=SHIF amount=375.00 tx=0x7b6297b0cb13465f08bd82e6dc7885f48a4cd44ee768456eeea2488044e5dd2c claimNumberOnChain=1785055688364219
2026-07-29T07:08:56.057Z OK claim_number=359600 claim_id=d1bdb9bf-170a-48f5-9c7b-c32a36c018b1 use=claim fid=FID-29-117658-4 cr=CR4686598781823-1 scheme=SHIF amount=46.95 tx=0x076cf63ede6295d4b2d504b1e7d67687203f47e119b164840b8bc1a54c79b626 claimNumberOnChain=1785055688364220
2026-07-29T07:09:07.555Z OK claim_number=359601 claim_id=6f57d85e-c85b-44ea-a1ab-10c529829223 use=claim fid=FID-29-117658-4 cr=CR4686598781823-1 scheme=SHIF amount=87.50 tx=0x831a14469642e0d092026eb4584960f825653169a05b9f6517182e5b895d3edc claimNumberOnChain=1785055688364221
2026-07-29T07:09:18.166Z OK claim_number=359602 claim_id=cd3e1e29-6065-4450-bdd3-61f655102fe1 use=claim fid=FID-29-117658-4 cr=CR4686598781823-1 scheme=SHIF amount=46.95 tx=0xd728897a152d02a7761c4382585afd50b6c2419e60e77563b30b333cad4f3af1 claimNumberOnChain=1785055688364222
2026-07-29T07:09:29.730Z OK claim_number=359603 claim_id=8999d4fd-9213-4d7e-9967-c8ae952f4de6 use=claim fid=FID-29-117658-4 cr=CR4686598781823-1 scheme=SHIF amount=87.50 tx=0x0990c2687c90a83cf5835e24912f7934d896bf705ea7d4d3db4aac3ffa9c8ae7 claimNumberOnChain=1785055688364223
2026-07-29T07:09:41.818Z OK claim_number=359604 claim_id=511f6ddb-3943-403c-8923-a03b2923d10e use=claim fid=FID-29-117658-4 cr=CR6991645469498-5 scheme=SHIF amount=125.00 tx=0x6cdf71b1877351bbf724d650b07a222d5f44df04821fca89e52f71b0280b2728 claimNumberOnChain=1785055688364225
2026-07-29T07:10:05.788Z OK claim_number=359605 claim_id=bc796a61-3bd9-4cdd-9298-20d984fe0ea0 use=claim fid=FID-20-114807-9 cr=CR7890297198580-8 scheme=SHIF amount=2902.86 tx=0xfb96662ae9082be14837e2071f1483d14fd7845593117ce3deed307506bccecd claimNumberOnChain=1785055688364226
2026-07-29T07:10:17.256Z OK claim_number=359606 claim_id=9acd41d4-d1b0-41a3-8e10-2ee8e5694e22 use=claim fid=FID-29-117658-4 cr=CR4686598781823-1 scheme=SHIF amount=46.95 tx=0x1dc41728f16344e2c67696034215161effb605b96f7f545b3fdc3703b510e537 claimNumberOnChain=1785055688364228
2026-07-29T07:10:41.635Z OK claim_number=359607 claim_id=99394cdf-2ab5-4bee-a40d-388b0db464eb use=claim fid=FID-29-117658-4 cr=CR4686598781823-1 scheme=SHIF amount=87.50 tx=0x185da8047fa43b77a99d0c7303198fb8635fa7399f80e3e80b49197367fa4567 claimNumberOnChain=1785055688364229
2026-07-29T07:10:52.505Z OK claim_number=359608 claim_id=1a4b2d8e-e45f-4421-81fb-bc4f9cd5103f use=claim fid=FID-29-117658-4 cr=CR3156232607267-2 scheme=SHIF amount=125.00 tx=0x685ccafd44c8f67bff9ad74ee9ea15edbc3d51003f54b7d017cc2d8cd4431749 claimNumberOnChain=1785055688364230
2026-07-29T07:11:02.811Z OK claim_number=359609 claim_id=e5a80daa-e57b-4f10-b3b8-d1599cd96275 use=claim fid=FID-20-114807-9 cr=CR9406063951778-4 scheme=SHIF amount=875.00 tx=0xdf85737083783b21e207193f6a5333f93921590326342912bebcdbf842a34127 claimNumberOnChain=1785055688364232
2026-07-29T07:11:25.138Z OK claim_number=359610 claim_id=beca0b8f-afa6-445a-ba27-0c78ac0bbdfa use=claim fid=FID-29-117658-4 cr=CR4686598781823-1 scheme=SHIF amount=46.95 tx=0x73cb2863b16d3564eeefb363f51929bbaeb0c239a53480529402696454dcfb3f claimNumberOnChain=1785055688364233
2026-07-29T07:11:36.973Z OK claim_number=359611 claim_id=5eda1496-97d3-41c6-9e39-cf323511d4a8 use=claim fid=FID-29-117658-4 cr=CR4686598781823-1 scheme=SHIF amount=87.50 tx=0x486ca48238fbf0229b6e7a680e67555bc48c19b2cc0cc4aaecb34884d588e128 claimNumberOnChain=1785055688364234
2026-07-29T07:11:49.288Z OK claim_number=359612 claim_id=6b7aed6e-03d4-467d-b177-5f6fecb48177 use=claim fid=FID-20-114807-9 cr=CR9944025350854-8 scheme=SHIF amount=125.00 tx=0x5267c0fc07d8fdd2d59131c45c73b61cb9ff909ddcd2d4a20664da191c29fbf4 claimNumberOnChain=1785055688364236
2026-07-29T07:12:13.066Z OK claim_number=359613 claim_id=2f96c6c7-6776-4812-a85a-435445e1c329 use=claim fid=FID-20-114807-9 cr=CR3009508243695-6 scheme=SHIF amount=311435.24 tx=0x826aa3010bac7ce6860fcb84f36731c130d6ee356c6b98f57f05474f7cffa0ce claimNumberOnChain=1785055688364237
2026-07-29T07:12:25.434Z OK claim_number=359614 claim_id=d4288f83-4a42-43ef-91bb-730ea32470f7 use=claim fid=FID-29-117658-4 cr=CR8727405005556-7 scheme=SHIF amount=625.00 tx=0x49754b83b53d250479dd603a6fbd0b412fa92ec889077dfb19a476dd2f2dcb85 claimNumberOnChain=1785055688364240
2026-07-29T07:12:58.434Z OK claim_number=359615 claim_id=6fd3effe-d627-40ab-aa2f-fcc75bda99e0 use=claim fid=FID-20-114807-9 cr=CR0904346950048-8 scheme=SHIF amount=250.00 tx=0x07512017149799b1189557a015dc6a6ba1de1982dbd98242361cf1978bd69f7b claimNumberOnChain=1785055688364241
2026-07-29T07:13:09.774Z OK claim_number=359616 claim_id=f9b2c351-ec89-4188-9193-c7d9acec4b94 use=claim fid=FID-29-117658-4 cr=CR6183688864153-5 scheme=SHIF amount=125.00 tx=0xb575f2f8f5c5e4700d0908a2f8c1aec758426e93c9adf9160048058165d001e1 claimNumberOnChain=1785055688364244
2026-07-29T07:13:44.014Z OK claim_number=359617 claim_id=bb22949b-3b86-4399-9917-56dfa3530194 use=claim fid=FID-29-117658-4 cr=CR8727405005556-7 scheme=SHIF amount=600.00 tx=0x17dfab400b4711c0db698f131bce17c1d2e952ce2cf72cd07753f530e70ffe81 claimNumberOnChain=1785055688364245
2026-07-29T07:13:56.606Z OK claim_number=359618 claim_id=8f4d18e8-c34c-497f-9dfb-3145f94492bf use=claim fid=FID-20-114807-9 cr=CR5783935248467-7 scheme=SHIF amount=250.00 tx=0x675f982e3ff2934855ea541f5ae3bb082908cc83bbf60f2c9a4fe005cec2cce4 claimNumberOnChain=1785055688364246
2026-07-29T07:14:08.762Z OK claim_number=359619 claim_id=7a101bd1-0b2a-4e28-9179-83b29ec8f8e3 use=claim fid=FID-29-117658-4 cr=CR8727405005556-7 scheme=SHIF amount=500.00 tx=0x52f5d97158705db06f6a1ccc80c46249a644e2549a94f6c37b1f9f824f73675c claimNumberOnChain=1785055688364248
2026-07-29T07:14:31.334Z OK claim_number=359620 claim_id=77e98ca0-31c1-406d-87da-cbb51e49b69a use=claim fid=FID-20-114807-9 cr=CR9009599219515-2 scheme=SHIF amount=281.25 tx=0xcbdf9e5fe1a64a454a2c5ba47dc853c9d0b2c2c4003138cfa3b7d5a2efd052b1 claimNumberOnChain=1785055688364249
2026-07-29T07:14:43.535Z OK claim_number=359621 claim_id=730040b9-402a-42dc-a91b-ad105cd71025 use=claim fid=FID-29-117658-4 cr=CR3928672760384-2 scheme=SHIF amount=100.00 tx=0xff733c84a57d36de0ba0c570bbc98ecbb63fa35da574a134e5fbc3b258596480 claimNumberOnChain=1785055688364250
2026-07-29T07:14:54.738Z OK claim_number=359622 claim_id=9353e452-d002-4c3b-a1f8-840f9fd726db use=claim fid=FID-29-117658-4 cr=CR4327095730487-9 scheme=SHIF amount=125.00 tx=0x2547b01a3f5cac7166188e11e6e46c3e6659e003f87b4d4106b90fe18ca7ef49 claimNumberOnChain=1785055688364251
2026-07-29T07:15:06.582Z OK claim_number=359623 claim_id=8bff537a-5f75-468f-824a-01e2e7c8aae7 use=claim fid=FID-29-117658-4 cr=CR3570468280090-0 scheme=SHIF amount=125.00 tx=0xe88cf19bc13e17c90cec7c5607cefe89f18aca64188a10df4f59e6383ea21f50 claimNumberOnChain=1785055688364252
2026-07-29T07:15:18.231Z OK claim_number=359624 claim_id=d86c19fb-d39d-4f87-9a73-06c313605502 use=claim fid=FID-29-117658-4 cr=CR7860562929831-4 scheme=SHIF amount=100.00 tx=0x32e3270f650d5ba9df753439322cf21e707a8a2ed4e759d708707b0e8d2ab149 claimNumberOnChain=1785055688364255
2026-07-29T07:15:54.152Z OK claim_number=359625 claim_id=9c88dfe2-0802-4908-b28b-4bd63a8547cc use=claim fid=FID-29-117658-4 cr=CR4203603176163-7 scheme=SHIF amount=125.00 tx=0x7de31a86d6f929c10d23252b51af82f0e67f69d724f43128af1e80af558f9cb3 claimNumberOnChain=1785055688364256
2026-07-29T07:16:06.318Z OK claim_number=359626 claim_id=5aa288e3-ec7e-43f1-8ce6-77d8e3025a90 use=claim fid=FID-29-117658-4 cr=CR8727405005556-7 scheme=SHIF amount=266.05 tx=0xd39302f20aae03f7369cb3dc3de5cbe737ed60857d065a09699c543f72fec059 claimNumberOnChain=1785055688364257
2026-07-29T07:16:18.321Z OK claim_number=359627 claim_id=34ceb8b8-ea20-41f4-aaaa-f9432cea6cca use=claim fid=FID-20-114807-9 cr=CR4454134831133-9 scheme=SHIF amount=375.00 tx=0x5b1404203a62148b2f04750f1bde289366bf22aa30fa4fb5a4ec0ecc5c0839fb claimNumberOnChain=1785055688364259
2026-07-29T07:16:46.484Z OK claim_number=359628 claim_id=7a2023fe-9106-4ff5-9d04-56ded5745f15 use=claim fid=FID-29-117658-4 cr=CR8727405005556-7 scheme=SHIF amount=266.05 tx=0xa1c8b351e945e135e40d78b7fca5fe1efc9fd2ba713b207de8393d6209fc8c13 claimNumberOnChain=1785055688364260
2026-07-29T07:16:59.436Z OK claim_number=359629 claim_id=503cb184-46d8-4d37-8c0d-55f55ca0651b use=claim fid=FID-29-117658-4 cr=CR6699621974419-5 scheme=SHIF amount=125.00 tx=0x6d19f28ed5e82d8411b7421056d3d884ae034817b4fab116ab5a008271012b44 claimNumberOnChain=1785055688364261
2026-07-29T07:17:13.110Z OK claim_number=359630 claim_id=f2dca7be-0182-4944-a215-efb26ded6b99 use=claim fid=FID-20-114807-9 cr=CR5504779330205-0 scheme=SHIF amount=125.00 tx=0x7090bd77f3994f1eb1870670141e2a147d92507c72cb10873ae196d14211ab36 claimNumberOnChain=1785055688364262
2026-07-29T07:17:25.647Z OK claim_number=359631 claim_id=5047f158-1285-4dd2-8505-6181a0f2628f use=claim fid=FID-29-117658-4 cr=CR8706882107674-0 scheme=SHIF amount=100.00 tx=0x543ea1f2557ac604e890236821d44d3b63b2f80868517ab602a0c2cf1ed3503b claimNumberOnChain=1785055688364263
2026-07-29T07:17:36.927Z OK claim_number=359632 claim_id=e518760c-82b8-4fbf-b9c3-bb833a933177 use=claim fid=FID-29-117658-4 cr=CR1719173865679-5 scheme=SHIF amount=125.00 tx=0xa2030ae1e22cd27319b6abbaf9b2b6060ccd1d1524700cb5032c879b5bce92b2 claimNumberOnChain=1785055688364264
2026-07-29T07:17:48.004Z ERR claim_number=359633 claim_id=3ff1e051-eab5-44c6-9896-1f9a26fcf09f use=claim fid=FID-29-117658-4 cr=CR7335961151003-0 error=500 /api/public/eclaim-contract/submit?wait=false: Internal server error
2026-07-29T07:18:21.708Z ERR claim_number=359634 claim_id=17864dc5-5ff6-48e4-a5ef-a6dc90b1c0cb use=claim fid=FID-29-117658-4 cr=CR4195890425516-8 error=500 /api/public/eclaim-contract/submit?wait=false: Internal server error
2026-07-29T07:18:54.425Z OK claim_number=359635 claim_id=ba6b1118-0563-4418-baea-23bc71d0f8a8 use=claim fid=FID-29-117658-4 cr=CR4195890425516-8 scheme=SHIF amount=22.50 tx=0x7f7960590ed28b2b890dd27aec5fcbf5c44b96e5aa0ee3d116345ef880ec9706 claimNumberOnChain=1785055688364271
2026-07-29T07:19:11.276Z OK claim_number=359636 claim_id=317177a6-f3ad-4894-bf3c-a3cf4313290a use=claim fid=FID-20-114807-9 cr=CR8558592408424-0 scheme=SHIF amount=375.00 tx=0xe09bc9d8ef9e2a2a60ba73c92520f124bfe547de69b76648a18370ec30da0948 claimNumberOnChain=1785055688364272
2026-07-29T07:19:31.172Z OK claim_number=359637 claim_id=0324fcda-be2f-46e6-92a8-6502b8b9437f use=claim fid=FID-29-117658-4 cr=CR4195890425516-8 scheme=SHIF amount=75.00 tx=0xaee0cd1381c87628bdd0d79b68195ad9bd8efe05101f83016b89f9c1375f01e6 claimNumberOnChain=1785055688364273
2026-07-29T07:19:41.880Z OK claim_number=359638 claim_id=dc7fbd82-d3a5-4bb8-8fb4-7b9b0ed739bf use=claim fid=FID-29-117658-4 cr=CR4195890425516-8 scheme=SHIF amount=22.50 tx=0x38425db4c93031e4673efd4dcbc2249f82f779fb0be97d2a4b17729949c4997a claimNumberOnChain=1785055688364274
2026-07-29T07:19:56.427Z OK claim_number=359639 claim_id=73a5e6e0-178e-49a7-8991-a14212516f08 use=claim fid=FID-29-117658-4 cr=CR6462015908029-3 scheme=SHIF amount=125.00 tx=0xfa17911edc30bf5f912dc73ae6684f2f07fe686105d94d424c45813af3a83c9f claimNumberOnChain=1785055688364275
2026-07-29T07:20:22.861Z OK claim_number=359640 claim_id=a75a8f14-5823-4eac-88d3-1d8ff471f1e4 use=claim fid=FID-29-117658-4 cr=CR4195890425516-8 scheme=SHIF amount=75.00 tx=0x839e1e138628c9fb82e6a9f916610b8850bfc793a6f6d55eddc8b3c3cb30acbb claimNumberOnChain=1785055688364276
2026-07-29T07:20:34.733Z OK claim_number=359641 claim_id=c5f8a11b-c991-4188-b9b8-2ffbea312f2b use=claim fid=FID-29-117658-4 cr=CR4195890425516-8 scheme=SHIF amount=22.50 tx=0xee2dbe736a092e05c50670087f51730559147c18ff28786503d5890117360f0c claimNumberOnChain=1785055688364277
2026-07-29T07:20:47.705Z OK claim_number=359642 claim_id=8e2e3cab-7ff7-4042-a18c-359abb3d9bc3 use=claim fid=FID-29-117658-4 cr=CR0486353985439-0 scheme=SHIF amount=125.00 tx=0xbbb51ca2330c90636d10fd2914699682c798ecbaa99b5e42949b3bde172c7bf3 claimNumberOnChain=1785055688364278
2026-07-29T07:21:12.060Z OK claim_number=359643 claim_id=6fb77377-1ac5-4882-9ccc-af1b6107bc7b use=claim fid=FID-29-117658-4 cr=CR4195890425516-8 scheme=SHIF amount=75.00 tx=0x2c20230445e1402297c50e5026075985436f0333fb51258a7e6090bc48a74af4 claimNumberOnChain=1785055688364279
2026-07-29T07:21:22.773Z OK claim_number=359644 claim_id=cdf75d7d-23e2-4d8a-933a-5e60f8304b19 use=claim fid=FID-20-114807-9 cr=CR9674134602865-6 scheme=SHIF amount=375.00 tx=0x87f2db0909ca04294078ec5149d7e043e6dd261d8f2882307b29504c5bd0d007 claimNumberOnChain=1785055688364280
2026-07-29T07:21:52.125Z OK claim_number=359645 claim_id=1ec12679-fb42-4225-ba69-4541d2b61064 use=claim fid=FID-29-117658-4 cr=CR4195890425516-8 scheme=SHIF amount=22.50 tx=0xdeab9a89369ce4454862843287e91c0d03cd8d789d48f3185390010b68b25b4d claimNumberOnChain=1785055688364281
2026-07-29T07:22:03.875Z OK claim_number=359646 claim_id=ebfd3785-a29d-4faf-b4d7-026ade84b376 use=claim fid=FID-29-117658-4 cr=CR1526420836953-8 scheme=SHIF amount=125.00 tx=0x1b3234241dbf7f5fd97d9522f08c7d568fa7938a3851ddf175c69b701bf1dd88 claimNumberOnChain=1785055688364282
2026-07-29T07:22:28.122Z OK claim_number=359647 claim_id=bed60ce3-58d0-4fb1-b1ea-c1353dcda53b use=claim fid=FID-29-117658-4 cr=CR4195890425516-8 scheme=SHIF amount=75.00 tx=0x97c6d01c6bc7dfe4a47a402c711956e307676051d8f2c3749721bd276a3f0173 claimNumberOnChain=1785055688364283
2026-07-29T07:22:38.903Z OK claim_number=359648 claim_id=7dcdf07b-c338-444a-b776-5c7418aa6d21 use=claim fid=FID-29-117658-4 cr=CR4195890425516-8 scheme=SHIF amount=22.50 tx=0x76cc79d83c50dc78efdad99de2d230950b4f6ef904b1aa2cf96e58d3c1b709e2 claimNumberOnChain=1785055688364284
2026-07-29T07:22:49.838Z OK claim_number=359649 claim_id=a126e1e3-c655-4282-8f91-3df218df8ee5 use=claim fid=FID-29-117658-4 cr=CR0597975760735-8 scheme=SHIF amount=100.00 tx=0xa395f09b450d21bb6c81945dac2fda25d49e5f6cdb57682dcd7c01adb18d5c0d claimNumberOnChain=1785055688364285
2026-07-29T07:23:02.352Z OK claim_number=359650 claim_id=fbf23939-03a6-4ab7-948d-f0a8b50e414f use=claim fid=FID-20-114807-9 cr=CR1924016617568-3 scheme=SHIF amount=2031.25 tx=0x895e29ccdc6db37b1a2a9ed90dd00196952633e0867b27a40df4f76770a33506 claimNumberOnChain=1785055688364286
2026-07-29T07:23:35.762Z OK claim_number=359651 claim_id=204458b0-4df7-4491-b7c2-28918efc8186 use=claim fid=FID-29-117658-4 cr=CR9645760706984-8 scheme=SHIF amount=100.00 tx=0x530db22fa5ee1f7e1de54b5ac547465c09925d85e619d022399bf6397d7207d9 claimNumberOnChain=1785055688364287
2026-07-29T07:23:46.683Z OK claim_number=359652 claim_id=e79f0310-3a6d-4d71-9693-d8e72bb677f0 use=claim fid=FID-20-114807-9 cr=CR2647972045311-8 scheme=SHIF amount=250.00 tx=0x52b85bcc7762be1d975eb88f259b833123db3a2fb700b61d89982800268b35d2 claimNumberOnChain=1785055688364288
2026-07-29T07:24:15.591Z OK claim_number=359653 claim_id=82a64da9-0963-4205-819b-607f4585b6c9 use=claim fid=FID-29-117658-4 cr=CR4195890425516-8 scheme=SHIF amount=100.00 tx=0xb6c47f5951b32ea51050f77a9a0a734fb71471281b431ff3f9da3db9dbe2d2c7 claimNumberOnChain=1785055688364289
2026-07-29T07:24:29.800Z OK claim_number=359654 claim_id=0b9637a4-24e3-4dc5-991b-328d7450d130 use=claim fid=FID-20-114807-9 cr=CR8040349340282-4 scheme=SHIF amount=250.00 tx=0x42d9095a87dc676bc7c29a460e0d55242e7e9ef7d23fcaa7bf5fdbabb0c018f1 claimNumberOnChain=1785055688364290
2026-07-29T07:24:56.139Z OK claim_number=359655 claim_id=c916b5c6-587e-41d3-a2c9-e48faa0bf20a use=claim fid=FID-29-117658-4 cr=CR5741431600340-9 scheme=SHIF amount=100.00 tx=0xd93548173906cd7188017024657b2e8714c1698a0bc70e939e6eb12e61f4f555 claimNumberOnChain=1785055688364291
2026-07-29T07:25:07.715Z OK claim_number=359656 claim_id=112a69f5-b62e-4aaa-9647-523dfa209ad0 use=claim fid=FID-20-114807-9 cr=CR3709293909198-8 scheme=SHIF amount=625.00 tx=0x672f952a826fb0f18ec26c8a8db2ac0429c37a9005da9b8f385725ab0068c2e5 claimNumberOnChain=1785055688364292
2026-07-29T07:25:36.275Z OK claim_number=359657 claim_id=c407c228-ba5a-48cc-9e28-09e4e2fe780e use=claim fid=FID-29-117658-4 cr=CR8706882107674-0 scheme=SHIF amount=100.00 tx=0xde97319627d1c7a2d2eba9ee2f6ce1b6f32b56c7a0a605d93fd1322b8083f4bc claimNumberOnChain=1785055688364293
2026-07-29T07:25:47.853Z OK claim_number=359658 claim_id=80e0a1c4-72fc-4bdc-9ffa-183e7bd52a41 use=claim fid=FID-29-117658-4 cr=CR8824657255011-8 scheme=SHIF amount=125.00 tx=0xcdabf2aeaa5a8c542b36a82eab9e4a57dcb9b7409a19507927625e7356cc0e38 claimNumberOnChain=1785055688364295
2026-07-29T07:26:24.735Z OK claim_number=359659 claim_id=b1248923-a915-41f7-8988-683ced8decef use=claim fid=FID-29-117658-4 cr=CR8706882107674-0 scheme=SHIF amount=100.00 tx=0x7315cf715e528cab4b014d9a7153cf37adc76a674ad2d8bca7235ac99f37b353 claimNumberOnChain=1785055688364296
2026-07-29T07:26:36.039Z OK claim_number=359660 claim_id=9fb33bb4-b5f5-40cf-b49a-362a44bfb6ef use=claim fid=FID-20-114807-9 cr=CR9967531601505-2 scheme=SHIF amount=262.50 tx=0x6c41e05b1dcaf01ec30c457ca84f22b5b6f697e6d6aca95a95b9f9de348f4c0b claimNumberOnChain=1785055688364297
2026-07-29T07:26:59.820Z OK claim_number=359661 claim_id=cef39d2c-54de-4ab9-9518-e1a15fc0be3a use=claim fid=FID-20-114807-9 cr=CR9681435047530-1 scheme=SHIF amount=250.00 tx=0x675ec549d084018a3466900ab6fee432d03de793feb826a17fa7bda10f89bbbf claimNumberOnChain=1785055688364298
2026-07-29T07:27:26.987Z OK claim_number=359662 claim_id=3bc6da81-b50e-43fd-a927-286f769fcc1f use=claim fid=FID-29-117658-4 cr=CR8706882107674-0 scheme=SHIF amount=100.00 tx=0x788c3ef2689a01b5e658a08a8355fd7ec88802be1ddab8ab5075303bade6a5c1 claimNumberOnChain=1785055688364299
2026-07-29T07:27:39.199Z OK claim_number=359663 claim_id=045cdff6-65fd-4c0e-9416-d34b0fdbb8c3 use=claim fid=FID-20-114807-9 cr=CR8222995027471-3 scheme=SHIF amount=378.75 tx=0xf64cc707815d08392bc8ba377356cd6d10b50dba108e4ddc86c41b42e6469813 claimNumberOnChain=1785055688364300
2026-07-29T07:28:06.575Z OK claim_number=359664 claim_id=2e3d02de-796f-4459-b9aa-862ff0bf47e6 use=claim fid=FID-29-117658-4 cr=CR7400004069070-9 scheme=SHIF amount=100.00 tx=0x2546ebedbc625d750bb8fe2d448fc4e1daf1aa17f378761dfed06627670db3e6 claimNumberOnChain=1785055688364301
2026-07-29T07:28:16.980Z OK claim_number=359665 claim_id=fcbb5d73-c477-4edd-9527-4d225c586db8 use=claim fid=FID-20-114807-9 cr=CR1621616227446-7 scheme=SHIF amount=250.00 tx=0x0b34295b9eacf93d58c96b86e34e9507e2414c3d64b4996e5b8ca3346df98adc claimNumberOnChain=1785055688364302
2026-07-29T07:28:47.975Z ERR claim_number=359666 claim_id=70228271-125e-45f0-93b6-9822292cfd6c use=claim fid=FID-29-117658-4 cr=CR8727405005556-7 error=500 /api/public/eclaim-contract/submit?wait=false: Internal server error
2026-07-29T07:29:22.884Z OK claim_number=359667 claim_id=7f6aa189-692e-47dd-a2d5-845765427041 use=claim fid=FID-29-117658-4 cr=CR4680668969244-1 scheme=SHIF amount=125.00 tx=0x2a975aa8b2b0cef02d60a575a9ae9587cdd02a91190c2b018b79b6cc8537aae5 claimNumberOnChain=1785055688364307
2026-07-29T07:29:55.694Z OK claim_number=359668 claim_id=64dd72ec-e004-434f-a194-7f82494738f0 use=claim fid=FID-29-117658-4 cr=CR8727405005556-7 scheme=SHIF amount=625.00 tx=0xecffc545a6448ad6aed74b61204460aaeae3eaef2a9436799589016f827fb926 claimNumberOnChain=1785055688364308
2026-07-29T07:30:08.536Z OK claim_number=359669 claim_id=86776586-43da-45ed-b514-bb581488da29 use=claim fid=FID-20-114807-9 cr=CR5348315617670-2 scheme=SHIF amount=375.00 tx=0xf7e221bbe64f1f1617250be81781700534697b04f55522f3d2a4fc1151e81095 claimNumberOnChain=1785055688364309
2026-07-29T07:30:47.542Z OK claim_number=359670 claim_id=82ae1ce2-00d5-4caf-ba3c-1ac8308e74a6 use=claim fid=FID-29-117658-4 cr=CR8727405005556-7 scheme=SHIF amount=62.50 tx=0x8b753468de11fd9a19d6350d363b701aa6db815d2b3cfc24f1fc9bbca205782e claimNumberOnChain=1785055688364311
2026-07-29T07:31:10.571Z OK claim_number=359671 claim_id=d0c23841-6042-450c-90f9-1ab063c1f616 use=claim fid=FID-29-117658-4 cr=CR8727405005556-7 scheme=SHIF amount=37.50 tx=0xeaeadae5b05c029521765fd40fd7cc873b5c23866ab0ce0ff30a58127c3c4f67 claimNumberOnChain=1785055688364312
2026-07-29T07:31:20.895Z OK claim_number=359672 claim_id=afecd41b-c8c3-44cc-97a3-73ce269f3d78 use=claim fid=FID-20-114807-9 cr=CR2354564685153-7 scheme=SHIF amount=500.00 tx=0xeae8c7d8ef36dca34d80e48468f389a615bd900a9de2145ad3f6bc7352cc2bea claimNumberOnChain=1785055688364313
2026-07-29T07:32:07.892Z OK claim_number=359673 claim_id=2f894a46-a26d-429c-94cc-1e310f21da70 use=claim fid=FID-29-117658-4 cr=CR8727405005556-7 scheme=SHIF amount=62.50 tx=0xc5c702b23679bd6cdae4ca0b113e3458a2df4666dbdf8ea7a1659728ddcf34cd claimNumberOnChain=1785055688364314
2026-07-29T07:32:18.418Z OK claim_number=359674 claim_id=bfae89d0-c1db-4430-a613-fa87b6202496 use=claim fid=FID-29-117658-4 cr=CR8727405005556-7 scheme=SHIF amount=37.50 tx=0x84a2afaaea43f270076acecaccf510f3e8bd4dea0a3a073282daf3ca6f8eeab0 claimNumberOnChain=1785055688364315
2026-07-29T07:32:28.927Z OK claim_number=359675 claim_id=2af70ef3-d470-42d5-a56d-a9a548d595d4 use=claim fid=FID-29-117658-4 cr=CR9821646093976-2 scheme=SHIF amount=125.00 tx=0x882d9474a1433a3d478403e757ce2558f89e6b3950007d0e4615ae2c5293fef5 claimNumberOnChain=1785055688364316
2026-07-29T07:32:48.421Z OK claim_number=359676 claim_id=e048e719-1b9b-4abe-85ae-09c1b1c32931 use=claim fid=FID-29-117658-4 cr=CR8727405005556-7 scheme=SHIF amount=100.00 tx=0xaea02e6c608ddb2f7f58d34b1987b4c0528fe6cfdb5937912deb2c71913bec80 claimNumberOnChain=1785055688364317
2026-07-29T07:33:03.668Z OK claim_number=359677 claim_id=3d675b0a-cc55-4694-a59a-3535ea6723e6 use=claim fid=FID-20-114807-9 cr=CR7883396855562-9 scheme=SHIF amount=250.00 tx=0x0bcb51ae40b6822b105ba02cd9e01639ffa13c04c3bacc0f069b3bf4acd620d3 claimNumberOnChain=1785055688364318
2026-07-29T07:33:27.443Z OK claim_number=359678 claim_id=6d5c60e4-8159-4cb8-b919-e55b042f6fb1 use=claim fid=FID-29-117658-4 cr=CR7400004069070-9 scheme=SHIF amount=100.00 tx=0x91a21e01fa9966c6fb1bdf11b9fc6ca42e83b4d0c8d37c0bed7c5bf93a040936 claimNumberOnChain=1785055688364319
2026-07-29T07:33:38.094Z OK claim_number=359679 claim_id=23bee097-2fb3-4c96-a8e7-82ec457bef0b use=claim fid=FID-29-117658-4 cr=CR8257700865044-5 scheme=SHIF amount=125.00 tx=0x51e1720a33b777112c8ea6c4269e4ea28a89c5e32a5aa00885008e4422d9452c claimNumberOnChain=1785055688364320
2026-07-29T07:33:51.081Z OK claim_number=359680 claim_id=24cffb77-32bd-42a7-a8e7-bf25b29b83a0 use=claim fid=FID-29-117658-4 cr=CR3256370334707-4 scheme=SHIF amount=625.00 tx=0x66912e656eadeb889deb513e5d6a05dd6489c52bd181a772b68b2187345f8a09 claimNumberOnChain=1785055688364321
2026-07-29T07:33:56.796Z OK claim_number=359681 claim_id=e55b6574-0f27-4108-a250-cbca8aad25e2 use=claim fid=FID-29-117658-4 cr=CR3928672760384-2 scheme=SHIF amount=6.25 tx=0xf6f72cb343063eea91434863b924e7cd9609e2f2678bb4c997b8eb57043451d6 claimNumberOnChain=1785055688364322
2026-07-29T07:34:03.506Z OK claim_number=359682 claim_id=4545341f-23df-4cce-8666-080da835a934 use=claim fid=FID-20-114807-9 cr=CR3892229041584-9 scheme=SHIF amount=2718.75 tx=0x20463bd01881ffe51747b8de216d8522e97d7bf5da082f0ff8a959e5e0bdfd92 claimNumberOnChain=1785055688364323
2026-07-29T07:34:26.627Z OK claim_number=359683 claim_id=2420be16-1d5a-46c6-80b9-3d9b80b9ac91 use=claim fid=FID-29-117658-4 cr=CR3928672760384-2 scheme=SHIF amount=6.25 tx=0x1cef007a7ee28723495b98a2c66cdb9742b56f3496d3aadbeb03268b6061da00 claimNumberOnChain=1785055688364324
2026-07-29T07:34:32.458Z OK claim_number=359684 claim_id=c1dc372b-5025-41d9-9802-85b0d0ecefc0 use=claim fid=FID-20-114807-9 cr=CR2655237854681-1 scheme=SHIF amount=2593.75 tx=0xc293f7cb2640bb69c5d9e1816b90b76920e705256d63a5fd24cf735a729bf2cd claimNumberOnChain=1785055688364325
2026-07-29T07:34:45.094Z OK claim_number=359685 claim_id=255de5df-de5a-4978-8b1a-8d94da32f971 use=claim fid=FID-29-117658-4 cr=CR4925764247277-7 scheme=SHIF amount=100.00 tx=0x6b3025180ed96caf56b654e6d87d312d5d1c6ea32c36534c8c9fed50dc7ed075 claimNumberOnChain=1785055688364326
2026-07-29T07:34:51.125Z OK claim_number=359686 claim_id=9d3d74f6-8646-4d32-8200-b6a6b9bd5637 use=claim fid=FID-20-114807-9 cr=CR4892068169356-8 scheme=SHIF amount=3343.75 tx=0xe33d814f4aa202a85402341cd6c03f1db4ecd8778d3ef9d1ac23f853a085528e claimNumberOnChain=1785055688364327
2026-07-29T07:35:14.425Z OK claim_number=359687 claim_id=79f3ce4c-f760-4763-96b7-a66eaabba077 use=claim fid=FID-29-117658-4 cr=CR4037947014271-7 scheme=SHIF amount=46.95 tx=0xd93880a2436b50971e8fa3a691c438e2dba6f2bdef803fc16f5b159efd879c56 claimNumberOnChain=1785055688364328
2026-07-29T07:35:20.569Z OK claim_number=359688 claim_id=c7261283-6c2b-4331-bbd9-9728bc464904 use=claim fid=FID-29-117658-4 cr=CR1563601552912-5 scheme=SHIF amount=125.00 tx=0xa28532bbc51a5f39eafb06c38378bd7335d4a668e9e43a8fcdeac9f0404578c6 claimNumberOnChain=1785055688364329
2026-07-29T07:35:33.084Z OK claim_number=359689 claim_id=70e4c2fd-6a00-437e-8c93-3308a84b94db use=claim fid=FID-29-117658-4 cr=CR4037947014271-7 scheme=SHIF amount=250.00 tx=0xac7e35130434dfbb0b7a74ce6bc7c1b71b91557264acae51f051acd8e27d8258 claimNumberOnChain=1785055688364330
2026-07-29T07:35:38.877Z OK claim_number=359690 claim_id=6a22b337-bfb2-46da-aa3d-fcd8f1e39158 use=claim fid=FID-29-117658-4 cr=CR4037947014271-7 scheme=SHIF amount=46.95 tx=0x133ae565b77cdfd629d50e7f906654338491caa54c970cd17ec1818a2156e26e claimNumberOnChain=1785055688364331
2026-07-29T07:35:44.531Z OK claim_number=359691 claim_id=49b727e8-80c8-4128-9b0e-a1dc598f5cc6 use=claim fid=FID-20-114807-9 cr=CR4154910079597-2 scheme=SHIF amount=125.00 tx=0xcd6fe96fd263c12e102f4f8382b2ac0b1ea03a6972e96ae8906bff6e1cf403fe claimNumberOnChain=1785055688364332
2026-07-29T07:35:57.003Z OK claim_number=359692 claim_id=4b245822-a97d-4036-8c52-be6feda6b7c9 use=claim fid=FID-29-117658-4 cr=CR4037947014271-7 scheme=SHIF amount=250.00 tx=0x789e2e7e40b435fa027894534ee7d3112ecb8ddf2c7b77fc9c091802f2b0337d claimNumberOnChain=1785055688364333
2026-07-29T07:36:02.978Z OK claim_number=359693 claim_id=c75ab0f8-4ced-4fbb-83cf-ca41b09f2c52 use=claim fid=FID-29-117658-4 cr=CR7400584309629-3 scheme=SHIF amount=100.00 tx=0xaaf6f0edd63f087937cd87229848dc8a4bf490554f9dcdbef6f8ca968e9c4243 claimNumberOnChain=1785055688364335
2026-07-29T07:36:11.291Z OK claim_number=359694 claim_id=a8659781-a4bc-4827-9353-2d025db0a38d use=claim fid=FID-29-117658-4 cr=CR7138884774149-1 scheme=SHIF amount=125.00 tx=0x7af617f020fa1f6f4e61f95458109b9bdeae75f35d1d567911ccc97bc7459c09 claimNumberOnChain=1785055688364336
2026-07-29T07:36:23.986Z OK claim_number=359695 claim_id=d5a7b680-4dda-41aa-bc33-474c5135ef98 use=claim fid=FID-29-117658-4 cr=CR8990678553634-0 scheme=SHIF amount=125.00 tx=0xa347585b77e9ec5886259908037a831bf523e2f3fab6398b110f3557f9effa13 claimNumberOnChain=1785055688364337
2026-07-29T07:36:36.934Z OK claim_number=359696 claim_id=98e48f03-cf3a-4596-aaf0-95c3903cea2c use=claim fid=FID-20-114807-9 cr=CR0089669805512-2 scheme=SHIF amount=250.00 tx=0x6425fd588e4c09c4e804ba8eeab0adeb150e84b12ddbefd0fa809540196b07d6 claimNumberOnChain=1785055688364338
2026-07-29T07:36:49.492Z OK claim_number=359697 claim_id=90989349-5a41-400e-9e4c-3aed0ff9e89a use=claim fid=FID-29-117658-4 cr=CR3908095961075-1 scheme=SHIF amount=125.00 tx=0x1f6032638b38972a4b48af6a2bc2ec91f6bcf8412c12c69a7bc9bf1e756d98a3 claimNumberOnChain=1785055688364339
2026-07-29T07:37:02.011Z OK claim_number=359698 claim_id=2f8218d4-c668-40cc-ba98-27352e27ba69 use=claim fid=FID-29-117658-4 cr=CR9983588097923-8 scheme=SHIF amount=125.00 tx=0x85b8e8ec0633e41f255152a4e94ef49a6c185c5831ffaf434d528ae12f928a65 claimNumberOnChain=1785055688364340
2026-07-29T07:37:07.617Z OK claim_number=359699 claim_id=359559fb-91cb-4e78-9376-77ec6e246f89 use=claim fid=FID-29-117658-4 cr=CR1357942210650-3 scheme=SHIF amount=125.00 tx=0x63e5197acdf08dd8eaf7b69243a19c761d1c40ad90c5815a4fda39601985002f claimNumberOnChain=1785055688364341
2026-07-29T07:37:20.605Z OK claim_number=359700 claim_id=3dd28498-f0b6-44dd-89f2-02dc50fd1ce5 use=claim fid=FID-29-117658-4 cr=CR6754023712319-5 scheme=SHIF amount=125.00 tx=0x562ebe8c2d19f7aba76828fa22eb5d0cdeda9df97a7bd99405d499ccb1ecd087 claimNumberOnChain=1785055688364342
2026-07-29T07:37:33.142Z OK claim_number=359701 claim_id=db47d547-232c-4599-ac93-2f21fbfa27fd use=claim fid=FID-29-117658-4 cr=BZ22334289-0 scheme=SHIF amount=192.64 tx=0xc9ae3328fabe6c7ebb17fa296e1366a5802a7407d0f5055fddb9003d28ed8424 claimNumberOnChain=1785055688364344
2026-07-29T07:37:53.604Z OK claim_number=359702 claim_id=85c18ce9-55aa-4e3a-b022-83557b8a3360 use=claim fid=FID-29-117658-4 cr=BZ22334289-0 scheme=SHIF amount=250.00 tx=0xb468f488fbea1cc6be8a11929c7f87c697ed6cde7c40b5f03723214ef99eca84 claimNumberOnChain=1785055688364345
2026-07-29T07:38:04.072Z OK claim_number=359703 claim_id=bade1024-e9ec-4f43-a43f-fba884d714a3 use=claim fid=FID-29-117658-4 cr=BZ22334289-0 scheme=SHIF amount=192.64 tx=0xc983a563fa1111211e6d31497f0967dfe14e7781d61c2b38c6ebbe44f1c4e558 claimNumberOnChain=1785055688364347
2026-07-29T07:38:23.024Z OK claim_number=359704 claim_id=363a02f6-684e-4b68-8e3f-baf41a181aa0 use=claim fid=FID-20-114807-9 cr=CR7764017764832-2 scheme=SHIF amount=1225.00 tx=0x6dc5d920eaba32692a276d4af8607183e8ef2c85777ad23f4e1b2e004666730b claimNumberOnChain=1785055688364348
2026-07-29T07:38:33.254Z OK claim_number=359705 claim_id=2974ccbd-2b93-4a2b-93c5-28e5e0436303 use=claim fid=FID-29-117658-4 cr=BZ22334289-0 scheme=SHIF amount=250.00 tx=0xf98cf6c412c705a5bf4bbc0b45ef809cd970313800aeba914ff9370c94f02811 claimNumberOnChain=1785055688364349
2026-07-29T07:38:43.263Z OK claim_number=359706 claim_id=b9d2a6b5-c07a-4fa1-822f-72698c2b29fb use=claim fid=FID-29-117658-4 cr=CR6115328600974-9 scheme=SHIF amount=375.00 tx=0x0be099aac7c0bf0d993d9e2dc4b5e15e01f1b2c10455a2e821cd11e0f01e6ed6 claimNumberOnChain=1785055688364350
2026-07-29T07:39:08.246Z ERR claim_number=359707 claim_id=1cb645cf-3818-4e22-a09f-9687d138b8c9 use=claim fid=FID-20-114807-9 cr=CR3048005903163-6 error=500 /api/public/eclaim-contract/submit?wait=false: Internal server error
2026-07-29T07:40:00.210Z OK claim_number=359708 claim_id=2d0ee1b0-e420-4912-bd12-8d5042105609 use=claim fid=FID-29-117658-4 cr=BZ22334289-0 scheme=SHIF amount=192.64 tx=0x5becd8d69fb9f5734ca27ffaaaea5e138255c61ed81c7927a663bd3b305a7f02 claimNumberOnChain=1785055688364354
2026-07-29T07:40:09.702Z OK claim_number=359709 claim_id=8d702040-828c-4209-a915-0caa266fe3ae use=claim fid=FID-29-117658-4 cr=BZ22334289-0 scheme=SHIF amount=250.00 tx=0xb32b3b596c3b060f6e56f8a3e39b60d95188c7c7d388c6634120abf0a3be431b claimNumberOnChain=1785055688364355
2026-07-29T07:40:20.012Z OK claim_number=359710 claim_id=36493e83-5a51-40fb-a525-dc15f2cda9a1 use=claim fid=FID-20-114807-9 cr=CR8392024120074-4 scheme=SHIF amount=375.00 tx=0x1641ecfe881e9b150401f3586fc0ed6e2465624f22d2f5f1b4b4b7013e219b84 claimNumberOnChain=1785055688364356
2026-07-29T07:40:45.943Z OK claim_number=359711 claim_id=bb1b9f2a-9412-4905-bf09-34454be6c36f use=claim fid=FID-29-117658-4 cr=BZ30970942-6 scheme=SHIF amount=625.00 tx=0x4beb8e1088dd64254ac1e1f2f036e3d68b9a2bbcb6769bf91d80f4a8eb1f0661 claimNumberOnChain=1785055688364357
2026-07-29T07:40:56.881Z OK claim_number=359712 claim_id=3b823aee-cd6c-49b2-876e-577cde57bf74 use=claim fid=FID-29-117658-4 cr=CR7860562929831-4 scheme=SHIF amount=1500.00 tx=0x932fc22c3578f94be4250eed19d8b15998991cf11c75f3965230baadc7df97f7 claimNumberOnChain=1785055688364358
2026-07-29T07:41:08.050Z SKIP claim_number=359713 claim_id=57d70d26-5eb9-4a80-85ad-1ff82f7cf9f2 reason=zero_amount claimed_total_raw=0.00
2026-07-29T07:41:08.055Z OK claim_number=359714 claim_id=8b0281ad-3b63-46ad-aa06-4e1471e1125b use=claim fid=FID-29-117658-4 cr=CR8726774578997-0 scheme=SHIF amount=125.00 tx=0xf84a1c9f7fe1fbab2213346dc786b5d3071f50e7fd3d98580a80348d2af45c5f claimNumberOnChain=1785055688364359
2026-07-29T07:41:32.587Z OK claim_number=359715 claim_id=7a32798c-f07a-4e30-98d6-27da7cab93bd use=claim fid=FID-29-117658-4 cr=CR9645760706984-8 scheme=SHIF amount=250.00 tx=0xf01423407bf3c1c6035dda965049c3ba520def5885fd0894140f722c9277e341 claimNumberOnChain=1785055688364360
2026-07-29T07:41:43.996Z OK claim_number=359716 claim_id=ae594837-fb81-4ea8-bbb6-c5a31b1718db use=claim fid=FID-29-117658-4 cr=CR1927205897361-0 scheme=SHIF amount=125.00 tx=0x7b956917e8a0f10abe783400e6ad459fcdf53316ab3f4f42859d67b3b34e93d5 claimNumberOnChain=1785055688364361
2026-07-29T07:42:09.815Z OK claim_number=359717 claim_id=b4586bcc-e9f2-404d-af13-9763d573094f use=claim fid=FID-29-117658-4 cr=CR9645760706984-8 scheme=SHIF amount=250.00 tx=0x9759436ab732e794a347f2d7af073b5ae20d8a18321c14c4063c17c45fd5eb52 claimNumberOnChain=1785055688364362
2026-07-29T07:42:21.023Z OK claim_number=359718 claim_id=770a135b-a04a-4f8a-88ec-4a87d4781225 use=claim fid=FID-20-114807-9 cr=CR1482576825696-7 scheme=SHIF amount=375.00 tx=0x8f2f9e3f1bb959a4c9e06ddb3181058ef79ed45b34d488cde7d52325fa614642 claimNumberOnChain=1785055688364363
2026-07-29T07:42:46.399Z OK claim_number=359719 claim_id=1a8e8fc7-f3a5-42d7-8532-9d9e46d887c7 use=claim fid=FID-29-117658-4 cr=BZ29728796-3 scheme=SHIF amount=100.00 tx=0xfaa6f61411f886079157f504579d2bccab698918558fcfe2ecddfb86af6f4feb claimNumberOnChain=1785055688364364
2026-07-29T07:42:56.792Z OK claim_number=359720 claim_id=26c12a14-1f10-4c7b-b3d5-0287117f4324 use=claim fid=FID-29-117658-4 cr=CR7182273495950-1 scheme=SHIF amount=125.00 tx=0xb1cd31387c5788710ea39d7896f064c35b73d76dbb06c9f50d467a7779f211cd claimNumberOnChain=1785055688364365
2026-07-29T07:43:21.722Z OK claim_number=359721 claim_id=84b4765a-5456-47d5-8d2a-dbe403bdfa75 use=claim fid=FID-29-117658-4 cr=CR7400004069070-9 scheme=SHIF amount=250.00 tx=0x4d9354be38300498dda15c2e449154a32116892ab192372227a62f163c901f27 claimNumberOnChain=1785055688364368
2026-07-29T07:43:51.613Z OK claim_number=359722 claim_id=2d3d973d-5ea2-4db2-af6c-a51838cd6166 use=claim fid=FID-20-114807-9 cr=CR0369785253835-9 scheme=SHIF amount=500.00 tx=0x377b03f115a36030081916805ab4eae6eadd818f22c93c477ef3c1a31df94ff2 claimNumberOnChain=1785055688364369
2026-07-29T07:44:29.244Z OK claim_number=359723 claim_id=fee5a3c2-4121-4f5f-b94f-f5ec16c131a6 use=claim fid=FID-29-117658-4 cr=CR7400004069070-9 scheme=SHIF amount=250.00 tx=0x7db3013a3b3c0ec207ff9076d2a0e04a3ff4be7afdd100d377b10123243a3ad1 claimNumberOnChain=1785055688364370
2026-07-29T07:44:39.957Z OK claim_number=359724 claim_id=3ad3398e-0045-4363-90c4-0327c9f326bc use=claim fid=FID-29-117658-4 cr=CR7400004069070-9 scheme=SHIF amount=375.00 tx=0xf42ee0a8055d514bd14b8fb861570970673c281562f9d73d6dd3263b97bccc38 claimNumberOnChain=1785055688364371
2026-07-29T07:44:50.806Z OK claim_number=359725 claim_id=a413b2d1-717a-46ff-bec3-c5e921fd2d44 use=claim fid=FID-20-114807-9 cr=CR9739281584120-0 scheme=SHIF amount=375.00 tx=0x48af358508deecabb8737d5c5f0bdb2df64e1cda58d26bb55df377f11b06b88b claimNumberOnChain=1785055688364372
2026-07-29T07:45:11.050Z OK claim_number=359726 claim_id=8cbd458c-0cf9-4e7a-a971-8babef145427 use=claim fid=FID-29-117658-4 cr=CR7400004069070-9 scheme=SHIF amount=250.00 tx=0x1169f3e821c3477713809700353c0f05ecfece35d3b196be6f754d038de35087 claimNumberOnChain=1785055688364373
2026-07-29T07:45:21.018Z OK claim_number=359727 claim_id=c9daf381-282d-47ad-a2c3-f52c937cb784 use=claim fid=FID-29-117658-4 cr=CR7400004069070-9 scheme=SHIF amount=375.00 tx=0xeba55a8d77cab742839fc6254b2abd042772c3d72d1d1c39fac68cc85cdadcd3 claimNumberOnChain=1785055688364374
2026-07-29T07:45:30.299Z OK claim_number=359728 claim_id=e239ed1c-bf01-4318-8880-54ac826a3a42 use=claim fid=FID-29-117658-4 cr=CR7400004069070-9 scheme=SHIF amount=250.00 tx=0x4f5685d3cf71be32c4891fb960ef31f900aaeeecfc0f5daad485d6bdcde4afbc claimNumberOnChain=1785055688364375
2026-07-29T07:45:40.767Z OK claim_number=359729 claim_id=4d61ee12-505f-4c16-84b7-1e4bda57e3d6 use=claim fid=FID-29-117658-4 cr=CR2160817833121-1 scheme=SHIF amount=100.00 tx=0x91721262a28ef2aa0701fa8f2dcf80026f6af7f7e3295fb45c1f9da1aec945e4 claimNumberOnChain=1785055688364376
2026-07-29T07:45:51.616Z OK claim_number=359730 claim_id=0f4f78b3-9c88-4be6-b63e-c6895b6bf838 use=claim fid=FID-20-114807-9 cr=CR0870307692247-1 scheme=SHIF amount=375.00 tx=0x08c11a0841085cb06db51cf80f4dc96ef1c7d3fafa9f5de988200a52031aca11 claimNumberOnChain=1785055688364379
2026-07-29T07:46:37.622Z OK claim_number=359731 claim_id=b8c26046-1394-4c5a-84aa-2963d9d94a44 use=claim fid=FID-29-117658-4 cr=CR7400004069070-9 scheme=SHIF amount=100.00 tx=0x9661d383eedd03985a690a977717092ca13c5ebbdf86e60a842a167c9551888d claimNumberOnChain=1785055688364380
2026-07-29T07:46:46.619Z OK claim_number=359732 claim_id=c41b248e-f2ba-401e-b375-6c6595e72fd7 use=claim fid=FID-20-114807-9 cr=CR1553013946922-9 scheme=SHIF amount=750.00 tx=0x3a4916045ff2660638dd2a639c0c307a5852e01b36eab06900898891b80ac5b5 claimNumberOnChain=1785055688364382
2026-07-29T07:47:21.594Z OK claim_number=359733 claim_id=1881530a-b231-45e5-8d8c-90fe480d628c use=claim fid=FID-29-117658-4 cr=CR7400004069070-9 scheme=SHIF amount=100.00 tx=0xe5e12b9e46730ab6c2a68be7d5c97b3882b993add4e619fa91b8fff9b607d426 claimNumberOnChain=1785055688364383
2026-07-29T07:47:32.160Z OK claim_number=359734 claim_id=5c01503c-5220-43d0-9896-0cee05123ef1 use=claim fid=FID-29-117658-4 cr=CR0582826646561-0 scheme=SHIF amount=625.00 tx=0x1c0c2771d86bf22bf0875273a48e40a63be8aeaec814c3a27bb64f3373a2ffa9 claimNumberOnChain=1785055688364384
2026-07-29T07:47:56.911Z ERR claim_number=359735 claim_id=06c96aeb-af6b-4af5-95a0-f87933de0f7e use=claim fid=FID-20-114807-9 cr=CR3297878208292-3 error=500 /api/public/eclaim-contract/submit?wait=false: Internal server error
2026-07-29T07:48:38.601Z OK claim_number=359736 claim_id=de7b71e6-61ba-40e8-995b-11513668c61d use=claim fid=FID-29-117658-4 cr=CR2055233620718-9 scheme=SHIF amount=125.00 tx=0x917afc1d4c4462ed5f0f94aa3b32f3f09634983ddf7b57a9e08a8214d9491ffa claimNumberOnChain=1785055688364390
2026-07-29T07:49:15.535Z OK claim_number=359737 claim_id=fd8cbb08-8d85-4d03-8f23-340c5c02b577 use=claim fid=FID-29-117658-4 cr=CR2160817833121-1 scheme=SHIF amount=100.00 tx=0xa04e203964b09283128c2a4cdbfe5652f242516c12fe44c3ec8092e6676f9d4e claimNumberOnChain=1785055688364391
2026-07-29T07:49:24.656Z OK claim_number=359738 claim_id=517cf768-2666-47f5-a82f-cc4eb0b60bd0 use=claim fid=FID-29-117658-4 cr=CR9132812037734-6 scheme=SHIF amount=125.00 tx=0x4507a5005e0c8a25caa366b2890191689e5ef6e2c7f6a241109b52c3c819d42b claimNumberOnChain=1785055688364392
2026-07-29T07:49:48.632Z OK claim_number=359739 claim_id=26bb4c8d-0b36-4bc0-a595-c23d6b2221de use=claim fid=FID-29-117658-4 cr=CR5749088994631-5 scheme=SHIF amount=100.00 tx=0xeed534b125b84934206da010b825c799bf9a34d1ceaa0396434e6f44bb557294 claimNumberOnChain=1785055688364393
2026-07-29T07:49:58.773Z OK claim_number=359740 claim_id=62afc8bd-ad56-424a-97ea-6a764356a767 use=claim fid=FID-20-114807-9 cr=CR7109747130123-9 scheme=SHIF amount=700.00 tx=0x40d7aac79ef8d1ef5b5346528c08d70016aad136f974e02c3b0e8b248e14e35c claimNumberOnChain=1785055688364394
2026-07-29T07:50:22.919Z OK claim_number=359741 claim_id=1a8f34a8-15b1-472e-a112-b06f332fbd3a use=claim fid=FID-29-117658-4 cr=CR4904944877318-9 scheme=SHIF amount=100.00 tx=0xf383acd7d302f8a43fa30c6f26691a8adcdc5b5bc7636bf68390fe4d8b7e7d4c claimNumberOnChain=1785055688364395
2026-07-29T07:50:32.952Z OK claim_number=359742 claim_id=ae95d460-770e-4371-8957-8807a0a9fdf1 use=claim fid=FID-20-114807-9 cr=CR3292727405003-9 scheme=SHIF amount=375.00 tx=0xc267ff0a3d06ebaf05539ee6890fafc5f41f2b6c0092d1d4d938bc3578b18d38 claimNumberOnChain=1785055688364396
2026-07-29T07:50:56.970Z OK claim_number=359743 claim_id=dc32ff18-c6b9-4970-afdf-b49b3871fe49 use=claim fid=FID-29-117658-4 cr=CR7400004069070-9 scheme=SHIF amount=100.00 tx=0xa0a5caffd9a5df5cff3eed120694f32c147fa565b85ca9c705187a2233f2390d claimNumberOnChain=1785055688364397
2026-07-29T07:51:07.320Z OK claim_number=359744 claim_id=dbc06e07-aa95-45eb-9def-bbb4c8da4186 use=claim fid=FID-29-117658-4 cr=CR8727405005556-7 scheme=SHIF amount=625.00 tx=0x7efcc2fbfc7cc70bf959f019edcc83d0ea0e09375ab9e371934b733efc79251c claimNumberOnChain=1785055688364398
2026-07-29T07:51:17.307Z OK claim_number=359745 claim_id=56c28939-22f4-4277-9cc7-1b08b812b031 use=claim fid=FID-20-114807-9 cr=CR9284523818594-8 scheme=SHIF amount=125.00 tx=0x1e6c179ec3cdad286384e9e224de379bedc0ed6b0ba3fe1f97602444c4e7a4e1 claimNumberOnChain=1785055688364399
2026-07-29T07:51:41.698Z OK claim_number=359746 claim_id=bc90d4b0-9a02-4029-b6b3-43e728a62da9 use=claim fid=FID-29-117658-4 cr=CR4686598781823-1 scheme=SHIF amount=46.95 tx=0x835473ddd9a23950a30e05a3ac898809466d1d8f538706448871de9f6f5964d0 claimNumberOnChain=1785055688364400
2026-07-29T07:51:51.641Z OK claim_number=359747 claim_id=9d1d62e1-8c40-440c-81da-8baa1013098c use=claim fid=FID-29-117658-4 cr=CR5751315673783-4 scheme=SHIF amount=125.00 tx=0x71c3cd46aa8e5ebe6f9c8442ea4e2e757626c9bab6aabd56feff54815301ce8e claimNumberOnChain=1785055688364401
2026-07-29T07:52:15.522Z OK claim_number=359748 claim_id=55fa4d7e-6f54-4d1d-864d-524bfdae908f use=claim fid=FID-29-117658-4 cr=CR4686598781823-1 scheme=SHIF amount=87.50 tx=0xaf87bfb12e87642f79add9aa8742f42bac963c2a3e90bfa3c7793f356630e770 claimNumberOnChain=1785055688364402
2026-07-29T07:52:25.792Z OK claim_number=359749 claim_id=26e1dc16-7dce-490b-a77b-7b6016f84fba use=claim fid=FID-29-117658-4 cr=CR6493396297966-2 scheme=SHIF amount=125.00 tx=0xdb27ebc22fdfbeb434b15e836e4cd888c5313514f23beb04e17fbe93c94bf29c claimNumberOnChain=1785055688364403
2026-07-29T07:52:50.296Z OK claim_number=359750 claim_id=409f311a-ce20-4f7d-b381-93c16dea7be9 use=claim fid=FID-29-117658-4 cr=CR4686598781823-1 scheme=SHIF amount=46.95 tx=0xe18045c7e54f0615023d00f29c9ac5b2f68e91e63ca06479008a56b69389d78f claimNumberOnChain=1785055688364404
2026-07-29T07:52:59.580Z OK claim_number=359751 claim_id=18aefaaa-f90e-486b-90d3-289a1e7c7888 use=claim fid=FID-29-117658-4 cr=CR4686598781823-1 scheme=SHIF amount=87.50 tx=0x9fbd76e78d367b6ea8776a08b44bdb0702b61ee562f27d81745d4b2a71fd6990 claimNumberOnChain=1785055688364405
2026-07-29T07:53:10.060Z ERR claim_number=359752 claim_id=b63a4a51-4e24-46aa-8ee0-a8ac9c1ebd8e use=claim fid=FID-20-114807-9 cr=CR3407429457957-8 error=500 /api/public/eclaim-contract/submit?wait=false: Internal server error
2026-07-29T07:53:52.418Z OK claim_number=359753 claim_id=be77880a-12fc-4c2f-97bc-015932524e53 use=claim fid=FID-29-117658-4 cr=CR4686598781823-1 scheme=SHIF amount=46.95 tx=0xd2fa83fd4afc65b91a180557b6c7b516ad128cf2548e94d8813c01903fec7943 claimNumberOnChain=1785055688364410
2026-07-29T07:54:11.274Z OK claim_number=359754 claim_id=a9cc0684-b051-41a5-85cc-c32d5b8047a8 use=claim fid=FID-20-114807-9 cr=CR0287352933930-4 scheme=SHIF amount=275.00 tx=0x24871322e6f902ad1f32bcd7180e69a143150a1a12d744a99baffe124eb104f9 claimNumberOnChain=1785055688364411
2026-07-29T07:54:38.067Z OK claim_number=359755 claim_id=f82c2421-c481-46c0-90d5-e3ae4b5e11c4 use=claim fid=FID-29-117658-4 cr=CR4686598781823-1 scheme=SHIF amount=87.50 tx=0xb27271a52799a517c644438f86bfbae1e733d0b97a335ba9a78563e2be3831b8 claimNumberOnChain=1785055688364412
2026-07-29T07:54:48.192Z OK claim_number=359756 claim_id=be1d3bc8-ded7-4e61-9b9c-a236cac07264 use=claim fid=FID-29-117658-4 cr=CR4686598781823-1 scheme=SHIF amount=46.95 tx=0xb6e66dbb1426ffda12e56543ac7d4b8778117ea0e188c6d2572be9e49d0bba35 claimNumberOnChain=1785055688364413
2026-07-29T07:54:58.438Z OK claim_number=359757 claim_id=50f01ba5-909c-4fc6-8a1b-e38cfff54d2c use=claim fid=FID-29-117658-4 cr=CR4686598781823-1 scheme=SHIF amount=87.50 tx=0x03044e62e704b7e566f3811f4bf7fb6be3c4f5bdad59cc6da2d860868556f3f6 claimNumberOnChain=1785055688364414
2026-07-29T07:55:08.721Z OK claim_number=359758 claim_id=e0f517b9-b45d-41f2-8d39-39d1f79846b5 use=claim fid=FID-29-117658-4 cr=CR4686598781823-1 scheme=SHIF amount=46.95 tx=0x9fca1a905afd5eb5cb0ca35bce93de2b2b5bcada332fbe57c24f387c7bf7622f claimNumberOnChain=1785055688364417
2026-07-29T07:55:37.495Z OK claim_number=359759 claim_id=d8d90f8b-1094-481b-90a9-abe2ae9e0ad0 use=claim fid=FID-29-117658-4 cr=CR4686598781823-1 scheme=SHIF amount=87.50 tx=0x1eeb6c144879e10c0d57520b382e73a34ba163fb3d3fd805ea579632074f8261 claimNumberOnChain=1785055688364418
2026-07-29T07:55:47.888Z OK claim_number=359760 claim_id=6e25bdd0-0ad9-4393-b76a-0104f66ded48 use=claim fid=FID-29-117658-4 cr=CR4686598781823-1 scheme=SHIF amount=46.95 tx=0x36f665e45c30498379b820fafcd5ccff4c700c90d206953bade406cb00944db4 claimNumberOnChain=1785055688364419
2026-07-29T07:55:57.879Z OK claim_number=359761 claim_id=344874f7-da95-42c1-88ad-95c5268f0289 use=claim fid=FID-20-114807-9 cr=CR6866476180741-8 scheme=SHIF amount=500.00 tx=0x4bdabd8444ded3c5305764ba535c21180eb06530ed19e485cbb940cbd43044d4 claimNumberOnChain=1785055688364420
2026-07-29T07:56:21.975Z SKIP claim_number=359762 claim_id=eb06ca14-cfe3-4c60-b3b8-9d4e4d8d7796 reason=zero_amount claimed_total_raw=0.00
2026-07-29T07:56:21.980Z OK claim_number=359763 claim_id=5675ca55-9201-43df-9144-68a299bebce5 use=claim fid=FID-29-117658-4 cr=CR7557372830373-7 scheme=SHIF amount=125.00 tx=0x61ebe442d09e3586d7b1563d3a187693d6b7a61d74e91ef0b9d8ffceb79fbbeb claimNumberOnChain=1785055688364421
2026-07-29T07:56:49.111Z OK claim_number=359764 claim_id=c16042fa-4763-43fb-b460-76403e2d13c9 use=claim fid=FID-29-117658-4 cr=CR7034541092441-8 scheme=SHIF amount=100.00 tx=0x42cf16f5edf7f599711995005b7404576a877faffeed7b0e627f4ffea2958ff5 claimNumberOnChain=1785055688364422
2026-07-29T07:57:13.237Z OK claim_number=359765 claim_id=2fc74130-083c-4d63-a484-8af9f1814a9b use=claim fid=FID-29-117658-4 cr=CR7836487289735-2 scheme=SHIF amount=125.00 tx=0xad79aa40a6f95a0e789e46da225cca34589042ce38b5244d30bc8bd3a79f0fe2 claimNumberOnChain=1785055688364423
2026-07-29T07:57:24.201Z OK claim_number=359766 claim_id=3149c2c5-0eb8-44ce-b86b-013ca479379f use=claim fid=FID-29-117658-4 cr=CR7860562929831-4 scheme=SHIF amount=100.00 tx=0x25a6aec43f8ddd7f58144314604e97c08d1dcd32b1da4d74aa82d5c34ddbbea5 claimNumberOnChain=1785055688364424
2026-07-29T07:57:35.400Z OK claim_number=359767 claim_id=681d43a2-e654-481f-9553-db04f94c3a72 use=claim fid=FID-29-117658-4 cr=CR6164711105276-6 scheme=SHIF amount=390.63 tx=0xfb8ddd6fb48d46cd5fe57b755c1d94a89b431a1d137458d2ec17fd5011db7005 claimNumberOnChain=1785055688364425
2026-07-29T07:57:45.538Z OK claim_number=359768 claim_id=2dcd7b85-c4d3-4d42-8d55-5cac97a86411 use=claim fid=FID-29-117658-4 cr=BZ21663880-9 scheme=SHIF amount=262.50 tx=0x54a7b3361be5bed7ca069529fda124bff499048683c2d921e9c57e3bdbf2538f claimNumberOnChain=1785055688364427
2026-07-29T07:58:04.236Z OK claim_number=359769 claim_id=1021a0da-8428-4790-b3d1-1c6cd64ab655 use=claim fid=FID-29-117658-4 cr=CR2015958643511-2 scheme=SHIF amount=100.00 tx=0x853234450d9aae6fbc5b939b1d7ee2cb2c9217aa90cae64926217873fbac11e4 claimNumberOnChain=1785055688364428
2026-07-29T07:58:14.836Z OK claim_number=359770 claim_id=e8400f65-2389-4319-878d-76595906e25f use=claim fid=FID-29-117658-4 cr=CR0236773778534-1 scheme=SHIF amount=100.00 tx=0x65bbf8619303cee9748851cabcd6c8e1587432eb1924972e8fdffe0a9d3bcbf7 claimNumberOnChain=1785055688364429
2026-07-29T07:58:25.642Z OK claim_number=359771 claim_id=7d4cd9ec-d50b-48cc-b9c5-173163e595fa use=claim fid=FID-29-117658-4 cr=CR1092666904959-4 scheme=SHIF amount=262.50 tx=0x75601e6205eefc4d4efb30ca7c0e5f99b12834a5fa48550eff7c9847811b3c26 claimNumberOnChain=1785055688364430
2026-07-29T07:58:36.394Z OK claim_number=359772 claim_id=ea141d17-afef-4b5d-82f7-418d7574c7f9 use=claim fid=FID-20-114807-9 cr=CR2296472005304-6 scheme=SHIF amount=250.00 tx=0xd7f8bc5660f5a9c1c7b934d64a9301d5a33392478a6b303ea8b355ea9984bf0d claimNumberOnChain=1785055688364431
2026-07-29T07:58:47.131Z OK claim_number=359773 claim_id=b54df115-89e7-4733-971e-7dba08be6ed2 use=claim fid=FID-29-117658-4 cr=CR1092666904959-4 scheme=SHIF amount=2500.00 tx=0x9a00aff04d7ce3cd712302faf99ac5765061f2e69d460b3f5dd18e44e3ff8f0f claimNumberOnChain=1785055688364432
2026-07-29T07:58:57.605Z OK claim_number=359774 claim_id=a99ba167-d37d-4c5e-8777-088380f71c34 use=claim fid=FID-29-117658-4 cr=CR2747059218312-2 scheme=SHIF amount=125.00 tx=0x25bc74322feab7c522f136755bc3923ab04aa2e13cf02c80b0f0bc1d73aaef19 claimNumberOnChain=1785055688364433
2026-07-29T07:59:07.828Z OK claim_number=359775 claim_id=2ec822fb-b349-4200-b37b-71c39be3a45e use=claim fid=FID-29-117658-4 cr=CR1092666904959-4 scheme=SHIF amount=375.00 tx=0xa4ed78e6aa0da02ad0e32df90abdb8666c01f0f51b6ac2179e99e38008e8038f claimNumberOnChain=1785055688364436
2026-07-29T07:59:38.584Z OK claim_number=359776 claim_id=91721947-9d48-4fee-872e-142253ffcff0 use=claim fid=FID-29-117658-4 cr=CR5571956680586-1 scheme=SHIF amount=100.00 tx=0x38cce3387623615853cc9bb43fbd03ad6fb68e9d89911deebb3098f2b89ad199 claimNumberOnChain=1785055688364437
2026-07-29T07:59:49.662Z ERR claim_number=359778 claim_id=9450f272-cb43-45f7-b769-0d4b61f3bce2 use=claim fid=FID-20-114807-9 cr=CR1011046364112-6 error=500 /api/public/eclaim-contract/submit?wait=false: Internal server error
2026-07-29T08:00:30.880Z OK claim_number=359779 claim_id=e329af75-98ad-402e-86a3-9925fdfb72a4 use=claim fid=FID-29-117658-4 cr=CR5571956680586-1 scheme=SHIF amount=12.50 tx=0xca5b3c677cd4bfd8a19ba057fa99621252f2ddea5c8f999bdb518afb112550bf claimNumberOnChain=1785055688364441
2026-07-29T08:00:39.880Z OK claim_number=359780 claim_id=88ebf181-4082-4fc3-8840-1bb0efc28fe4 use=claim fid=FID-29-117658-4 cr=CR5571956680586-1 scheme=SHIF amount=112.50 tx=0x500a4798d985b2e1766498ac8c65a565144c25c56f146cfedb86306fb6a74180 claimNumberOnChain=1785055688364442
2026-07-29T08:00:49.980Z OK claim_number=359781 claim_id=911cb404-a05c-428d-a94d-c95f14792d1f use=claim fid=FID-29-117658-4 cr=CR5571956680586-1 scheme=SHIF amount=144.48 tx=0x50b6d746465c4032e4f0b380911c7f97e79f192016312f6b2950bb670d5010c0 claimNumberOnChain=1785055688364443
2026-07-29T08:01:00.006Z OK claim_number=359782 claim_id=baec9764-5927-4acd-b24e-e4c3aa4aef18 use=claim fid=FID-20-114807-9 cr=CR3099491659846-2 scheme=SHIF amount=2593.75 tx=0x4683545ab4280efbf541c9a4677e3101a01507f0bb4b7ec5cd778484a34f1c6a claimNumberOnChain=1785055688364444
2026-07-29T08:01:10.062Z OK claim_number=359783 claim_id=5cfc3463-1cbc-42c9-97b2-a90c0a650050 use=claim fid=FID-29-117658-4 cr=CR5571956680586-1 scheme=SHIF amount=12.50 tx=0x8fc4a0dd78282be622868bdea0e937487c8818556ca2e02fa1f2fc144a639c44 claimNumberOnChain=1785055688364445
2026-07-29T08:01:20.192Z OK claim_number=359784 claim_id=196e9c0c-2a90-4c6f-8ed6-f6c7905e6f1b use=claim fid=FID-29-117658-4 cr=CR5571956680586-1 scheme=SHIF amount=112.50 tx=0x3586d21a5ff31ce6963c58da05242172c361a178f6597a7c39b9d8196b37f889 claimNumberOnChain=1785055688364446
2026-07-29T08:01:30.231Z OK claim_number=359785 claim_id=1612cd1d-b2f1-43d0-b94c-10353c64d368 use=claim fid=FID-29-117658-4 cr=CR5571956680586-1 scheme=SHIF amount=144.48 tx=0x7116ca2caac3ee0bcc547abb75e19be6420747399f909531a7074d787a89e3c7 claimNumberOnChain=1785055688364447
2026-07-29T08:01:40.298Z OK claim_number=359786 claim_id=9893a308-a123-4163-9ed4-404e97444702 use=claim fid=FID-20-114807-9 cr=CR7938321174287-0 scheme=SHIF amount=375.00 tx=0x8cbadf2fd530b07caeeef0cab264a4a2e25a7ebd72c9ac1cd9160ce081de2a5d claimNumberOnChain=1785055688364448
2026-07-29T08:01:50.600Z OK claim_number=359787 claim_id=b41251d1-218a-4f26-bca0-e1bfa0ef35a2 use=claim fid=FID-20-114807-9 cr=CR3110928716711-5 scheme=SHIF amount=375.00 tx=0x574a01efd28594f84b8ac7349114fb69f6927267f7bde0cb74a7ca62bab22a5b claimNumberOnChain=1785055688364449
2026-07-29T08:01:59.329Z OK claim_number=359788 claim_id=7f3f7192-52d3-48b5-928f-b31d189b9640 use=claim fid=FID-29-117658-4 cr=CR4798182882885-6 scheme=SHIF amount=10.00 tx=0x5d9d1b371647b3bf85554543e70e743bbb64ed9267d8029c41d3d36dfd94a8fa claimNumberOnChain=1785055688364450
2026-07-29T08:02:09.395Z OK claim_number=359789 claim_id=dba862ce-80a2-4e96-b811-945c22b2f7b5 use=claim fid=FID-20-114807-9 cr=CR6394711733343-6 scheme=SHIF amount=125.00 tx=0x54b659e54f9beb382345ee14ee7483034f5b73dd5c35ff13209312ebd7130aee claimNumberOnChain=1785055688364451
2026-07-29T08:02:19.514Z SKIP claim_number=359790 claim_id=c1aa643b-d4be-4199-9a1f-65aa3c6d55d6 reason=zero_amount claimed_total_raw=0.00
2026-07-29T08:02:19.516Z OK claim_number=359791 claim_id=26bfb218-3323-4a10-b7ed-c7a13ef0d483 use=claim fid=FID-29-117658-4 cr=CR8886594578046-4 scheme=SHIF amount=100.00 tx=0x8501f2307c1a7f7cbac0ce51e8aa9beae2564d46c26164ddc5f89ecbf75d9807 claimNumberOnChain=1785055688364452
2026-07-29T08:02:29.610Z OK claim_number=359792 claim_id=9a9a9d76-02b6-48a8-b381-b114da8c5102 use=claim fid=FID-29-117658-4 cr=CR6991645469498-5 scheme=SHIF amount=125.00 tx=0x163f61f0fe8f2f68cd43954786a42136fbccb4532c180930bbe5b59490a553f2 claimNumberOnChain=1785055688364453
2026-07-29T08:02:39.616Z OK claim_number=359793 claim_id=24ee9aef-920b-4895-9712-0432cbedacf5 use=claim fid=FID-20-114807-9 cr=CR7890297198580-8 scheme=SHIF amount=2902.86 tx=0xf93fa228550a21b10c64e9fd9a4289473951c2930e7134785e2dc19d5a8a3677 claimNumberOnChain=1785055688364454
2026-07-29T08:02:49.742Z OK claim_number=359794 claim_id=2c77b6ee-5afc-428a-9486-05866cbe8f82 use=claim fid=FID-29-117658-4 cr=CR4199394261218-7 scheme=SHIF amount=100.00 tx=0x6cfe11c4a05e9cf2b00e37f650f18c483dfe196f4a2cb268d3d5e2a1a2235918 claimNumberOnChain=1785055688364455
2026-07-29T08:02:59.822Z OK claim_number=359795 claim_id=fcfa4f8a-3421-4c24-9b95-bccb11f12452 use=claim fid=FID-29-117658-4 cr=CR4199394261218-7 scheme=SHIF amount=100.00 tx=0x3c2a0a1d4612a275720989ff55bc97a7bd808a7fe16594e93949e5ebf8af933c claimNumberOnChain=1785055688364456
2026-07-29T08:03:09.829Z OK claim_number=359796 claim_id=0faa2cc7-217c-4d1f-bff6-c177dd06debe use=claim fid=FID-29-117658-4 cr=CR3156232607267-2 scheme=SHIF amount=125.00 tx=0xe77ab909e26dde73874f3dc77453fb5fd69408099ba9648c4b90c99d2ba43110 claimNumberOnChain=1785055688364457
2026-07-29T08:03:19.877Z OK claim_number=359797 claim_id=def612e5-0019-4550-9288-1bd5499a3a55 use=claim fid=FID-20-114807-9 cr=CR9406063951778-4 scheme=SHIF amount=875.00 tx=0x7029a9b6264fa313b2a86216bf7262c3577a77aa60f92d9f8f83360b49d0fb9e claimNumberOnChain=1785055688364458
2026-07-29T08:03:29.903Z OK claim_number=359798 claim_id=f3fe3d11-b913-4eac-be90-5cf27b84526a use=claim fid=FID-29-117658-4 cr=CR9639951692725-4 scheme=SHIF amount=10000.00 tx=0x6dc07b013e35ddf613d2af15c4152c95c24329aeae589f084148ecdf30b9e920 claimNumberOnChain=1785055688364459
2026-07-29T08:03:40.264Z OK claim_number=359799 claim_id=17770dcc-a386-4146-8080-013091d6f59b use=claim fid=FID-20-114807-9 cr=CR9944025350854-8 scheme=SHIF amount=125.00 tx=0xde51538e8fa47bf2c68a0bb02e64fb356bdfc5e1136934aadda8b72c449db79e claimNumberOnChain=1785055688364460
2026-07-29T08:03:50.705Z OK claim_number=359800 claim_id=87f32879-fef5-40f7-afd3-25c519621862 use=claim fid=FID-20-114807-9 cr=CR3009508243695-6 scheme=SHIF amount=311435.24 tx=0xae90c3f7f433f447c58e344088919c55892e4e464c99e37868628c7eeb77005f claimNumberOnChain=1785055688364461
2026-07-29T08:04:00.966Z OK claim_number=359801 claim_id=7eca88e2-d4d9-4a5f-932a-453dd11c8151 use=claim fid=FID-29-117658-4 cr=CR4457080300364-4 scheme=SHIF amount=100.00 tx=0x548635a49e2daecd07a70930e861c0c048494ec3add65db6b0437feecafd672c claimNumberOnChain=1785055688364462
2026-07-29T08:04:11.146Z OK claim_number=359802 claim_id=12719e99-cc71-4472-9b19-7b4524d0b04f use=claim fid=FID-20-114807-9 cr=CR0904346950048-8 scheme=SHIF amount=250.00 tx=0x0ba329d4d811701ea826f7b428b1e4b4436f038cf1416a648949d6669834ff85 claimNumberOnChain=1785055688364463
2026-07-29T08:04:21.428Z OK claim_number=359803 claim_id=905d9d21-622a-41d1-96e4-ebbc392303bd use=claim fid=FID-29-117658-4 cr=CR0587521523759-0 scheme=SHIF amount=300.00 tx=0xca7444dbe54597e9550ff9b0df71054c115b7bd48d964681694b0f112d79b642 claimNumberOnChain=1785055688364465
2026-07-29T08:04:40.424Z OK claim_number=359804 claim_id=0849d6a5-a5b2-4a21-8310-ab8467d0eb46 use=claim fid=FID-29-117658-4 cr=CR6183688864153-5 scheme=SHIF amount=125.00 tx=0xfb1b5a85d39c3b1e2462f1828e09723fd25a8ccfb28b809f2d73acf8bc240b10 claimNumberOnChain=1785055688364466
2026-07-29T08:04:50.472Z OK claim_number=359805 claim_id=9304d4ff-d236-4f44-b35a-ad55e812d37d use=claim fid=FID-29-117658-4 cr=CR4199394261218-7 scheme=SHIF amount=625.00 tx=0x9ed9239a6b0ab1c1e67db16a639081ea43acc33bd3171148137aebbcc2950d59 claimNumberOnChain=1785055688364467
2026-07-29T08:05:00.603Z OK claim_number=359806 claim_id=12e60210-117c-4891-bb73-8b50e71c4abe use=claim fid=FID-20-114807-9 cr=CR5783935248467-7 scheme=SHIF amount=250.00 tx=0xced8fd13a2573c432bc6b873a72579cfd14c1f66938c7b39ff9cad734df605c6 claimNumberOnChain=1785055688364468
2026-07-29T08:05:10.733Z OK claim_number=359807 claim_id=ff795580-39d3-4892-8ee7-1d18a6576e5f use=claim fid=FID-29-117658-4 cr=CR7400004069070-9 scheme=SHIF amount=100.00 tx=0x9eac28035fa4e67eec24b8e0e48e36768e2d43453729cf8eeb5ddaf4eda02b8f claimNumberOnChain=1785055688364469
2026-07-29T08:05:20.945Z OK claim_number=359808 claim_id=818a9e4e-8e76-4724-aafc-9f1e1411eee9 use=claim fid=FID-20-114807-9 cr=CR9009599219515-2 scheme=SHIF amount=281.25 tx=0x086f075cc4c38424e1637313213347df11d245e19023eb0f964328d226e78dfd claimNumberOnChain=1785055688364470
2026-07-29T08:05:30.938Z OK claim_number=359809 claim_id=63eb1cb4-dff4-4014-9014-84053b0cbd1f use=claim fid=FID-29-117658-4 cr=CR4457080300364-4 scheme=SHIF amount=500.00 tx=0x2848a467545e521822047066cd69f582a0a11e727337098a4a18c012b21b4af4 claimNumberOnChain=1785055688364471
2026-07-29T08:05:41.019Z OK claim_number=359810 claim_id=6215519f-14f4-4b40-b446-9a92ae909c1e use=claim fid=FID-29-117658-4 cr=CR4327095730487-9 scheme=SHIF amount=125.00 tx=0x21a43f0383df7b53415f78f74b9332bd42ba0d5ce8e6dc6ce91a2e077a2bb0fb claimNumberOnChain=1785055688364472
2026-07-29T08:05:51.233Z OK claim_number=359811 claim_id=c63c6c1b-28f2-4e19-a10d-be347a4cf8e2 use=claim fid=FID-29-117658-4 cr=CR3570468280090-0 scheme=SHIF amount=125.00 tx=0x0c581d6d3230ed819d31c08451f9f4a3f31fd5ec4ebff5514e8ebf368d566119 claimNumberOnChain=1785055688364473
2026-07-29T08:06:01.273Z OK claim_number=359812 claim_id=73509951-8f59-4c03-bbc5-7dc69296aa72 use=claim fid=FID-29-117658-4 cr=CR9645760706984-8 scheme=SHIF amount=100.00 tx=0xedc91f46296162fa0077c551e3b3d190f3c332f7026a3482bc54749a1dc9cdee claimNumberOnChain=1785055688364474
2026-07-29T08:06:11.218Z OK claim_number=359813 claim_id=f5619a39-3ce7-45ff-9c87-282e5ad32e5c use=claim fid=FID-29-117658-4 cr=CR4203603176163-7 scheme=SHIF amount=125.00 tx=0xf44c68dce7bf7df5c62d77ccbb8ccf238197884cf42c667f43982571f3b0bba6 claimNumberOnChain=1785055688364475
2026-07-29T08:06:21.211Z OK claim_number=359814 claim_id=67967638-c36d-416a-b020-7519a7788dd3 use=claim fid=FID-29-117658-4 cr=CR9645760706984-8 scheme=SHIF amount=125.00 tx=0x2b58cb32e7a5b01d5adafe3ce1ac897d6e076bedbdfee19feb3cf7b4cca8398e claimNumberOnChain=1785055688364476
2026-07-29T08:06:31.322Z OK claim_number=359815 claim_id=78454542-aaba-4e86-81ea-e15b8ebefada use=claim fid=FID-20-114807-9 cr=CR4454134831133-9 scheme=SHIF amount=375.00 tx=0x0dab029d769a39ed3e079fd90855188ab44cb0dbd01d24782d2f7da657ed9e44 claimNumberOnChain=1785055688364477
2026-07-29T08:06:41.352Z OK claim_number=359816 claim_id=2341c052-882f-4e61-b803-6bf7cccafe23 use=claim fid=FID-29-117658-4 cr=CR6699621974419-5 scheme=SHIF amount=125.00 tx=0x07b088ea82dfd1b2627c78284f801a97e455705d54d37d6fc98a94c829f678d9 claimNumberOnChain=1785055688364478
2026-07-29T08:06:53.000Z OK claim_number=359817 claim_id=75acc31a-4ed4-4c4d-9c86-1e4b8680038b use=claim fid=FID-29-117658-4 cr=CR7860562929831-4 scheme=SHIF amount=1312.50 tx=0xa1b725d7be172cb4e784343178a02621ae7c9e2f2ed5083a7c058b8629979968 claimNumberOnChain=1785055688364479
2026-07-29T08:07:02.310Z OK claim_number=359818 claim_id=9fc444ab-84de-4aff-b1c9-44478696ad23 use=claim fid=FID-29-117658-4 cr=CR7860562929831-4 scheme=SHIF amount=218.75 tx=0xd36bfaccc7374c5f89b402804c92176e4d302625d651d6a13aa6a2c5a4931504 claimNumberOnChain=1785055688364480
2026-07-29T08:07:12.519Z OK claim_number=359819 claim_id=cfc7cd87-04c5-415b-a709-e6576647a83a use=claim fid=FID-29-117658-4 cr=CR7860562929831-4 scheme=SHIF amount=34.40 tx=0xc5de46d268126e2a383fac1ed142447e62020da0884c7b3623dbd19e899c31de claimNumberOnChain=1785055688364481
2026-07-29T08:07:22.631Z OK claim_number=359820 claim_id=3e8c2b80-2f03-4025-930f-20d12f7c31d7 use=claim fid=FID-20-114807-9 cr=CR5504779330205-0 scheme=SHIF amount=125.00 tx=0xbf50784824c25442e60c7cd1502000339790c7555325ce1ad3a341e11c1797f6 claimNumberOnChain=1785055688364482
2026-07-29T08:07:32.762Z OK claim_number=359821 claim_id=b7003d8f-ddb0-41e1-a473-5bd8a032913e use=claim fid=FID-29-117658-4 cr=CR1719173865679-5 scheme=SHIF amount=125.00 tx=0x1840c403526fac1c45ffcc45756e1bc5a42c5c04763ddad7b7a1d0b86ec8198c claimNumberOnChain=1785055688364483
2026-07-29T08:07:42.964Z OK claim_number=359822 claim_id=90baa1da-598f-4819-979e-e1ec1e269c44 use=claim fid=FID-29-117658-4 cr=CR7860562929831-4 scheme=SHIF amount=1312.50 tx=0x7eb5f9583af4e40e927be8b65f1739a0ccf665bfa8a36772d25c712a611ba904 claimNumberOnChain=1785055688364484
2026-07-29T08:07:53.259Z OK claim_number=359823 claim_id=084e9ba1-fa6e-408e-a2cd-c80883f7cdad use=claim fid=FID-29-117658-4 cr=CR7860562929831-4 scheme=SHIF amount=218.75 tx=0x8a70a9f70f0998c3a6a693c103324932e5a95f45b7de993853a42c03a4603312 claimNumberOnChain=1785055688364485
2026-07-29T08:08:04.025Z OK claim_number=359824 claim_id=43b6e53d-f9be-44a6-b3f2-9a2351e12cdd use=claim fid=FID-29-117658-4 cr=CR7335961151003-0 scheme=SHIF amount=125.00 tx=0x1de51e29ec2d39014ed449571e765723d8078ebb27b836505e1965522f97383e claimNumberOnChain=1785055688364486
2026-07-29T08:08:14.342Z OK claim_number=359825 claim_id=06ea754f-4ffa-4609-a45d-164163852504 use=claim fid=FID-29-117658-4 cr=CR7860562929831-4 scheme=SHIF amount=34.40 tx=0x462ad9c648970cdcf3e3eb1b90c38e8d60cc90b156c353d31e39743b8fb1e7b4 claimNumberOnChain=1785055688364487
2026-07-29T08:08:24.751Z OK claim_number=359826 claim_id=8032f109-6644-46e2-bc9b-259a893509bb use=claim fid=FID-20-114807-9 cr=CR1790597850088-8 scheme=SHIF amount=750.00 tx=0xed4a09957746f7bc086a42a2c6fb917c2dc0520b4e55a2241ea98b0ea8e6616f claimNumberOnChain=1785055688364488
2026-07-29T08:09:00.669Z OK claim_number=359827 claim_id=5f01ab17-28ea-4cb4-9790-c929d759a790 use=claim fid=FID-29-117658-4 cr=BZ22334289-0 scheme=SHIF amount=192.64 tx=0x6350e841219995a4a335de8c308268bb3ff426ead96449888a0598f3d4bc0edb claimNumberOnChain=1785055688364489
2026-07-29T08:09:10.038Z OK claim_number=359828 claim_id=c2097929-4e75-43f8-a2b9-62660f1685ce use=claim fid=FID-29-117658-4 cr=BZ22334289-0 scheme=SHIF amount=250.00 tx=0x761d2ca1d661fb475f53b2fc65748d8fb3e513dc832e99629844d735aec4f09a claimNumberOnChain=1785055688364490
2026-07-29T08:09:20.919Z OK claim_number=359829 claim_id=3e938d33-ef3e-427a-95ed-69d06a36154a use=claim fid=FID-20-114807-9 cr=CR2497355686816-9 scheme=SHIF amount=125.00 tx=0x44b18ba77d29fc87bff4f5213328c2f23345c546263da7acd77a9033d7e8d60a claimNumberOnChain=1785055688364493
2026-07-29T08:10:01.583Z OK claim_number=359830 claim_id=7bccde2d-a5d9-4ca1-a19b-f657bec6e74f use=claim fid=FID-29-117658-4 cr=BZ22334289-0 scheme=SHIF amount=192.64 tx=0xd52bace9efd211dfb7a32721687a11c0109b09427ff7c64f37a1eb98bddd5724 claimNumberOnChain=1785055688364494
2026-07-29T08:10:11.685Z OK claim_number=359831 claim_id=11d86204-7c9c-4722-a009-2dcb3266e6a3 use=claim fid=FID-29-117658-4 cr=BZ22334289-0 scheme=SHIF amount=250.00 tx=0x2228d97ec1f123381ac156723d47f7e1963a0b9664fe98142fde58c360370a21 claimNumberOnChain=1785055688364495
2026-07-29T08:10:22.095Z OK claim_number=359832 claim_id=f850db67-e2e4-46dd-ad45-064e780239b8 use=claim fid=FID-29-117658-4 cr=CR5675800867062-3 scheme=SHIF amount=125.00 tx=0xf7e204d88f4a0f5788fe1c9779db618846bfdae8f47338f294cc166f3d6410ec claimNumberOnChain=1785055688364496
2026-07-29T08:10:46.853Z OK claim_number=359833 claim_id=3504f4c5-e09b-4562-846d-7545630d18d5 use=claim fid=FID-29-117658-4 cr=BZ22334289-0 scheme=SHIF amount=192.64 tx=0x7451649dcaf177add8f7992a45c4ba3e6c4f40043e2a606099364aae58c77d18 claimNumberOnChain=1785055688364497
2026-07-29T08:10:57.526Z OK claim_number=359834 claim_id=b30e98db-f1dd-464c-8bb3-8f4601a45d5f use=claim fid=FID-29-117658-4 cr=CR2215521386608-1 scheme=SHIF amount=125.00 tx=0xf7245eba550d1f725086c67e28d31fa2a92692a4f02d44f411c7974039be1787 claimNumberOnChain=1785055688364498
2026-07-29T08:11:20.564Z OK claim_number=359835 claim_id=0fe86579-bd2f-411e-86f8-0f162b0835bb use=claim fid=FID-29-117658-4 cr=BZ22334289-0 scheme=SHIF amount=250.00 tx=0x94f5effc7c8c9ab2c3c8fd6e8e59515d646f5d0501c88e11615f8f12a0d4fa80 claimNumberOnChain=1785055688364499
2026-07-29T08:11:29.989Z OK claim_number=359836 claim_id=92a01eb8-68d8-4ba0-8ecc-804bd5c93ab1 use=claim fid=FID-29-117658-4 cr=CR6564476868083-9 scheme=SHIF amount=125.00 tx=0xa494701ea131b06a58a134c2933f3b2f9693c37cc448879ed1a79ef9b1d8f4e8 claimNumberOnChain=1785055688364500
2026-07-29T08:11:54.430Z OK claim_number=359837 claim_id=e31f5001-8df0-4aa6-8c68-24b3edc0eabd use=claim fid=FID-29-117658-4 cr=BZ22334289-0 scheme=SHIF amount=192.64 tx=0xa2ebc7a1491481fc01a509ea41c6c6f0bdbd68090c943006a781b4badf8e9854 claimNumberOnChain=1785055688364501
2026-07-29T08:12:04.855Z OK claim_number=359838 claim_id=69220e1f-0699-455c-b9a7-9f5f22ebc81c use=claim fid=FID-29-117658-4 cr=BZ22334289-0 scheme=SHIF amount=192.64 tx=0x77963310ac897d3ac5e30a7db1b25964011957efb5691de7520d33a9f61624b4 claimNumberOnChain=1785055688364502
2026-07-29T08:12:15.210Z OK claim_number=359839 claim_id=bc6ce717-8701-4144-a9e1-6c1f13a44ae2 use=claim fid=FID-29-117658-4 cr=BZ22334289-0 scheme=SHIF amount=250.00 tx=0x597a8dcce3942b001c2eb41b18af284b2ba5671a6ea3f1e824281e91f18ee0b1 claimNumberOnChain=1785055688364503
2026-07-29T08:12:25.526Z OK claim_number=359840 claim_id=7281afde-26dc-422d-b258-f7f833d60b07 use=claim fid=FID-29-117658-4 cr=BZ22334289-0 scheme=SHIF amount=250.00 tx=0xf2cd00ff1879dce2c8e2a785970e542d0d177937a6c60b92f158e53bffa98db0 claimNumberOnChain=1785055688364504
2026-07-29T08:12:35.935Z OK claim_number=359841 claim_id=d70a92d8-af52-40e9-abce-6708784d2101 use=claim fid=FID-20-114807-9 cr=CR5960652249816-0 scheme=SHIF amount=1000.00 tx=0x8426d217fa5a51a68c0354b2a4880253380f490edeb36337e5ab14aa10ea35a7 claimNumberOnChain=1785055688364505
2026-07-29T08:13:01.187Z ERR claim_number=359842 claim_id=8e7cb359-d271-4a91-bd14-c5056fde6254 use=claim fid=FID-29-117658-4 cr=CR8297835687641-0 error=500 /api/public/eclaim-contract/submit?wait=false: Internal server error
2026-07-29T08:13:40.703Z OK claim_number=359843 claim_id=f3d94b0c-b1a8-45a5-bcf7-e2607043ec98 use=claim fid=FID-29-117658-4 cr=BZ22334289-0 scheme=SHIF amount=192.64 tx=0x46ada1f9f3c635dd18d6b02b539771a2fc9ba0418db7a6790519e732b3f90b77 claimNumberOnChain=1785055688364509
2026-07-29T08:13:50.842Z OK claim_number=359844 claim_id=814178c1-e88b-4734-b22c-34d78bd99dd5 use=claim fid=FID-29-117658-4 cr=BZ22334289-0 scheme=SHIF amount=250.00 tx=0xd3ded00d9cc1fbb4cd801d8d969f1d9b1e7f036152ac7c5b5aa839a42b6ee86e claimNumberOnChain=1785055688364510
2026-07-29T08:14:00.154Z ERR claim_number=359845 claim_id=1575680d-4b18-407b-b193-69646d048aba use=claim fid=FID-20-114807-9 cr=CR9400249907533-9 error=500 /api/public/eclaim-contract/submit?wait=false: Internal server error
2026-07-29T08:14:42.180Z OK claim_number=359846 claim_id=598e1a98-696b-48f8-8f26-41879ef212c1 use=claim fid=FID-29-117658-4 cr=BZ22334289-0 scheme=SHIF amount=192.64 tx=0x3f19cbe065a7ba2a3af1a9b021e9b37556af8374afce471d6d6c5b4465737d18 claimNumberOnChain=1785055688364516
2026-07-29T08:15:15.042Z OK claim_number=359847 claim_id=903aa007-014b-40e1-98cd-5fce4654956b use=claim fid=FID-29-117658-4 cr=BZ22334289-0 scheme=SHIF amount=250.00 tx=0x7f31c3d087587976912fc4aaef0ae8c7888a820d4a0a5d7ff3b2388acab51c7c claimNumberOnChain=1785055688364517
2026-07-29T08:15:25.688Z OK claim_number=359848 claim_id=3a7dd6af-a28b-49f0-81c7-66d09bf3e291 use=claim fid=FID-29-117658-4 cr=CR2914518092001-4 scheme=SHIF amount=125.00 tx=0xfeccf18b3f70efe3f711fdeee3f6b5140726d0d497047dd33b818bee1e0f9f1f claimNumberOnChain=1785055688364518
2026-07-29T08:15:50.541Z OK claim_number=359849 claim_id=631c70cf-f7de-46a7-9a7e-eef43caeaf9f use=claim fid=FID-29-117658-4 cr=BZ30970942-6 scheme=SHIF amount=625.00 tx=0x1f3d9ec205d1dac8f983a6f02af21c2e03d9fc6b274474a3eeb132681ac54b59 claimNumberOnChain=1785055688364519
2026-07-29T08:15:59.614Z OK claim_number=359850 claim_id=dd93bd31-177e-4a6f-9281-dde3a6d53ea9 use=claim fid=FID-20-114807-9 cr=CR6376864577481-2 scheme=SHIF amount=250.00 tx=0x1f656c0a5df4fd118bba8948f34dc423bf71fbbe18ef9e49a15937556760b720 claimNumberOnChain=1785055688364522
2026-07-29T08:16:42.006Z OK claim_number=359851 claim_id=14dfebb2-d0a2-4163-bc43-45fc55a9b45f use=claim fid=FID-29-117658-4 cr=CR7860562929831-4 scheme=SHIF amount=1500.00 tx=0xf9181e4f0529ec35460fa12889c18439c23652f59bb22438854100f97837e325 claimNumberOnChain=1785055688364523
2026-07-29T08:16:52.317Z SKIP claim_number=359852 claim_id=d3078348-b66e-493e-a8f6-77ae64a16467 reason=zero_amount claimed_total_raw=0.00
2026-07-29T08:16:52.323Z OK claim_number=359853 claim_id=033c2219-987d-4d19-926c-361d9b89afcf use=claim fid=FID-20-114807-9 cr=CR9894607580050-0 scheme=SHIF amount=375.00 tx=0xc8c84a71f2b2b12e8a8a317fd25f3201a999b5218fe9a20530a4ccf3a6505456 claimNumberOnChain=1785055688364524
2026-07-29T08:17:16.903Z OK claim_number=359854 claim_id=324f8fa6-abe9-43b0-a8f2-372a8ce10f6f use=claim fid=FID-29-117658-4 cr=CR9645760706984-8 scheme=SHIF amount=250.00 tx=0x584a9f87819896c3c6e1673bf9eb2eb0d137cf0f54e0d2628cce7158d06a29d1 claimNumberOnChain=1785055688364525
2026-07-29T08:17:27.122Z OK claim_number=359855 claim_id=7560c1b0-74ff-419b-b529-9f46bbca1d83 use=claim fid=FID-29-117658-4 cr=CR6834235401500-0 scheme=SHIF amount=125.00 tx=0x5c8e6e9a85a340db658284cd5cf3b6971ae1c876a69c54dd75605132c857d966 claimNumberOnChain=1785055688364526
2026-07-29T08:17:51.505Z OK claim_number=359856 claim_id=e678f3a9-f2e9-4b31-aa97-1a1da06e905e use=claim fid=FID-29-117658-4 cr=CR9645760706984-8 scheme=SHIF amount=250.00 tx=0x6b772286fbdd51f3ccd4b9aeb594ead834a07a52df4fcf28ee0c02f4907e6c20 claimNumberOnChain=1785055688364527
2026-07-29T08:18:02.073Z OK claim_number=359857 claim_id=3760dcb1-a37d-4059-887a-b3532b8f5ee1 use=claim fid=FID-29-117658-4 cr=BZ29728796-3 scheme=SHIF amount=100.00 tx=0x1f9de137f232ef67dc3c5f80c355822feb201f9d8342610b782f9d90fe255992 claimNumberOnChain=1785055688364528
2026-07-29T08:18:12.395Z OK claim_number=359858 claim_id=8273ca92-86fc-4946-980b-463c0d9c2940 use=claim fid=FID-29-117658-4 cr=CR9640209422790-5 scheme=SHIF amount=25.00 tx=0xf8625d79d2b8d21bf9d3e9c4aec8dd926175b3952df88366f652d1cc8db1ecf7 claimNumberOnChain=1785055688364529
2026-07-29T08:18:37.071Z OK claim_number=359859 claim_id=aea913e4-fa59-4b41-a599-95252b770dda use=claim fid=FID-29-117658-4 cr=CR5114746994842-8 scheme=SHIF amount=125.00 tx=0x09f06caa14520460a2cc99339f1eda3b41290fb5a4f51ee1a048db47371bb37c claimNumberOnChain=1785055688364530
2026-07-29T08:19:01.633Z OK claim_number=359860 claim_id=c340e54c-2d2e-46ef-ab2d-c8587478b4cc use=claim fid=FID-29-117658-4 cr=CR7400004069070-9 scheme=SHIF amount=250.00 tx=0xba53905228390af870ef31cfa71fd78b0bde43f34c78adbabb8059ee6cf0d579 claimNumberOnChain=1785055688364531
2026-07-29T08:19:11.851Z OK claim_number=359861 claim_id=9cca6753-dd34-4c70-b7e7-978005bb1c04 use=claim fid=FID-29-117658-4 cr=CR7400004069070-9 scheme=SHIF amount=250.00 tx=0x1ef17b07b5114127346991ec181e826f6bc28510ca5eb42dbc5a9de448965bd7 claimNumberOnChain=1785055688364532
2026-07-29T08:19:22.144Z OK claim_number=359862 claim_id=28b6a014-08c2-4439-87f2-42af36158eeb use=claim fid=FID-29-117658-4 cr=CR5551777322283-3 scheme=SHIF amount=125.00 tx=0xb2624d3b9606493e38a48e7448b08e323b6204acbf8f4f312c8953c97bc8f3a3 claimNumberOnChain=1785055688364533
2026-07-29T08:19:45.815Z OK claim_number=359863 claim_id=84f59046-8b22-4125-8ab5-7d7fee0ad167 use=claim fid=FID-29-117658-4 cr=CR7400004069070-9 scheme=SHIF amount=375.00 tx=0x1f69a87b47ca6fd3719b74ebf69217bd225cce5e98dd3d4d24f52e39d958c30c claimNumberOnChain=1785055688364534
2026-07-29T08:19:56.036Z OK claim_number=359864 claim_id=cf10a745-0fef-475c-9fea-b3e5dbbdac17 use=claim fid=FID-29-117658-4 cr=CR7400004069070-9 scheme=SHIF amount=250.00 tx=0xc79c10f4924877d54e8c7e6189005aae2f108ffc297ade871bcc2ed96a208c41 claimNumberOnChain=1785055688364535
2026-07-29T08:20:06.451Z OK claim_number=359865 claim_id=32e4a393-585d-40e9-be4a-4ae808e67168 use=claim fid=FID-29-117658-4 cr=CR4981297316515-8 scheme=SHIF amount=125.00 tx=0x1b3202d8e8b1d46c624b3672dd89b2cfee562fdb1ac72d54a415eae24c47802c claimNumberOnChain=1785055688364536
2026-07-29T08:20:30.704Z OK claim_number=359866 claim_id=967cb794-d0ed-4b81-8d7d-1c6166d294b7 use=claim fid=FID-29-117658-4 cr=CR7400004069070-9 scheme=SHIF amount=250.00 tx=0xf6398a9150233a74232acbe3db56610333eb18f7e85f8d035f07b5a3061beec2 claimNumberOnChain=1785055688364537
2026-07-29T08:20:40.798Z OK claim_number=359867 claim_id=9cf0bcf4-85ad-471c-b15f-a21046482b36 use=claim fid=FID-29-117658-4 cr=CR7400004069070-9 scheme=SHIF amount=375.00 tx=0x2e6c66170d31259b33896c1abfc194fa3a2c7c471547fc9b460013c294fe89dd claimNumberOnChain=1785055688364538
2026-07-29T08:20:51.370Z OK claim_number=359868 claim_id=ba990da0-41c3-4df8-8344-e1d0d10a2255 use=claim fid=FID-29-117658-4 cr=CR2160817833121-1 scheme=SHIF amount=100.00 tx=0xf65232353880f9706bf4f77ba997616b0c508f9efb75a6d8fbeaef5c5b719e12 claimNumberOnChain=1785055688364539
2026-07-29T08:21:01.729Z OK claim_number=359869 claim_id=47e9dbd6-00d8-4c85-a6a4-517eb9d51dd2 use=claim fid=FID-20-114807-9 cr=CR3285471874764-2 scheme=SHIF amount=687.60 tx=0x012898a4a15629f582a423ea769cff3a779df87123f73144c5e2061c4ff46091 claimNumberOnChain=1785055688364540
2026-07-29T08:21:25.785Z OK claim_number=359870 claim_id=a7d5392a-3bf9-4e83-b174-03b65da3fcf8 use=claim fid=FID-29-117658-4 cr=CR7400004069070-9 scheme=SHIF amount=100.00 tx=0xbc91c89b48aeba1f74c6c58b754a98cb2bed29644153f04eb74602670a95f549 claimNumberOnChain=1785055688364543
2026-07-29T08:21:54.205Z ERR claim_number=359871 claim_id=ad9771ed-735f-4273-bb0d-8307c5aa49db use=claim fid=FID-29-117658-4 cr=CR2217881707569-3 error=500 /api/public/eclaim-contract/submit?wait=false: Internal server error
2026-07-29T08:22:38.199Z ERR claim_number=359872 claim_id=eade6eea-fbe8-4287-8d16-06b59a0bfd4e use=claim fid=FID-29-117658-4 cr=CR1447875436619-0 error=500 /api/public/eclaim-contract/submit?wait=false: Internal server error
2026-07-29T08:23:13.014Z OK claim_number=359873 claim_id=3ea21b09-b016-44a5-a62b-d87ef80d256f use=claim fid=FID-29-117658-4 cr=CR7400004069070-9 scheme=SHIF amount=100.00 tx=0x7f8b7752391b713bc448c3020d1de6c890e4a700a709ed43a191c4283c3f77e4 claimNumberOnChain=1785055688364550
2026-07-29T08:23:21.975Z OK claim_number=359874 claim_id=e7a7cc3f-ef5c-48e0-b1fc-2076a328581c use=claim fid=FID-29-117658-4 cr=CR9395032052148-6 scheme=SHIF amount=125.00 tx=0x8acbc0d5d6e71f5fe6bc012110b982409b10f061bdac88af1755a309e06d2a3e claimNumberOnChain=1785055688364551
2026-07-29T08:23:46.014Z OK claim_number=359875 claim_id=f579915f-adf4-4526-bf49-602abdec1e76 use=claim fid=FID-29-117658-4 cr=CR2160817833121-1 scheme=SHIF amount=100.00 tx=0xe3bd7e8157bea6e472fe17a6648cb4d4bb86e58637cb855e30c3dafa5adc1043 claimNumberOnChain=1785055688364552
2026-07-29T08:23:56.287Z SKIP claim_number=359876 claim_id=fe376e37-79ec-4435-bb79-a19154e41967 reason=zero_amount claimed_total_raw=0.00
2026-07-29T08:23:56.296Z OK claim_number=359877 claim_id=d898a43a-2341-4172-a96a-e69277524edc use=claim fid=FID-20-114807-9 cr=CR2663094220357-0 scheme=SHIF amount=375.00 tx=0x642e9baa9b891cc7614397ccc858396b3aab5261f86b29877fe239dd2604b983 claimNumberOnChain=1785055688364553
2026-07-29T08:24:20.176Z OK claim_number=359878 claim_id=9a1f522f-25ee-4598-b1f9-d5a4c0ea13eb use=claim fid=FID-20-114807-9 cr=CR3292698983982-7 scheme=SHIF amount=515.63 tx=0x0e56cc3b6a5a01da310cbf197049f8d030032a93a0c571641b3d97925685512f claimNumberOnChain=1785055688364556
2026-07-29T08:25:03.186Z OK claim_number=359879 claim_id=99d21195-3f12-4387-890b-cb7cfce2c3cf use=claim fid=FID-29-117658-4 cr=CR5749088994631-5 scheme=SHIF amount=100.00 tx=0x8ee10f374d8bf3ccdb44fd2f1d7e3643b1e6104684f16fdb5e4ccbe1b8b833dd claimNumberOnChain=1785055688364557
2026-07-29T08:25:13.391Z OK claim_number=359880 claim_id=564886d3-1856-4a20-addb-2a74c2ecadc0 use=claim fid=FID-29-117658-4 cr=CR4904944877318-9 scheme=SHIF amount=100.00 tx=0x7719bde8651c6fa5856a7236b477274bd6f8683f13e8eed17d333aadf0716b3f claimNumberOnChain=1785055688364558
2026-07-29T08:25:23.916Z OK claim_number=359881 claim_id=2a2603b9-5540-4979-bfb7-66558f6cc69b use=claim fid=FID-20-114807-9 cr=CR3281398998481-3 scheme=SHIF amount=393.75 tx=0xfbffbe74acb3dd76d6e4fa137baa8ca38f2c8020439c8eb8628507d4c55c8081 claimNumberOnChain=1785055688364559
2026-07-29T08:25:48.601Z ERR claim_number=359882 claim_id=5c8d7380-d49f-4470-9547-725fcc48e56d use=claim fid=FID-20-114807-9 cr=CR1608404097081-7 error=500 /api/public/eclaim-contract/submit?wait=false: Internal server error
2026-07-29T08:26:31.384Z OK claim_number=359883 claim_id=855a6ad5-1a3a-458e-9b22-b296599f1dfb use=claim fid=FID-29-117658-4 cr=CR7400004069070-9 scheme=SHIF amount=100.00 tx=0x360e72f22bd1bc5e0987fffadc52855378886428a24fec2f8afff0c249dd10dc claimNumberOnChain=1785055688364565
2026-07-29T08:26:59.671Z OK claim_number=359884 claim_id=ec46c881-51ac-4106-917a-dc26a086ee00 use=claim fid=FID-29-117658-4 cr=CR8727405005556-7 scheme=SHIF amount=625.00 tx=0x19ea21ef0925cba2be13a9f92e7725dca6c9287ee9587b922b263db63f7493bc claimNumberOnChain=1785055688364566
2026-07-29T08:27:10.137Z OK claim_number=359885 claim_id=02f1e809-3214-401c-8eab-d7d66b782a59 use=claim fid=FID-20-114807-9 cr=CR9486395315612-5 scheme=SHIF amount=1000.00 tx=0xc703f2e47e60a23dcf2d5675bbd28007a7d09f4657b8f1305262dc26336b51cc claimNumberOnChain=1785055688364568
2026-07-29T08:27:44.152Z OK claim_number=359886 claim_id=1fc29006-0cd9-477a-952a-419fb7cd87b2 use=claim fid=FID-29-117658-4 cr=CR4686598781823-1 scheme=SHIF amount=46.95 tx=0x541721f6082e99074b5e6131dd77cc6bd9538b92ef01537c882db914532495c2 claimNumberOnChain=1785055688364569
2026-07-29T08:27:54.560Z OK claim_number=359887 claim_id=5accbcb4-73cd-4b3b-9974-d3bc79025815 use=claim fid=FID-20-114807-9 cr=CR0040679502609-9 scheme=SHIF amount=4937.50 tx=0xe92e4de6754917eda38b701add3ec76912757122fb0501c1180cc2d45f28c74b claimNumberOnChain=1785055688364571
2026-07-29T08:28:28.350Z OK claim_number=359888 claim_id=3935d2c2-0f7c-4b29-82bf-ee0595ff8c74 use=claim fid=FID-29-117658-4 cr=CR4686598781823-1 scheme=SHIF amount=87.50 tx=0x88668815745a3acd968d89a6e340a0688145e62cf685e9bf1cc4c134c7677e47 claimNumberOnChain=1785055688364572
2026-07-29T08:28:38.886Z OK claim_number=359889 claim_id=a54fadf4-b379-4a86-984a-2c642c98c54d use=claim fid=FID-20-114807-9 cr=CR7717352929032-0 scheme=SHIF amount=250.00 tx=0x5d4b4a30d020152da941a607bc7fe835f98c2f945ac64fc0fedadf978e99b179 claimNumberOnChain=1785055688364573
2026-07-29T08:29:03.271Z OK claim_number=359890 claim_id=98168b38-b1f6-4911-9662-a4100e0758ca use=claim fid=FID-29-117658-4 cr=CR4686598781823-1 scheme=SHIF amount=46.95 tx=0xcf719016c86c906799fbd7255e509ae4ba73c52b4bcd905597f440a1e0d9318e claimNumberOnChain=1785055688364574
2026-07-29T08:29:14.001Z OK claim_number=359891 claim_id=9f0221a4-4083-4617-86d4-65b44fb7b1c4 use=claim fid=FID-29-117658-4 cr=CR4686598781823-1 scheme=SHIF amount=87.50 tx=0x4b4d68e985d0bd03bf34e7f59403db56e144cc458772bb3df46b824eb82e5328 claimNumberOnChain=1785055688364575
2026-07-29T08:29:24.389Z OK claim_number=359892 claim_id=56765d61-301e-45f7-b5e4-b40f79aa9c86 use=claim fid=FID-29-117658-4 cr=CR5930640204356-2 scheme=SHIF amount=125.00 tx=0x1f36ae08ff7f4111a20526614793ac3f760e5cd71b98b3f49213715bbe225f77 claimNumberOnChain=1785055688364576
2026-07-29T08:29:48.535Z OK claim_number=359893 claim_id=cb85e9e4-1837-4569-8e18-9d5a62302c23 use=claim fid=FID-29-117658-4 cr=CR4686598781823-1 scheme=SHIF amount=46.95 tx=0xb083583ecb9922bf6f9d58ef18be9abfc687dadf333672818b309ca7bace7e17 claimNumberOnChain=1785055688364577
2026-07-29T08:29:58.757Z OK claim_number=359894 claim_id=abe7feca-75a2-408d-add2-86a256298e7b use=claim fid=FID-29-117658-4 cr=CR4686598781823-1 scheme=SHIF amount=87.50 tx=0x0f6fb379071880b4d2aea6903fa97abca36378e3b5510041ec5c141411cf083c claimNumberOnChain=1785055688364578
2026-07-29T08:30:09.120Z OK claim_number=359895 claim_id=e8308e39-4adc-4909-8df4-7e57d0eaef72 use=claim fid=FID-20-114807-9 cr=CR3596674152304-3 scheme=SHIF amount=250.00 tx=0xf1452a74218ab724e56fefa13b5d2dabe21f8f13967045537a5aef6099496827 claimNumberOnChain=1785055688364579
2026-07-29T08:30:33.726Z OK claim_number=359896 claim_id=03fe0d56-81aa-4631-b449-25b502bc1c1f use=claim fid=FID-29-117658-4 cr=CR4686598781823-1 scheme=SHIF amount=46.95 tx=0x55f2871c6100323387619db95ab741e1d60219288ce1fe7a3b2bbd32010b3524 claimNumberOnChain=1785055688364580
2026-07-29T08:30:43.009Z OK claim_number=359897 claim_id=90fbe9cf-9c2b-41ad-b7e5-b3acb7a31038 use=claim fid=FID-29-117658-4 cr=CR4686598781823-1 scheme=SHIF amount=87.50 tx=0x2b639522cbf853107eec8132820a01fdde2f3364fe43ff8d72ed0f9dd6fbdc88 claimNumberOnChain=1785055688364581
2026-07-29T08:30:53.367Z OK claim_number=359898 claim_id=abb8cda2-74ac-4af1-a0e8-3971504d1387 use=claim fid=FID-29-117658-4 cr=CR4686598781823-1 scheme=SHIF amount=46.95 tx=0xb347306ba8ed9d5258c330244b1855899db99ba7490b3fd1fe3290b14b72a6d8 claimNumberOnChain=1785055688364582
2026-07-29T08:31:03.761Z OK claim_number=359899 claim_id=076f636a-bdff-4135-aded-36d5636ec588 use=claim fid=FID-29-117658-4 cr=CR4724432657844-4 scheme=SHIF amount=125.00 tx=0x2fd41c3a342835ec7b455fdf055aabfd605d4e5e33ccfb69d35ceabf1ceb1908 claimNumberOnChain=1785055688364583
2026-07-29T08:31:28.163Z OK claim_number=359900 claim_id=dcb5f2dd-edc5-4a00-82e1-5ef0684eb432 use=claim fid=FID-20-114807-9 cr=CR8220230100322-2 scheme=SHIF amount=875.00 tx=0x105bcc83b4ab40e960eae8f4e4d725d68add6e0a109ab9e00332e44bd12fbe57 claimNumberOnChain=1785055688364584
2026-07-29T08:32:02.116Z OK claim_number=359901 claim_id=7b03d470-d6de-4f48-b12c-81ed5d951889 use=claim fid=FID-29-117658-4 cr=CR4686598781823-1 scheme=SHIF amount=87.50 tx=0x99ef0ff1cc40e3359d2f195958713f79c0ce62690b50780d973a356abee120ad claimNumberOnChain=1785055688364585
2026-07-29T08:32:12.433Z OK claim_number=359902 claim_id=7f9d9a85-0a0f-415d-b940-1af709ce487c use=claim fid=FID-29-117658-4 cr=CR4686598781823-1 scheme=SHIF amount=87.50 tx=0x8060f90025c0492516c66d060c7e81a55605cccc205311582634527dd7bb95a4 claimNumberOnChain=1785055688364586
2026-07-29T08:32:22.961Z OK claim_number=359903 claim_id=5db4d2d7-5a16-458b-ab65-4b3f0d6a2060 use=claim fid=FID-29-117658-4 cr=CR4686598781823-1 scheme=SHIF amount=46.95 tx=0x6f17fd43d51240941acaea03dbc49745486f0f67cf43844cd099b35305183b3f claimNumberOnChain=1785055688364587
2026-07-29T08:32:33.495Z OK claim_number=359904 claim_id=0118b43f-c109-4afe-91c3-d6f355cfbec6 use=claim fid=FID-29-117658-4 cr=CR0077716975605-1 scheme=SHIF amount=125.00 tx=0x91e8176773127ff1e50cf5e89898863b5097216a938f2fa24c407f5233a08055 claimNumberOnChain=1785055688364588
2026-07-29T08:33:00.843Z OK claim_number=359905 claim_id=0e667f57-4bf0-4503-b201-0d33096ae9a7 use=claim fid=FID-29-117658-4 cr=CR4686598781823-1 scheme=SHIF amount=87.50 tx=0x018b842ce4ccdd24a12a25954489553e1a1feeb0e4ce7fb265738175b0af2374 claimNumberOnChain=1785055688364589
2026-07-29T08:33:11.165Z OK claim_number=359906 claim_id=e6004fd0-b665-472b-801d-686c6e3f6745 use=claim fid=FID-20-114807-9 cr=CR0891916129794-8 scheme=SHIF amount=375.00 tx=0xcbd661a45dd5211065b08a3d09e0f07b09e729d7fa9d0b9fc564347becefa503 claimNumberOnChain=1785055688364590
2026-07-29T08:33:35.511Z OK claim_number=359907 claim_id=32c5d765-e518-47f2-a5bb-6bc2dc79c0a7 use=claim fid=FID-29-117658-4 cr=CR8727405005556-7 scheme=SHIF amount=100.00 tx=0xbb5645ad31a70a6e1e75728d8c4289ca1b9f70caabf01d6e5354f35832850955 claimNumberOnChain=1785055688364591
2026-07-29T08:33:45.898Z OK claim_number=359908 claim_id=7b3b9ebc-df64-4be1-9025-7faa2cee5882 use=claim fid=FID-29-117658-4 cr=CR6711118758048-5 scheme=SHIF amount=125.00 tx=0xbf4b0d3d3debffbf38120731b555862bf35b65098cb142dae73cd4d6c9b94bb8 claimNumberOnChain=1785055688364592
2026-07-29T08:34:13.067Z OK claim_number=359909 claim_id=b61c4bdf-815d-432d-8c8a-451740a57fc3 use=claim fid=FID-20-114807-9 cr=CR6118143486103-4 scheme=SHIF amount=500.00 tx=0xb902ff9aabbdb570ff74651340049b0192b7395b6cfc387440e4cdf45e6a7bd4 claimNumberOnChain=1785055688364593
2026-07-29T08:34:36.715Z OK claim_number=359910 claim_id=812a3cb7-9573-4fb0-ae87-be010d6f4499 use=claim fid=FID-29-117658-4 cr=BZ29728796-3 scheme=SHIF amount=625.00 tx=0x6b5884a5d37016f6d8bc8e9d654f8d4ffc9f5e95f6fba8d201be136269e6a192 claimNumberOnChain=1785055688364594
2026-07-29T08:34:46.885Z OK claim_number=359911 claim_id=3cf19596-800a-48d2-a3c7-8f71a2bb056f use=claim fid=FID-29-117658-4 cr=CR6509895938248-3 scheme=SHIF amount=100.00 tx=0x722400617a1baaa135d9e3938f97a7de2558d387e348d6eb94d0c3dbfbab5c3c claimNumberOnChain=1785055688364596
2026-07-29T08:35:06.288Z OK claim_number=359912 claim_id=c71ea019-a3b5-43e6-a486-b3dc323631c6 use=claim fid=FID-20-114807-9 cr=CR7856506091784-0 scheme=SHIF amount=562.50 tx=0x93deb0acd22f795f27d90d5b34d0fba396565733a23dcc6f86088d19498b1458 claimNumberOnChain=1785055688364597
2026-07-29T08:35:30.220Z OK claim_number=359913 claim_id=a9235a84-5dd1-48a5-9571-771a495d308a use=claim fid=FID-20-114807-9 cr=CR7842851281864-7 scheme=SHIF amount=740.00 tx=0x4e17ce616cb5628892565a9cad7156bb69ad235f216ba20e0e63c61f91b64e41 claimNumberOnChain=1785055688364598
2026-07-29T08:35:55.372Z OK claim_number=359914 claim_id=45e4cc93-92ca-4688-b525-a58866cff314 use=claim fid=FID-29-117658-4 cr=CR4686598781823-1 scheme=SHIF amount=46.95 tx=0xa42cf6be014ad6eecab7fe73d76882afb7c1fb6a29d8dbba416254676e37fd49 claimNumberOnChain=1785055688364599
2026-07-29T08:36:05.628Z OK claim_number=359915 claim_id=220a5812-68d5-4228-b91c-d7320fed7309 use=claim fid=FID-29-117658-4 cr=CR4686598781823-1 scheme=SHIF amount=87.50 tx=0x3e744d396c8f64049526c6890e6b99ad8b6ed52bf6bd75e8d010f9d2df6fe096 claimNumberOnChain=1785055688364600
2026-07-29T08:36:15.974Z OK claim_number=359916 claim_id=e19f13b8-09ca-49d8-9693-935fd7f83eac use=claim fid=FID-20-114807-9 cr=CR7385825199984-1 scheme=SHIF amount=1182.50 tx=0x28cc5b5b4903af653815bbd10910cf514bc11a776789c02be091400980462064 claimNumberOnChain=1785055688364602
2026-07-29T08:36:49.515Z OK claim_number=359917 claim_id=f8625086-af90-4b4a-9d13-af5583bdb17c use=claim fid=FID-29-117658-4 cr=CR4686598781823-1 scheme=SHIF amount=46.95 tx=0xf9fc37b6453e01b33b886a9d5528e415e6177db31bb22eea9c4960438b413241 claimNumberOnChain=1785055688364604
2026-07-29T08:37:09.262Z OK claim_number=359918 claim_id=a75df1f3-50f8-41ef-9df9-d89d97f0e2ef use=claim fid=FID-29-117658-4 cr=CR4686598781823-1 scheme=SHIF amount=87.50 tx=0x357fb46903c7670023acd8b889b08d3ca55c9ea3442ddd1b9a99c973a44d9e90 claimNumberOnChain=1785055688364606
2026-07-29T08:37:29.227Z OK claim_number=359919 claim_id=1f130771-0c8e-489c-96e5-78c49db38fe3 use=claim fid=FID-20-114807-9 cr=CR1119192667166-9 scheme=SHIF amount=250.00 tx=0x70d49af2d10f032df8efa9e750d92554b93aa906f85ba4de62cb386e01229ce3 claimNumberOnChain=1785055688364608
2026-07-29T08:38:02.596Z OK claim_number=359920 claim_id=55e3a0df-8cf8-4f74-a2e6-8cf3badf3ca8 use=claim fid=FID-29-117658-4 cr=CR4686598781823-1 scheme=SHIF amount=46.95 tx=0xf01bf50339589078dfdbf06934f7cd652b01827c04620e13f0ef89135293506e claimNumberOnChain=1785055688364609
2026-07-29T08:38:12.660Z OK claim_number=359921 claim_id=a0ef712d-9640-477b-8d0f-55c0b71378ee use=claim fid=FID-29-117658-4 cr=CR4686598781823-1 scheme=SHIF amount=87.50 tx=0x649d066414747ca7be9ac9fc426a425b6d6a8b85299bc61cfb7fc925b379ed90 claimNumberOnChain=1785055688364610
2026-07-29T08:38:22.695Z OK claim_number=359922 claim_id=d7e6c376-1443-4ae6-8302-978a26920d5a use=claim fid=FID-20-114807-9 cr=CR6784364213127-8 scheme=SHIF amount=375.00 tx=0x1e2c5a9866173d94de3fbccfc0a5b21c28791b270d96af2f599db35049342a06 claimNumberOnChain=1785055688364611
2026-07-29T08:38:46.572Z OK claim_number=359923 claim_id=f35b80f4-a11a-4968-bed7-174aa814d204 use=claim fid=FID-29-117658-4 cr=CR4686598781823-1 scheme=SHIF amount=46.95 tx=0xf5836cfe1f926934afbd6f3ff9e266ed5df4877e66e2b982693f6d4a1390483b claimNumberOnChain=1785055688364612
2026-07-29T08:38:56.946Z OK claim_number=359924 claim_id=6d2cbb47-021c-4522-916e-9dd321e0f8ee use=claim fid=FID-29-117658-4 cr=CR4686598781823-1 scheme=SHIF amount=87.50 tx=0x15d497b19d544788d7ef4132851ab22b2c5bed77c984266d9fd46e01b021437a claimNumberOnChain=1785055688364613
2026-07-29T08:39:07.440Z OK claim_number=359925 claim_id=1d49896c-1456-47ac-a0c3-215e44cb79a0 use=claim fid=FID-29-117658-4 cr=CR1935301870970-6 scheme=SHIF amount=125.00 tx=0x246af246d6b58b7ebadaefee13e5e760a16e42d6af68682b58811d3ff5483e3b claimNumberOnChain=1785055688364614
2026-07-29T08:39:31.828Z OK claim_number=359926 claim_id=16ef94bb-f9a7-44b9-aa03-63b8e2e9cacf use=claim fid=FID-29-117658-4 cr=CR8727405005556-7 scheme=SHIF amount=625.00 tx=0xd502ecfbda05358756b672054edf70be9b91e5011e197d32dc8929dcc54ecfe3 claimNumberOnChain=1785055688364616
2026-07-29T08:39:52.238Z OK claim_number=359927 claim_id=222ad958-3742-48bc-b5a8-351202f3ea9a use=claim fid=FID-29-117658-4 cr=CR0721642721866-4 scheme=SHIF amount=125.00 tx=0xc18a158381ca59816aa7dcaa3457ccca9d6f2d7154afc5de32487caed71efa4b claimNumberOnChain=1785055688364617
2026-07-29T08:40:13.806Z OK claim_number=359928 claim_id=6dd92be3-fde5-486e-b166-ff282a93b25d use=claim fid=FID-29-117658-4 cr=CR8727405005556-7 scheme=SHIF amount=600.00 tx=0xc9648d56055d3e4ef5447d3f611cc2733ce30477bc1a853f34df2d9fe0129900 claimNumberOnChain=1785055688364618
2026-07-29T08:40:23.262Z OK claim_number=359929 claim_id=d889b02d-c842-41e4-91cb-1cc7239a4125 use=claim fid=FID-29-117658-4 cr=CR8727405005556-7 scheme=SHIF amount=500.00 tx=0x603c5396edbd0170de7715e6b61f94f447f7357afbf8c9be148079a603105bc4 claimNumberOnChain=1785055688364619
2026-07-29T08:40:32.377Z OK claim_number=359930 claim_id=033cbbb1-eacf-434f-8998-e6ce19600725 use=claim fid=FID-20-114807-9 cr=CR0537465897345-7 scheme=SHIF amount=375.00 tx=0x3a48cff1f5429f0565602a519746cef6f2d757482f0ff6c344ef69fe16d30250 claimNumberOnChain=1785055688364620
2026-07-29T08:40:56.777Z OK claim_number=359931 claim_id=934ddad9-836e-4cd1-b6e7-754f8b2d0ede use=claim fid=FID-20-114807-9 cr=CR5575566157643-7 scheme=SHIF amount=250.00 tx=0x265eda0d45b19bb6188cb0b7e7649de70683c1ec1fb38012ed98b501bf1d94fb claimNumberOnChain=1785055688364622
2026-07-29T08:41:30.710Z OK claim_number=359932 claim_id=51b34120-3bb8-430f-a33e-42aa9f56fbbe use=claim fid=FID-29-117658-4 cr=CR3928672760384-2 scheme=SHIF amount=100.00 tx=0x5fde89958aa002d74863fe04108234b0c61c0847a62ce04e2d86f1675c15a719 claimNumberOnChain=1785055688364624
2026-07-29T08:41:50.804Z OK claim_number=359933 claim_id=47ed5a2d-2988-4584-8248-78572e09808f use=claim fid=FID-29-117658-4 cr=CR7860562929831-4 scheme=SHIF amount=100.00 tx=0x015b33904d3bfa63b130588d0c5624a4aa3181e04c33b4f650c1cfac6f7d66f7 claimNumberOnChain=1785055688364625
2026-07-29T08:41:59.969Z OK claim_number=359934 claim_id=705e63cc-9c03-43d9-90d6-a0d168112e77 use=claim fid=FID-20-114807-9 cr=CR8950628963921-8 scheme=SHIF amount=250.00 tx=0x3e690538417e955b03da3b292f28403bf21c027f7c97e224fce0d478423a7197 claimNumberOnChain=1785055688364626
2026-07-29T08:42:29.219Z OK claim_number=359935 claim_id=5869bef5-33e7-4495-a68d-6a5a2370c76a use=claim fid=FID-29-117658-4 cr=CR4167338988871-0 scheme=SHIF amount=125.00 tx=0x8823ee978a0b491d1789c7cd9e41a24102e17afa33816d7553cb3662e0389d19 claimNumberOnChain=1785055688364627
2026-07-29T08:42:54.011Z OK claim_number=359936 claim_id=805d0ef4-d61b-49ef-99ee-9177b92061b0 use=claim fid=FID-29-117658-4 cr=CR8727405005556-7 scheme=SHIF amount=266.05 tx=0x7bf9bb78e378fb71751b199a3c86ffb39e5faf793c659bb591938dc72775d79b claimNumberOnChain=1785055688364629
2026-07-29T08:43:14.412Z OK claim_number=359937 claim_id=49b7e056-1e05-43f9-8051-354ac2d7bd8d use=claim fid=FID-20-114807-9 cr=CR3738288820515-4 scheme=SHIF amount=375.00 tx=0x1cf2a221f6754ae6e0f83e50578b2a031c04057f878188ecdee69aa10c133fda claimNumberOnChain=1785055688364632
2026-07-29T08:43:52.972Z OK claim_number=359938 claim_id=e53b859b-9741-4035-bffd-ad76c91ee3d6 use=claim fid=FID-29-117658-4 cr=CR8727405005556-7 scheme=SHIF amount=266.05 tx=0x876137b153d99d936427034e0e4c28a5d638c721bcfad62d5293d3164537ddeb claimNumberOnChain=1785055688364634
2026-07-29T08:44:12.445Z OK claim_number=359939 claim_id=087bce3d-bfba-404b-8bc4-2dd0f6ef4b05 use=claim fid=FID-29-117658-4 cr=CR8706882107674-0 scheme=SHIF amount=100.00 tx=0x9a897bba29e6cb92da313d22747c60f0a44a1fb976924f352f2eaca62b05b23e claimNumberOnChain=1785055688364636
2026-07-29T08:44:32.209Z OK claim_number=359940 claim_id=d51f7e2c-f47e-42cb-968c-7372018e149a use=claim fid=FID-29-117658-4 cr=CR8621038509733-9 scheme=SHIF amount=125.00 tx=0x8ff09c199f19cf480b0129750f0d17fa78e1ca9bbece4d905ec61cb7e22a225b claimNumberOnChain=1785055688364637
2026-07-29T08:45:00.586Z OK claim_number=359941 claim_id=6f407bcf-8bca-49af-b1eb-1e20cb6b8f7a use=claim fid=FID-29-117658-4 cr=CR4195890425516-8 scheme=SHIF amount=75.00 tx=0xfccd1c2072c032ead6d2a9b579c34116f5ab305646314de975ddf9bfdab1415e claimNumberOnChain=1785055688364638
2026-07-29T08:45:10.000Z OK claim_number=359942 claim_id=07f0fec6-b82a-4c89-b5da-9b3ab26d540d use=claim fid=FID-29-117658-4 cr=CR4195890425516-8 scheme=SHIF amount=22.50 tx=0x364309672bc79de7c3df5ca72a73792c4b1d09ec40c27619adc7e89c86022bfd claimNumberOnChain=1785055688364639
2026-07-29T08:45:20.961Z OK claim_number=359943 claim_id=a787d078-16dd-450b-9253-c8e993543ef2 use=claim fid=FID-20-114807-9 cr=CR1316196254572-9 scheme=SHIF amount=567.50 tx=0xde95fb75a6ded98e791501cba5624ca415365be6ef8bf256050d9259b0e835f6 claimNumberOnChain=1785055688364641
2026-07-29T08:46:06.075Z OK claim_number=359944 claim_id=4b91f46e-662d-4a17-9ea4-2b5009e12eb7 use=claim fid=FID-29-117658-4 cr=CR3215682176609-1 scheme=SHIF amount=125.00 tx=0x7620ef6887edd6c0c2861a4309057a7b9b9f8ca6ff6b2d2f4fdf0632ccaa45b5 claimNumberOnChain=1785055688364643
2026-07-29T08:46:39.353Z OK claim_number=359945 claim_id=124edd56-cd5f-4156-b47e-98c58b5caf7a use=claim fid=FID-29-117658-4 cr=CR4195890425516-8 scheme=SHIF amount=75.00 tx=0xcb6c717068b883e83294c9cb1868ab3009feb872ee4468f39f3b0e81499e2448 claimNumberOnChain=1785055688364645
2026-07-29T08:46:58.983Z OK claim_number=359946 claim_id=42157cbe-ccb3-4590-8c88-19aaca85d031 use=claim fid=FID-29-117658-4 cr=CR4195890425516-8 scheme=SHIF amount=22.50 tx=0x631d236b7e9201025b0c65eb18e192558faa6fae699bb749e41313ae2aca1001 claimNumberOnChain=1785055688364647
2026-07-29T08:47:18.542Z OK claim_number=359947 claim_id=5bdc8056-8152-4073-8d37-2bb1d2cc911b use=claim fid=FID-20-114807-9 cr=CR8441323427592-2 scheme=SHIF amount=250.00 tx=0x73a235a0e10f90ebfd66ec87e6c46bfd36f0b88bb17a63041d9c1fc23c54c3a6 claimNumberOnChain=1785055688364649
2026-07-29T08:47:52.198Z OK claim_number=359948 claim_id=eb3e37f7-42ea-4812-90fb-cd494c758854 use=claim fid=FID-29-117658-4 cr=CR4195890425516-8 scheme=SHIF amount=75.00 tx=0xf0bb0fd37e39fc4730d7e8bf19609cd75e17b85f84e5891aafd4230c7544f0e0 claimNumberOnChain=1785055688364651
2026-07-29T08:48:12.136Z OK claim_number=359949 claim_id=1dd55bed-19e1-4516-8915-2c500c906081 use=claim fid=FID-29-117658-4 cr=CR4195890425516-8 scheme=SHIF amount=22.50 tx=0x08477f864961a80f71a50957bd09083cada189df42fb120009c6d4d840241d40 claimNumberOnChain=1785055688364653
2026-07-29T08:48:31.224Z OK claim_number=359950 claim_id=cd5b32e8-2160-4f1b-9577-93c8d076d651 use=claim fid=FID-20-114807-9 cr=CR6760916722154-1 scheme=SHIF amount=500.00 tx=0xb39608ec8e8f02a770fd9356589a8b4f030764c202e045179c49490dc1fe25ca claimNumberOnChain=1785055688364655
2026-07-29T08:49:17.493Z OK claim_number=359951 claim_id=f337752f-d64f-4b0a-8a7a-6fe3853e4ff8 use=claim fid=FID-29-117658-4 cr=CR4195890425516-8 scheme=SHIF amount=75.00 tx=0x9239a538ac96824a26087a5d6227af6b23973727aef5d9dc164eb1cbd631e999 claimNumberOnChain=1785055688364657
2026-07-29T08:49:37.786Z OK claim_number=359952 claim_id=a3f39ea4-0548-4763-b462-f1e5991d132f use=claim fid=FID-29-117658-4 cr=CR4195890425516-8 scheme=SHIF amount=22.50 tx=0x66eb40d0d029d021e3eeba78e6e5376b4de4d1734b8ec13fa072745ad97deccb claimNumberOnChain=1785055688364659
2026-07-29T08:49:58.541Z OK claim_number=359953 claim_id=cb4fecf5-492a-4d9a-b08e-63c3d57f1839 use=claim fid=FID-29-117658-4 cr=CR0197285935722-4 scheme=SHIF amount=125.00 tx=0x984253571db62e8087aeaae2a4534177ff2c5b7c308eb99393e148397a86811c claimNumberOnChain=1785055688364660
2026-07-29T08:50:23.899Z OK claim_number=359954 claim_id=78c78b3c-b769-4391-9dfc-2b0868598649 use=claim fid=FID-29-117658-4 cr=CR4195890425516-8 scheme=SHIF amount=75.00 tx=0xb466370af1c3dac6dd51c6259832a7f41ed171a3a170afa201031342ae58fc53 claimNumberOnChain=1785055688364661
2026-07-29T08:50:35.357Z OK claim_number=359955 claim_id=427c885d-1906-4e8b-a1e4-3bb7288f2058 use=claim fid=FID-29-117658-4 cr=CR4195890425516-8 scheme=SHIF amount=22.50 tx=0x248f08779221d9b723f833fdf250bba26e723d9bd20dbb3c2e189ef1fe0e6d0d claimNumberOnChain=1785055688364662
2026-07-29T08:50:46.544Z OK claim_number=359956 claim_id=44972b71-348c-4d8d-94b3-63f3000d7614 use=claim fid=FID-20-114807-9 cr=CR2098066159832-0 scheme=SHIF amount=272.50 tx=0x7b53e156298a5a56e12f18c71db04dffc8b55a402277925bae9244dfdca86fb7 claimNumberOnChain=1785055688364663
2026-07-29T08:51:12.634Z OK claim_number=359957 claim_id=148fe487-2321-4a94-9b48-aea5cd1cfb58 use=claim fid=FID-20-114807-9 cr=CR4749749815586-8 scheme=SHIF amount=250.00 tx=0x71ba94026b2b9a0ef17045275e8fb4ee6791108df05a7b97d771d7982f1c44bb claimNumberOnChain=1785055688364665
2026-07-29T08:51:48.137Z OK claim_number=359958 claim_id=ab987d3d-a30c-4fbc-abe5-a4c2c4f9edc5 use=claim fid=FID-29-117658-4 cr=CR0597975760735-8 scheme=SHIF amount=100.00 tx=0xa262889972bc08080160fb549871942923ebf2c94596dfa453f60be5274bcada claimNumberOnChain=1785055688364666
2026-07-29T08:51:57.980Z OK claim_number=359959 claim_id=60fb3a6d-aa83-462d-bdfd-1b79f90e454d use=claim fid=FID-29-117658-4 cr=CR9645760706984-8 scheme=SHIF amount=100.00 tx=0x4b49bf712f570838498f87bdb8407b1795a973b84c5962e65a0620db8f07088b claimNumberOnChain=1785055688364667
2026-07-29T08:52:07.842Z OK claim_number=359960 claim_id=4ac8e2a2-b2c0-4512-9842-dd56036c754e use=claim fid=FID-29-117658-4 cr=CR9566357670024-5 scheme=SHIF amount=125.00 tx=0x68da894a5029f694747517d69db23d1cb931f97c17d5a7d9bbb65b76ba10c10f claimNumberOnChain=1785055688364668
2026-07-29T08:52:32.019Z OK claim_number=359961 claim_id=88c651bb-113e-4e07-b6ca-944422c7c5d3 use=claim fid=FID-29-117658-4 cr=CR1324448422872-5 scheme=SHIF amount=125.00 tx=0x31c0a09d9df32920d981395d2eeb3bb669fa4362faf57300f51051bf6f4cefeb claimNumberOnChain=1785055688364670
2026-07-29T08:53:04.655Z OK claim_number=359962 claim_id=dabc5263-9343-447e-ac1e-c108928326e2 use=claim fid=FID-29-117658-4 cr=CR4195890425516-8 scheme=SHIF amount=100.00 tx=0xbf11a272e34929aa7b7226a5a7b525a3f28baf457dd33bba78584d425fbd382b claimNumberOnChain=1785055688364671
2026-07-29T08:53:14.844Z OK claim_number=359963 claim_id=99123b7d-2c94-4a3b-a146-04f2d9d1fbd4 use=claim fid=FID-20-114807-9 cr=CR7718046275567-2 scheme=SHIF amount=187.50 tx=0x036c919c143f63b254b4bcf4f911928fbd476ed8cdd260850faf38823f4ce1ae claimNumberOnChain=1785055688364673
2026-07-29T08:53:47.566Z OK claim_number=359964 claim_id=5252b3ed-e024-41f8-9a8f-905e2e929c17 use=claim fid=FID-29-117658-4 cr=CR5741431600340-9 scheme=SHIF amount=100.00 tx=0xc4f543e2fa795abc9b6030403aee9c0fa892d12937a7581ee1b683c3ef5ff9c7 claimNumberOnChain=1785055688364674
2026-07-29T08:53:57.855Z OK claim_number=359965 claim_id=4d971e78-8cf9-44ec-a504-de6f11510f0f use=claim fid=FID-29-117658-4 cr=CR8706882107674-0 scheme=SHIF amount=100.00 tx=0xa08cf7e873be4916957933a7a8958b8e992c38c2aa4e915b0558c16d2f645f79 claimNumberOnChain=1785055688364675
2026-07-29T08:54:08.078Z OK claim_number=359966 claim_id=18343743-7d9e-438e-b6f4-931448ca53a7 use=claim fid=FID-29-117658-4 cr=CR4949316488745-2 scheme=SHIF amount=125.00 tx=0x62100a6b3561443e749d075420cff1cede89f3b3048c8763ecace4b57747cc3e claimNumberOnChain=1785055688364676
2026-07-29T08:54:32.193Z OK claim_number=359967 claim_id=73c92c28-854f-4339-b2bb-9ee74a59d9cb use=claim fid=FID-29-117658-4 cr=CR8706882107674-0 scheme=SHIF amount=100.00 tx=0x5e450fbde96f3d5fd556926d2a26d8e1648041a33c7b4c413de57255fc389e4e claimNumberOnChain=1785055688364678
2026-07-29T08:54:51.516Z OK claim_number=359968 claim_id=b1c72679-be50-44ad-82f7-c1608663949c use=claim fid=FID-20-114807-9 cr=CR0032174357778-0 scheme=SHIF amount=125.00 tx=0x8d5edac54dde1bb0be9c65219af275d87c7c95de5ad4549318f905b60d85fae0 claimNumberOnChain=1785055688364679
2026-07-29T08:55:28.984Z OK claim_number=359969 claim_id=74794da3-9215-47d0-8acf-8d75e7a16fac use=claim fid=FID-29-117658-4 cr=CR8706882107674-0 scheme=SHIF amount=100.00 tx=0x5ef346f7836d5a6d8a3be9230ec982fc2ccf685fed8616efb7ef194313cc4a41 claimNumberOnChain=1785055688364680
2026-07-29T08:55:39.650Z OK claim_number=359970 claim_id=39f338c5-23ae-4aad-8dad-2d671b4541bb use=claim fid=FID-29-117658-4 cr=CR7400004069070-9 scheme=SHIF amount=100.00 tx=0xd8baafea043479f42895bd361e5f6ebe859a43b9918af0c81b1179811a2d28cd claimNumberOnChain=1785055688364681
2026-07-29T08:55:50.164Z OK claim_number=359971 claim_id=fa153799-d8ba-40e2-86f5-b507169075ea use=claim fid=FID-29-117658-4 cr=CR8727405005556-7 scheme=SHIF amount=625.00 tx=0x40942670ed5df1127f8c24182e381c5f4d696f1ed797009f569cd6f44548a48d claimNumberOnChain=1785055688364682
2026-07-29T08:56:01.639Z OK claim_number=359972 claim_id=03e0b864-13c8-4e14-ad38-cb2dc1e29098 use=claim fid=FID-29-117658-4 cr=CR8727405005556-7 scheme=SHIF amount=625.00 tx=0xea6b64250d306edf8b7f639016ba370d1a2568792f809d472d9a48db409c0ef3 claimNumberOnChain=1785055688364683
2026-07-29T08:56:11.822Z OK claim_number=359973 claim_id=5b73b0ee-039a-47ce-8813-9a5ef69f13cc use=claim fid=FID-29-117658-4 cr=CR8727405005556-7 scheme=SHIF amount=37.50 tx=0xc2328868ee59e6d9ef79f9cfd003a984b51e187186babd2c25efeed0a8783640 claimNumberOnChain=1785055688364684
2026-07-29T08:56:22.183Z OK claim_number=359974 claim_id=37926a7a-04f5-4130-9e4f-3f2df0f1f961 use=claim fid=FID-29-117658-4 cr=CR8727405005556-7 scheme=SHIF amount=62.50 tx=0xab31c06d9d0d17cb750de507ee7d110ae6a6dce61f1e4d7c024cd61ce38fadcc claimNumberOnChain=1785055688364685
2026-07-29T08:56:32.317Z OK claim_number=359975 claim_id=b11627da-f4a0-4a99-87c1-a25ed6f80a84 use=claim fid=FID-29-117658-4 cr=CR8727405005556-7 scheme=SHIF amount=62.50 tx=0xa14b0d2d34ca391a34aa4f08a63b4fdb0fcffc165a625963da11042f490443eb claimNumberOnChain=1785055688364686
2026-07-29T08:56:42.982Z OK claim_number=359976 claim_id=c69c4057-4bf2-4584-9952-54a30d1eb0fb use=claim fid=FID-29-117658-4 cr=CR8727405005556-7 scheme=SHIF amount=100.00 tx=0xfdc04c2d39a1373f8ddd6e6d584d00bcaff1d99afcebd241a2151b4553499181 claimNumberOnChain=1785055688364687
2026-07-29T08:56:52.630Z OK claim_number=359977 claim_id=239b3277-f14b-4ebc-822e-85ba26e77b93 use=claim fid=FID-29-117658-4 cr=CR7400004069070-9 scheme=SHIF amount=100.00 tx=0xebdd56f67790194a54ef20ea97aa04170b9b79622e3e12e620d41b0d898c6670 claimNumberOnChain=1785055688364688
2026-07-29T08:57:03.154Z OK claim_number=359978 claim_id=9a84738f-8752-4bd0-aef5-c35852850c24 use=claim fid=FID-29-117658-4 cr=CR3928672760384-2 scheme=SHIF amount=6.25 tx=0x53e8f43fd85d32b0ba5aa9912797b09f490727e3f77a007e205ba6845145de8c claimNumberOnChain=1785055688364689
2026-07-29T08:57:13.442Z OK claim_number=359979 claim_id=5753b0f9-b0f0-4a74-9b24-39d00a78eda4 use=claim fid=FID-29-117658-4 cr=CR3256370334707-4 scheme=SHIF amount=625.00 tx=0xc605f91fd25e6423b97a22a2d5f28040af60209e198cd90476b5dfc7f5cd49b8 claimNumberOnChain=1785055688364690
2026-07-29T08:57:23.712Z OK claim_number=359980 claim_id=ea98dd6b-82cf-41c4-ad6f-4421af3c2250 use=claim fid=FID-29-117658-4 cr=CR3928672760384-2 scheme=SHIF amount=6.25 tx=0x549e6aa52681c00b8f12974f704f23339c2889df7e6262b24f5b80d1b467b0f0 claimNumberOnChain=1785055688364691
2026-07-29T08:57:33.970Z OK claim_number=359981 claim_id=3e4a012e-9b42-4e5f-9fb4-d5696431c695 use=claim fid=FID-29-117658-4 cr=CR4925764247277-7 scheme=SHIF amount=100.00 tx=0xb4fc2aebef68c3f1bdb14abc0e09e603cce95c2ffde0930b7c0c250296a724a7 claimNumberOnChain=1785055688364693
2026-07-29T08:57:53.611Z OK claim_number=359982 claim_id=72128f56-f1bb-4a4b-8b01-a0aac2bf64ab use=claim fid=FID-29-117658-4 cr=CR4037947014271-7 scheme=SHIF amount=46.95 tx=0x34ae8ed904ecdeb51c374af730bae10a882fd46d7c258f7032fbc3e628c6c7ca claimNumberOnChain=1785055688364694
2026-07-29T08:58:03.785Z OK claim_number=359983 claim_id=4ef46c36-6dc2-4d49-ba93-638f3a4c55cf use=claim fid=FID-29-117658-4 cr=CR4037947014271-7 scheme=SHIF amount=250.00 tx=0xf29f09e87a871dc3d29723eea06a9d8b07e10f4a491cb6e30a86886a75418dec claimNumberOnChain=1785055688364695
2026-07-29T08:58:13.945Z OK claim_number=359984 claim_id=a4febf09-0f82-4f72-b147-a7b4e8841a4b use=claim fid=FID-29-117658-4 cr=CR4037947014271-7 scheme=SHIF amount=46.95 tx=0x69f2d92b2fa7e9b5a3664794d20637fc56ea705d25f4edf57b3dbb5f792042cf claimNumberOnChain=1785055688364696
2026-07-29T08:58:24.055Z OK claim_number=359985 claim_id=24e06ab2-ad55-4cf7-8ca9-0e90c7f6f21f use=claim fid=FID-29-117658-4 cr=CR4037947014271-7 scheme=SHIF amount=250.00 tx=0x6ae298acdd501260ba4be1b4d75e4fb27b835d978e37103b31f2ab78e161b655 claimNumberOnChain=1785055688364697
2026-07-29T08:58:37.619Z OK claim_number=359986 claim_id=67f88d83-357b-42d6-a4b0-b3574585f3c9 use=claim fid=FID-29-117658-4 cr=CR7400584309629-3 scheme=SHIF amount=100.00 tx=0x5191bcd3b5f0552286e1c855c5558906f3012a25c862eb1009a629860e96b81b claimNumberOnChain=1785055688364698
2026-07-29T08:58:47.743Z OK claim_number=359987 claim_id=6d0bd26b-2ec6-476e-a56f-5b55fc765c5b use=claim fid=FID-20-114807-9 cr=CR4342198493934-0 scheme=SHIF amount=250.00 tx=0x8701103d33743ef42a5f56b5ea65d0c512288361f4f59bed42794e3ac00be6c9 claimNumberOnChain=1785055688364699
2026-07-29T08:59:08.322Z SKIP claim_number=359988 claim_id=2f90201c-51a5-4500-9092-83810d9ba422 reason=zero_amount claimed_total_raw=0.00
2026-07-29T08:59:08.325Z OK claim_number=359989 claim_id=b31b61aa-1621-4bf6-972d-4f2370a8f272 use=claim fid=FID-29-117658-4 cr=CR8886594578046-4 scheme=SHIF amount=100.00 tx=0xc29b19931034a7ee7c3a60527095bab5182f2b4d03bb1e083929be4e17ad1716 claimNumberOnChain=1785055688364700
2026-07-29T08:59:17.592Z OK claim_number=359990 claim_id=07a3fa75-f327-4a4f-abe8-8389e079e602 use=claim fid=FID-20-114807-9 cr=CR6864833090797-3 scheme=SHIF amount=250.00 tx=0x9ead133473c9d33a815bf8f0992d7e3e6d149fa6ede3da4899e7cf06528c58f1 claimNumberOnChain=1785055688364702
2026-07-29T08:59:51.091Z OK claim_number=359991 claim_id=b3fe919f-5839-44e7-9f5c-5e5005e4f295 use=claim fid=FID-29-117658-4 cr=CR4199394261218-7 scheme=SHIF amount=100.00 tx=0xd85ee35cc6fa313a34a13223078f2d88a7a1dcd8a96f9f6aac60bbaf78651aa8 claimNumberOnChain=1785055688364703
2026-07-29T09:00:01.662Z OK claim_number=359992 claim_id=c5c4e8cc-95b3-42cc-8ced-dffd0fa80a8c use=claim fid=FID-29-117658-4 cr=CR4199394261218-7 scheme=SHIF amount=100.00 tx=0x57d5b8e5a4280f8a89fbccdd29683faec4e5be50b05f100b451fa7c5b9bb0f30 claimNumberOnChain=1785055688364704
2026-07-29T09:00:12.112Z OK claim_number=359993 claim_id=bc962021-dc46-467f-aaa7-c74f90eeddfa use=claim fid=FID-29-117658-4 cr=CR4037444320491-8 scheme=SHIF amount=125.00 tx=0x86288a0c0ad1c7d9073235ebb6b538d2235d5d7cfba35dd84b05c9f0abdbdf0c claimNumberOnChain=1785055688364706
2026-07-29T09:00:45.154Z OK claim_number=359994 claim_id=4e73d584-bf7f-450d-9739-a8eda61cda50 use=claim fid=FID-29-117658-4 cr=CR9639951692725-4 scheme=SHIF amount=10000.00 tx=0x2b839304b31367c2b3944b2da7db3ff9397778cab09a6d51ef784e363383c77f claimNumberOnChain=1785055688364707
2026-07-29T09:00:55.387Z OK claim_number=359995 claim_id=f92cc32e-dc1b-4bc4-9186-094e29d65b85 use=claim fid=FID-29-117658-4 cr=CR4457080300364-4 scheme=SHIF amount=100.00 tx=0x9c2977b7956f9e88b953a1baa4d6992fe0b6ba60a46b91f095d3095efa958c9d claimNumberOnChain=1785055688364708
2026-07-29T09:01:05.608Z OK claim_number=359996 claim_id=edbcdcb9-b837-42e9-bcb5-ee38cbe8984f use=claim fid=FID-20-114807-9 cr=CR7726343382501-2 scheme=SHIF amount=125.00 tx=0xb045ac6553762f52660b3ec18bbc6057c8704aa78650b00b2a340c8c7386dd34 claimNumberOnChain=1785055688364709
2026-07-29T09:01:29.536Z OK claim_number=359997 claim_id=b11a0242-dfe5-4df5-8c2a-0d8cfe0616d1 use=claim fid=FID-20-114807-9 cr=CR0884435857558-5 scheme=SHIF amount=250.00 tx=0x5a2bf069b71320e5941bb516aecfcb1e712fe6b3020f4f9023c672709a6e052a claimNumberOnChain=1785055688364710
2026-07-29T09:01:53.645Z OK claim_number=359998 claim_id=b61e5064-fef9-4f3c-81da-6c892d767f78 use=claim fid=FID-29-117658-4 cr=CR0587521523759-0 scheme=SHIF amount=300.00 tx=0xc0bea747d4e067cedc2378815989cab2eb9998a130dc606eaa6253a0693ae0f2 claimNumberOnChain=1785055688364712
2026-07-29T09:02:12.800Z OK claim_number=359999 claim_id=416e8cf0-308c-47e5-a872-14ad938cf14c use=claim fid=FID-29-117658-4 cr=CR4199394261218-7 scheme=SHIF amount=625.00 tx=0xb36a34d35907524c24a3251f89dcb82d6fe916e2f04c98d341f26596ed8688fb claimNumberOnChain=1785055688364713
2026-07-29T09:02:23.134Z OK claim_number=360000 claim_id=e4b46970-1fbf-4684-b78f-57ad9c7ec888 use=claim fid=FID-29-117658-4 cr=CR1555182563434-8 scheme=SHIF amount=125.00 tx=0xa9fca00c2281c4fa43472b619a662d8cb3b7cda6061574d4ed47e849e3f3d045 claimNumberOnChain=1785055688364716
2026-07-29T09:03:05.846Z OK claim_number=360001 claim_id=b448574f-b8b6-4178-93f6-01787f0bdc4b use=claim fid=FID-29-117658-4 cr=CR7400004069070-9 scheme=SHIF amount=100.00 tx=0xcdcb3e654db43c871f2f297c87f1b3492e65289741ea15e7c5600c5ba66effc2 claimNumberOnChain=1785055688364717
2026-07-29T09:03:14.998Z OK claim_number=360002 claim_id=ca37b8da-41e9-4a15-bf3a-46d456428fc8 use=claim fid=FID-29-117658-4 cr=CR5772873053247-3 scheme=SHIF amount=156.25 tx=0xf4f69bae0386518e38e26fcea47ec23b793ec290497fbe74012c685323bff982 claimNumberOnChain=1785055688364718
2026-07-29T09:03:38.908Z OK claim_number=360003 claim_id=011f1e8e-8cc9-4142-b5f3-9d77df17e2ac use=claim fid=FID-29-117658-4 cr=CR4457080300364-4 scheme=SHIF amount=500.00 tx=0x5d299afe001a88dbfe94a17331fe49b2c3215bbfb470e75a842bf851dcf9028d claimNumberOnChain=1785055688364719
2026-07-29T09:03:49.083Z OK claim_number=360004 claim_id=dca03a33-3057-43c0-a389-0b28f55b57b0 use=claim fid=FID-20-114807-9 cr=CR5530656392124-6 scheme=SHIF amount=575.00 tx=0xe196848f505ae26dc2d5aed903423c454966a52f76b798f4f57851443f06b2ad claimNumberOnChain=1785055688364721
2026-07-29T09:04:22.335Z OK claim_number=360005 claim_id=dd37b40c-c1fc-460a-ae9f-580a43222823 use=claim fid=FID-29-117658-4 cr=CR9645760706984-8 scheme=SHIF amount=125.00 tx=0x3c2a57d1f17889d52faaa37e5b21c990cedb730d33ce06f7c1b8c9eb3f8dd040 claimNumberOnChain=1785055688364722
2026-07-29T09:04:33.152Z OK claim_number=360006 claim_id=81b0a9a2-56a5-4b15-82e5-382b4b15e309 use=claim fid=FID-29-117658-4 cr=CR7860562929831-4 scheme=SHIF amount=1312.50 tx=0x71f8f83160567f1488fca2b5e5800b5a049fce6a6f9b1d4d079bd1e88b6ab0fa claimNumberOnChain=1785055688364723
2026-07-29T09:04:43.475Z OK claim_number=360007 claim_id=e62caaf6-db4f-4afa-966c-5794e261aa67 use=claim fid=FID-20-114807-9 cr=CR5678875823698-6 scheme=SHIF amount=593.75 tx=0x28e4aeed34cc662d4332ac3c67fff36c1dc3334cb588d9c391097ad9d9cbf3eb claimNumberOnChain=1785055688364724
2026-07-29T09:05:17.643Z OK claim_number=360008 claim_id=018e453b-d286-4629-a7c4-ee2153e5c739 use=claim fid=FID-29-117658-4 cr=CR7860562929831-4 scheme=SHIF amount=218.75 tx=0x700a077231847bb1181ae4920aa23955c5137a315655ad43c431f6333de8ff60 claimNumberOnChain=1785055688364725
2026-07-29T09:05:27.900Z OK claim_number=360009 claim_id=ced033c1-00c9-47de-aeb6-96b4feae522f use=claim fid=FID-29-117658-4 cr=CR7860562929831-4 scheme=SHIF amount=34.40 tx=0xf215b5b134980c767e1b266676b188e75223c2576552825a4787daa2b870569b claimNumberOnChain=1785055688364726
2026-07-29T09:05:38.544Z OK claim_number=360010 claim_id=1033f036-241e-404d-81f5-4b27c4ac395c use=claim fid=FID-20-114807-9 cr=CR0476158985194-6 scheme=SHIF amount=250.00 tx=0x0a2744ab19415f24adeb5ca37435996a03120c8c74311d1f66ea665ccf3abb88 claimNumberOnChain=1785055688364728
2026-07-29T09:06:17.969Z OK claim_number=360011 claim_id=c81334a2-59b8-4bed-9645-4463aa635f74 use=claim fid=FID-29-117658-4 cr=CR7860562929831-4 scheme=SHIF amount=1312.50 tx=0x780efc874a64dccaf680b2f14fe8734aba905dbbae79e0ee7b83b4f3aa15c787 claimNumberOnChain=1785055688364729
2026-07-29T09:06:27.366Z OK claim_number=360012 claim_id=99b2b66d-139c-40a8-b779-d8398f449849 use=claim fid=FID-29-117658-4 cr=CR7860562929831-4 scheme=SHIF amount=218.75 tx=0x13d5e43c8c8b006e547d49e7ec257a5cf4ef0305ac128889d41e5972d14c7493 claimNumberOnChain=1785055688364730
2026-07-29T09:06:38.792Z OK claim_number=360013 claim_id=32d53fb5-0884-4673-b0ea-9dc2a8605673 use=claim fid=FID-29-117658-4 cr=CR7860562929831-4 scheme=SHIF amount=34.40 tx=0x8335d0c693744b02a6b309a6aac2d06c820bd3334be8d049691adcca3e9450d3 claimNumberOnChain=1785055688364731
2026-07-29T09:06:48.105Z OK claim_number=360014 claim_id=5691f73a-deac-48f1-872a-3ae29ba8f57d use=claim fid=FID-20-114807-9 cr=CR4084514446931-4 scheme=SHIF amount=400.00 tx=0xdd53dc3f3367a339a21af147f6d9967dd43bfcb6366b3fea7a540b005cd5bd6b claimNumberOnChain=1785055688364732
2026-07-29T09:07:12.741Z OK claim_number=360015 claim_id=993fd180-15b8-40b0-a985-7bf2a046c1f0 use=claim fid=FID-29-117658-4 cr=BZ22334289-0 scheme=SHIF amount=192.64 tx=0x07a8316e50052588395b623fe4264f857bfb4012a43fa63e894da5d6c019d5b5 claimNumberOnChain=1785055688364733
2026-07-29T09:07:22.949Z OK claim_number=360016 claim_id=4e272bfd-9f0a-4cc1-850b-8d35cbe5d2e1 use=claim fid=FID-29-117658-4 cr=BZ22334289-0 scheme=SHIF amount=250.00 tx=0xf4b5808ce324d247386d75e6822dc93eacf5493d2fa3521e0a663ef98ad8452b claimNumberOnChain=1785055688364734
2026-07-29T09:07:33.152Z OK claim_number=360017 claim_id=05fb2adf-6dd5-415e-82a7-cd957b06cbb7 use=claim fid=FID-20-114807-9 cr=CR8773822038682-1 scheme=SHIF amount=125.00 tx=0x48d6007b7289e236f4a253857611a9b7a832f01285a5447cc35bf0dafdf9adb8 claimNumberOnChain=1785055688364735
2026-07-29T09:08:09.293Z OK claim_number=360018 claim_id=7903fec7-d072-4b99-829b-97908d02f7a7 use=claim fid=FID-29-117658-4 cr=BZ22334289-0 scheme=SHIF amount=192.64 tx=0xb61ca9ef54a5104e874c8c2eea5b1686b1023c202802b882ec967d69da37a4b7 claimNumberOnChain=1785055688364736
2026-07-29T09:08:19.711Z OK claim_number=360019 claim_id=0619a98e-33c8-48d1-b3bc-76dd65a1f3b0 use=claim fid=FID-29-117658-4 cr=BZ22334289-0 scheme=SHIF amount=250.00 tx=0x893532e2e8aba111b6ae2ea9c94823de8e346c9ba05a6a4da705f07bc88ac16f claimNumberOnChain=1785055688364737
2026-07-29T09:08:30.000Z OK claim_number=360020 claim_id=394417e2-1db7-45d0-a8a5-8dceea5900bd use=claim fid=FID-20-114807-9 cr=CR3054371425287-9 scheme=SHIF amount=3781.25 tx=0x438ec2971fef16760e4932b3d6eb057c99d705f686aea9bea5d16ce019465242 claimNumberOnChain=1785055688364739
2026-07-29T09:09:03.380Z OK claim_number=360021 claim_id=58a31e34-8dc0-4e74-87df-c68731aa2783 use=claim fid=FID-29-117658-4 cr=BZ22334289-0 scheme=SHIF amount=192.64 tx=0x82b56450d6de12ba7e264762da05afe9180ca74ad9812587288b582b5f20a162 claimNumberOnChain=1785055688364741
2026-07-29T09:09:23.413Z OK claim_number=360022 claim_id=0f256e24-9727-49bd-9dc5-4623a87736dc use=claim fid=FID-29-117658-4 cr=BZ22334289-0 scheme=SHIF amount=250.00 tx=0xb4dfcabf5c8c99248d53a963258ae5dca4a9a62c7a3350930f8e830e53727929 claimNumberOnChain=1785055688364742
2026-07-29T09:09:33.791Z OK claim_number=360023 claim_id=0aeacab4-decd-46d7-8467-038505a25614 use=claim fid=FID-20-114807-9 cr=CR7379621393018-3 scheme=SHIF amount=250.00 tx=0x18ea159bdd0da5e31be23633f43c9ecf68ac3b6eea55d4534a3e0ad6828d1973 claimNumberOnChain=1785055688364744
2026-07-29T09:10:19.349Z OK claim_number=360024 claim_id=009d9b01-038c-4649-beae-faacd90229ea use=claim fid=FID-29-117658-4 cr=BZ22334289-0 scheme=SHIF amount=192.64 tx=0x096ce320d486973572f2138fd6f3d10dbb1890aea1899eccac7a10f300341549 claimNumberOnChain=1785055688364746
2026-07-29T09:10:38.819Z OK claim_number=360025 claim_id=49e3167b-0b5d-4c75-84dd-1d4c63d29de4 use=claim fid=FID-29-117658-4 cr=BZ22334289-0 scheme=SHIF amount=250.00 tx=0x053362912e0c12d4e195c4584246ab7b821717b461d07848bf36442abe127ccf claimNumberOnChain=1785055688364748
2026-07-29T09:10:58.826Z OK claim_number=360026 claim_id=def24585-4d92-400f-aecd-0eeb8fa52462 use=claim fid=FID-20-114807-9 cr=CR9234541292923-7 scheme=SHIF amount=2468.75 tx=0xc67c69bd4cbac34ea2e01f853ed43492796465de3e20d5686be68d0d4e66b8ce claimNumberOnChain=1785055688364749
2026-07-29T09:11:18.974Z OK claim_number=360027 claim_id=aa4406ad-7bc3-48d8-89c3-352aa104365c use=claim fid=FID-29-117658-4 cr=BZ22334289-0 scheme=SHIF amount=192.64 tx=0x6933fe8fd226aa2409cefc1aca35abe8a7d7a059e09aff283c5ada5bbf19944a claimNumberOnChain=1785055688364750
2026-07-29T09:11:29.178Z OK claim_number=360028 claim_id=908527a8-014b-4b35-89f2-80d56d79ea6e use=claim fid=FID-20-114807-9 cr=CR9983597204240-8 scheme=SHIF amount=125.00 tx=0x1993a30ba0e879fb9517129a5f79d0c04a2b951859a81d5ab233bd05cb54ee0a claimNumberOnChain=1785055688364751
2026-07-29T09:11:54.293Z OK claim_number=360029 claim_id=9a977494-52a9-4372-b1dd-196ce860f230 use=claim fid=FID-29-117658-4 cr=BZ22334289-0 scheme=SHIF amount=250.00 tx=0x702022856d06fb57211658174ac743631925f9b53079381aaaa01792aec264e9 claimNumberOnChain=1785055688364753
2026-07-29T09:12:13.877Z OK claim_number=360030 claim_id=5279fab9-14de-4681-b399-3206b4ceca53 use=claim fid=FID-29-117658-4 cr=CR7018610854197-7 scheme=SHIF amount=125.00 tx=0x43a6e4af6941f2ad32c6bd51ec07399ffb4fac6e26c459ee33632e9a3cc495e6 claimNumberOnChain=1785055688364755
2026-07-29T09:12:59.018Z OK claim_number=360031 claim_id=9b8b656b-6488-4e9e-8eaf-9edb17116648 use=claim fid=FID-29-117658-4 cr=BZ22334289-0 scheme=SHIF amount=192.64 tx=0x8685e3c16fa177eafde75b87f3c50ab6b1e748393b85f23b836e185fb6af26c4 claimNumberOnChain=1785055688364757
2026-07-29T09:13:19.245Z OK claim_number=360032 claim_id=b49538dd-7aeb-465b-bbc6-e73e40b0b6d6 use=claim fid=FID-29-117658-4 cr=BZ22334289-0 scheme=SHIF amount=250.00 tx=0x7327018a61867b16a558e2d1c321e8ccd5637550acc5f5c79f42c90e4a02b05d claimNumberOnChain=1785055688364758
2026-07-29T09:13:28.757Z OK claim_number=360033 claim_id=4c417c28-eae4-4b76-91cf-f910818c7e19 use=claim fid=FID-29-117658-4 cr=CR2319366913099-0 scheme=SHIF amount=125.00 tx=0x9ae5e6ccfb7ced4bbe887adcb48daf9da98943924a6a8a051fcdcccc6e3f8670 claimNumberOnChain=1785055688364760
2026-07-29T09:14:02.479Z OK claim_number=360034 claim_id=a4e25093-4b2a-4226-a96b-47132cf89b29 use=claim fid=FID-29-117658-4 cr=BZ22334289-0 scheme=SHIF amount=192.64 tx=0xc2fb660eb42dddf554b77c825e0308ecdb28acf6d897f4a79a2bb095f6fa7bec claimNumberOnChain=1785055688364761
2026-07-29T09:14:12.848Z OK claim_number=360035 claim_id=9579cdf4-22e9-4b8d-8e96-dba877ddb0c0 use=claim fid=FID-29-117658-4 cr=BZ22334289-0 scheme=SHIF amount=250.00 tx=0xac6ea79425269caa0afdbdafa4e07cf9f135b8318489e51eece5637cfa5c3b32 claimNumberOnChain=1785055688364762
2026-07-29T09:14:23.251Z OK claim_number=360036 claim_id=d29b14b9-acc3-4c45-9bae-85044b2565b4 use=claim fid=FID-20-114807-9 cr=CR1682276642658-3 scheme=SHIF amount=875.00 tx=0xe98f3c12735fc626d437d6ea22c9c4d259aafa47e2e90a4b9deca944c2452554 claimNumberOnChain=1785055688364763
2026-07-29T09:14:47.192Z OK claim_number=360037 claim_id=3eea9e1e-5ef1-4708-a15c-e38cc650bf27 use=claim fid=FID-29-117658-4 cr=BZ30970942-6 scheme=SHIF amount=625.00 tx=0x44cdc0ae31227f2d92fab3fe64322b490ef7e88dbc49239a811fd08a5012c94b claimNumberOnChain=1785055688364764
2026-07-29T09:14:57.494Z OK claim_number=360038 claim_id=dac6a4be-3f77-457c-bb18-5a3ca1fe98d1 use=claim fid=FID-29-117658-4 cr=CR7860562929831-4 scheme=SHIF amount=1500.00 tx=0x2c63c7edc8d23cd22b2657eaffd974cd5adeb5a2525db83c3805a7c1a448a2cc claimNumberOnChain=1785055688364766
2026-07-29T09:15:16.710Z OK claim_number=360039 claim_id=41f7f719-9160-472d-982a-add48a689b4f use=claim fid=FID-20-114807-9 cr=CR6703253908506-6 scheme=SHIF amount=375.00 tx=0xff1a378e1e04b6affb66c04c2160824628afb255aa802f68dca143e86ca148e1 claimNumberOnChain=1785055688364769
2026-07-29T09:15:59.083Z SKIP claim_number=360040 claim_id=6489582a-578d-41f3-83ea-cea02624d52f reason=zero_amount claimed_total_raw=0.00
2026-07-29T09:15:59.089Z OK claim_number=360041 claim_id=ebfa3482-b613-4ae0-97ab-7744346afd02 use=claim fid=FID-29-117658-4 cr=CR0417528347945-0 scheme=SHIF amount=125.00 tx=0x3eb0dc65625c48e1b34cfa770c0beae42896663c202b7059de2a9f4bc57fb0ba claimNumberOnChain=1785055688364771
2026-07-29T09:16:32.338Z OK claim_number=360042 claim_id=dcd86453-31df-4716-a233-7679c337edc2 use=claim fid=FID-29-117658-4 cr=CR9645760706984-8 scheme=SHIF amount=250.00 tx=0xd4bddb482b7e4b25bd6d83e0d77908fa03894aa11d6e7e0026068dc197ec425d claimNumberOnChain=1785055688364773
2026-07-29T09:16:51.784Z OK claim_number=360043 claim_id=8c7acf5d-615a-4ed5-b5a6-86c8be52036d use=claim fid=FID-29-117658-4 cr=CR9645760706984-8 scheme=SHIF amount=250.00 tx=0xa3da009eb5bd9a0cd23d4612ad829a2cedee9f7f61f59871148098a5e9e03565 claimNumberOnChain=1785055688364774
2026-07-29T09:17:02.159Z OK claim_number=360044 claim_id=3fb2ef60-628c-4401-bb0e-2b7842dc68fe use=claim fid=FID-29-117658-4 cr=CR0059313440146-1 scheme=SHIF amount=125.00 tx=0x5dfbb97c6894535787a5ab7d2ea576d6d99003a378a28b70aa1f6ba7ad7da52f claimNumberOnChain=1785055688364775
2026-07-29T09:17:26.418Z OK claim_number=360045 claim_id=851dd163-dab3-4e63-b28a-cd04444f9eba use=claim fid=FID-29-117658-4 cr=BZ29728796-3 scheme=SHIF amount=100.00 tx=0xb713add8a437f8c0ccd9b7eb3d2878b359cab1fe63f917c5db688f9332121d19 claimNumberOnChain=1785055688364776
2026-07-29T09:17:36.821Z OK claim_number=360046 claim_id=260749d9-2d1b-424e-8292-8257e317c567 use=claim fid=FID-20-114807-9 cr=CR5238977289509-9 scheme=SHIF amount=1075.00 tx=0x88481e47b5cea1f8e166f32d5a5b8e1101c942a8cd0cfb08aef846364cba6470 claimNumberOnChain=1785055688364777
2026-07-29T09:18:10.904Z OK claim_number=360047 claim_id=e3b48bdc-0a0d-4439-ae3c-8ac71fc5d6f9 use=claim fid=FID-20-114807-9 cr=CR5342950599277-8 scheme=SHIF amount=139.44 tx=0x13a83b0ccb5258d09f6249928358e758824190b70d8460236ae12076eee8ba04 claimNumberOnChain=1785055688364778
2026-07-29T09:18:38.128Z OK claim_number=360048 claim_id=9fa5397c-00f4-4cc0-b445-89c2d2d081b6 use=claim fid=FID-29-117658-4 cr=CR7400004069070-9 scheme=SHIF amount=250.00 tx=0x1f2973b783ef82ead1666de9c70749d178279d9426d7507102df7e35f645fd7f claimNumberOnChain=1785055688364779
2026-07-29T09:18:48.608Z OK claim_number=360049 claim_id=8e1e89dc-c2c1-4f31-9e3f-edbacc2957a9 use=claim fid=FID-29-117658-4 cr=CR7400004069070-9 scheme=SHIF amount=250.00 tx=0xfbcb35c1c86a7852282670354c1749b608a769fa5ea27fa8031d80b1aeba8bb6 claimNumberOnChain=1785055688364780
2026-07-29T09:18:59.021Z OK claim_number=360050 claim_id=97f34dbc-dda0-44d4-b145-083c6e92a1dd use=claim fid=FID-29-117658-4 cr=CR7400004069070-9 scheme=SHIF amount=375.00 tx=0x596ced1ddcc82df42ffba0177b23e14e293b9abb6eedb7ab67463ef1669a01ec claimNumberOnChain=1785055688364783
2026-07-29T09:19:27.724Z OK claim_number=360051 claim_id=1fc6e2e6-c444-48cb-87ea-26d52981cc54 use=claim fid=FID-29-117658-4 cr=CR6460115896808-4 scheme=SHIF amount=125.00 tx=0x2528a54845e7501f6a1ad36e2fed184476e659fdd2d10d1671e69c78e989173c claimNumberOnChain=1785055688364784
2026-07-29T09:19:52.730Z OK claim_number=360052 claim_id=201b2ace-e84d-4058-9c30-d84139116d03 use=claim fid=FID-29-117658-4 cr=CR7400004069070-9 scheme=SHIF amount=250.00 tx=0x1d79b6e1a9c2fff4b061793e0f9d833e4622c3660bfdde78600ab6c788d6ba66 claimNumberOnChain=1785055688364785
2026-07-29T09:20:03.335Z OK claim_number=360053 claim_id=fc119f3a-8b99-40d4-854a-7c3f16e94666 use=claim fid=FID-29-117658-4 cr=CR7400004069070-9 scheme=SHIF amount=250.00 tx=0x14e2b9a2ac2f7951a3bd4f097997065e3854ba90acda0ec1e237196efcdd5be9 claimNumberOnChain=1785055688364786
2026-07-29T09:20:12.689Z OK claim_number=360054 claim_id=3eee7b97-faf2-48b3-8d46-95c6a2f41d62 use=claim fid=FID-29-117658-4 cr=CR9089277295220-2 scheme=SHIF amount=125.00 tx=0x8672522876eb3224fccb00bb5c8e4aff86815c26254c6519300c392f655ed74d claimNumberOnChain=1785055688364787
2026-07-29T09:20:37.224Z OK claim_number=360055 claim_id=03e2d5f3-0ccf-485e-b1c6-0f382ddb04fe use=claim fid=FID-29-117658-4 cr=CR7400004069070-9 scheme=SHIF amount=375.00 tx=0xb7ae20609862245da8be541254ec0683ad6af49a93321019c8acd3fce0a9369a claimNumberOnChain=1785055688364790
2026-07-29T09:21:06.060Z OK claim_number=360056 claim_id=62707c5e-15ac-4731-af8c-cd50e11a1380 use=claim fid=FID-29-117658-4 cr=CR1117166635352-0 scheme=SHIF amount=125.00 tx=0x40842c497a093423eaba4a21148440fd7f17dbab36aa9ec88a12a79a0eeb6f29 claimNumberOnChain=1785055688364791
2026-07-29T09:21:30.540Z OK claim_number=360057 claim_id=b301d068-ce6e-4a95-af0b-7f7e63ae660c use=claim fid=FID-29-117658-4 cr=CR2160817833121-1 scheme=SHIF amount=100.00 tx=0xee94e97ada3fc76174ee0073acaa6b83716ca9fb668f90cb55bd73353d7bfd6e claimNumberOnChain=1785055688364792
2026-07-29T09:21:40.875Z OK claim_number=360058 claim_id=de3876be-5f85-42b6-a106-15b33d4c41cb use=claim fid=FID-29-117658-4 cr=CR7400004069070-9 scheme=SHIF amount=100.00 tx=0x62189cb4845651dcdc7d9ec3a7a170cb7b5e072b821c58b0ac5e0c56c79d0993 claimNumberOnChain=1785055688364793
2026-07-29T09:21:51.317Z OK claim_number=360059 claim_id=e912e2b0-a40d-49e6-82eb-4ecc892761c3 use=claim fid=FID-20-114807-9 cr=CR9525907291182-2 scheme=SHIF amount=250.00 tx=0x316d3b495a71036b56da422bec59b477b12d0e75d89b8529291bfda4aa02df9d claimNumberOnChain=1785055688364794
2026-07-29T09:22:11.378Z OK claim_number=360060 claim_id=2c0c4614-f7b8-4b6d-9fff-7cbc0ef82d46 use=claim fid=FID-29-117658-4 cr=CR7400004069070-9 scheme=SHIF amount=100.00 tx=0x1caf0df5728d9dc86d9bf689ee49817051e0ed14512147fdace24e5a5b1f449c claimNumberOnChain=1785055688364795
2026-07-29T09:22:21.656Z OK claim_number=360061 claim_id=45babb67-2a1a-4fb9-9f0a-61d00dfb7d12 use=claim fid=FID-29-117658-4 cr=CR8371562238083-8 scheme=SHIF amount=125.00 tx=0xbf097617efde638c28fa1f7325d45847aa8d7f7ea08cd3b38ec5417cc95ab103 claimNumberOnChain=1785055688364796
2026-07-29T09:23:02.015Z OK claim_number=360062 claim_id=e3ca1edc-8244-44c1-a9c5-5b3c7d9ba0b8 use=claim fid=FID-29-117658-4 cr=CR2160817833121-1 scheme=SHIF amount=100.00 tx=0x08cd082434e9667dd2c24d26546f4b591ec0f8f6dea1a48a3d758ab3c57c9dd3 claimNumberOnChain=1785055688364797
2026-07-29T09:23:12.227Z SKIP claim_number=360063 claim_id=547aa90f-8b89-4eb5-88de-a2277b151a08 reason=zero_amount claimed_total_raw=0.00
2026-07-29T09:23:12.234Z OK claim_number=360064 claim_id=f770b2da-703c-443b-826a-3d314a0b192f use=claim fid=FID-20-114807-9 cr=CR7639390244962-1 scheme=SHIF amount=625.00 tx=0x8269a877a011a04e4f0857886246321e3c86343cb868751773a046fe5bd8187c claimNumberOnChain=1785055688364798
2026-07-29T09:23:35.875Z OK claim_number=360065 claim_id=587878c0-e1df-4383-900f-42da72216e5b use=claim fid=FID-29-117658-4 cr=CR5749088994631-5 scheme=SHIF amount=100.00 tx=0x8bc35450df2dfdecf2bbbf4f9a4af115761d9cf5ded5180ea4fff2a48f777d7b claimNumberOnChain=1785055688364799
2026-07-29T09:23:46.080Z OK claim_number=360066 claim_id=d4e3aaf2-d433-4a60-84ca-935f54f3b431 use=claim fid=FID-20-114807-9 cr=CR9439067758191-7 scheme=SHIF amount=250.00 tx=0x89cfa9510c0cc7737edab4e7646b65934ccc6c25bc3d89c4222512265fd9447a claimNumberOnChain=1785055688364800
2026-07-29T09:24:18.894Z OK claim_number=360067 claim_id=d8adc810-8cc1-46f6-91c3-a7b13271330c use=claim fid=FID-29-117658-4 cr=CR3024193385796-2 scheme=SHIF amount=125.00 tx=0x195062548f2d9a39170fcbc812639c05b268eba1427016a2ffa543e3232cbfd2 claimNumberOnChain=1785055688364801
2026-07-29T09:24:42.494Z OK claim_number=360068 claim_id=27833960-295d-40ba-9ed3-4d9f4942db3b use=claim fid=FID-29-117658-4 cr=CR4904944877318-9 scheme=SHIF amount=100.00 tx=0x452c2ab396c6f5c10f7094fb859768a8413589b5125ce082c9bfed9870597a14 claimNumberOnChain=1785055688364802
2026-07-29T09:24:52.863Z OK claim_number=360069 claim_id=1e8d88a1-47c4-41ae-a785-48c4e802e8c9 use=claim fid=FID-29-117658-4 cr=CR1684330653411-6 scheme=SHIF amount=125.00 tx=0xa5e81542a1b62fef6044cc4383f3d2f058ce81b49c6eb01a71278ca4e0a116a4 claimNumberOnChain=1785055688364803
2026-07-29T09:25:16.612Z OK claim_number=360070 claim_id=825c002d-b369-4289-a953-9c81dc714ff1 use=claim fid=FID-29-117658-4 cr=CR7400004069070-9 scheme=SHIF amount=100.00 tx=0xd24f522b8b5a644b59af2f012a4bf5823cef04799cd572f0473c58c901129898 claimNumberOnChain=1785055688364804
2026-07-29T09:25:26.695Z OK claim_number=360071 claim_id=ca7b2b6c-005b-42a9-8f98-ad486769a9a0 use=claim fid=FID-20-114807-9 cr=CR9894789714025-7 scheme=SHIF amount=250.00 tx=0xff77e165959dc60fff4e9aa63f767316513c18de557edd15082f921f7113de9e claimNumberOnChain=1785055688364805
2026-07-29T09:25:50.592Z OK claim_number=360072 claim_id=aa9883d3-c2d5-45d9-9e1a-97ff4bb9cfcf use=claim fid=FID-29-117658-4 cr=CR8727405005556-7 scheme=SHIF amount=625.00 tx=0x74a6000a873921e0ff8f2792dd5c63f59067c0721b04fa197190ca9348b80bd1 claimNumberOnChain=1785055688364806
2026-07-29T09:25:59.788Z OK claim_number=360073 claim_id=508bdff6-fcc9-40a5-b4b3-ef42c0b62c9a use=claim fid=FID-29-117658-4 cr=CR4686598781823-1 scheme=SHIF amount=46.95 tx=0x5c70fc9a1a2f86f8845dfa05ef790212ccff8963b7977cf4dbf508f1eb764da8 claimNumberOnChain=1785055688364807
2026-07-29T09:26:10.065Z OK claim_number=360074 claim_id=0ff3598a-7a17-428d-9eed-6b2226fca8eb use=claim fid=FID-29-117658-4 cr=CR4686598781823-1 scheme=SHIF amount=87.50 tx=0x04da61c798f5115a6d33cce15983d1bbc0c9a11d7173535e1c2ff79d793c733c claimNumberOnChain=1785055688364808
2026-07-29T09:26:20.418Z OK claim_number=360075 claim_id=aff24430-90c1-424b-8201-eafa0d8faae0 use=claim fid=FID-29-117658-4 cr=CR3058939322017-4 scheme=SHIF amount=125.00 tx=0x33a72a81de6183529d28290440ababfa1ab74a3315aa9b7678852b7d8c617399 claimNumberOnChain=1785055688364809
2026-07-29T09:26:39.803Z OK claim_number=360076 claim_id=485c4451-4004-4f07-bff5-f4c44bfd7a54 use=claim fid=FID-29-117658-4 cr=CR4686598781823-1 scheme=SHIF amount=46.95 tx=0x07dee2be8ab803958dcb384d3bb57fd73bbd814f59f531022c2f7f850f1dcdf7 claimNumberOnChain=1785055688364810
2026-07-29T09:26:49.867Z OK claim_number=360077 claim_id=a334a55e-5d59-43a8-90d1-46fb14c27558 use=claim fid=FID-20-114807-9 cr=CR9872060816656-8 scheme=SHIF amount=950.00 tx=0x5a4a8b3996f453e456269256c94c349c5f8d156f9201ce3c7a94765437154f55 claimNumberOnChain=1785055688364812
2026-07-29T09:27:34.610Z OK claim_number=360078 claim_id=e8086ead-f200-4e4e-ae86-3238b17c8d40 use=claim fid=FID-20-114807-9 cr=CR4656515578405-4 scheme=SHIF amount=125.00 tx=0xf854a48c1d637077643e476066197a72e1bd35219f9154f9e0bd95be13beb5a4 claimNumberOnChain=1785055688364813
2026-07-29T09:27:54.993Z OK claim_number=360079 claim_id=bb63de68-cd2c-47f5-b823-2776fbbc99c6 use=claim fid=FID-29-117658-4 cr=CR4686598781823-1 scheme=SHIF amount=46.95 tx=0x2832c1671f5ba70d8b5b72b0ad79d2f97285ea1638146fc681dc395cefc8ee73 claimNumberOnChain=1785055688364814
2026-07-29T09:28:05.525Z OK claim_number=360080 claim_id=61d2a647-56ab-43ce-a1ec-90e22eeb21e0 use=claim fid=FID-29-117658-4 cr=CR4686598781823-1 scheme=SHIF amount=46.95 tx=0xf8d3fb459e6312898b93b2a63694a7198b43e36bbe9a9e80144b31a74245c77e claimNumberOnChain=1785055688364815
2026-07-29T09:28:15.692Z OK claim_number=360081 claim_id=19113474-720d-4b2c-95fb-ca074ccf4ad5 use=claim fid=FID-29-117658-4 cr=CR4686598781823-1 scheme=SHIF amount=87.50 tx=0x67e2924232151ffb6d918434269760c1ca06cb804ed1ccdde7f574d839820952 claimNumberOnChain=1785055688364816
2026-07-29T09:28:25.906Z OK claim_number=360082 claim_id=6d74101d-4655-418e-8458-2300a2b768c5 use=claim fid=FID-20-114807-9 cr=CR1923414151807-5 scheme=SHIF amount=250.00 tx=0xb636e32278751e90f10497f774e6defdb07013893ffb8724fab176692f29786c claimNumberOnChain=1785055688364817
2026-07-29T09:28:50.907Z OK claim_number=360083 claim_id=8c8abb72-8881-415e-a11d-cb193664bae8 use=claim fid=FID-29-117658-4 cr=CR4686598781823-1 scheme=SHIF amount=46.95 tx=0x7782363979cbf4fde3e5b1c85ac9c348b1891202b0a331106218c70af72fb340 claimNumberOnChain=1785055688364818
2026-07-29T09:29:00.576Z OK claim_number=360084 claim_id=64d21a60-bde0-43b5-b938-d564cb82be54 use=claim fid=FID-29-117658-4 cr=CR1444136770435-5 scheme=SHIF amount=125.00 tx=0xb6106cd8ec407561403b13cbe72200fbcbf21c8c410a3e1ac288310dbbef340f claimNumberOnChain=1785055688364819
2026-07-29T09:29:24.304Z OK claim_number=360085 claim_id=320e0d44-9fd8-4833-8f1b-cb688bd541bb use=claim fid=FID-29-117658-4 cr=CR4686598781823-1 scheme=SHIF amount=87.50 tx=0x3322ceafda88caffe3d2c0546d4583033c3c658a10b2a98d082939272e2208d8 claimNumberOnChain=1785055688364820
2026-07-29T09:29:34.937Z OK claim_number=360086 claim_id=36f6feee-2e71-4676-a425-d5cf12c5a030 use=claim fid=FID-29-117658-4 cr=CR4686598781823-1 scheme=SHIF amount=46.95 tx=0xf9c4305a897b164cd0a6604518b48f08170c75f9dadd8c929aa26e9927bd5971 claimNumberOnChain=1785055688364821
2026-07-29T09:29:45.287Z OK claim_number=360087 claim_id=331fcbc2-2df2-4428-9726-65af09e201aa use=claim fid=FID-20-114807-9 cr=CR3623281544223-3 scheme=SHIF amount=375.00 tx=0x3b1798b9999452ad09e3dc0d844fb5bff2a0f21c05793b7ac397ef50a2920b1b claimNumberOnChain=1785055688364822
2026-07-29T09:30:10.366Z OK claim_number=360088 claim_id=42362b27-1c17-46b2-a5af-28fe2dd52ca6 use=claim fid=FID-29-117658-4 cr=CR4686598781823-1 scheme=SHIF amount=87.50 tx=0x0b30667d42fea0614b5e3ebbb9b9353ec5686238daa19f4975db4441f5f839a8 claimNumberOnChain=1785055688364823
2026-07-29T09:30:20.695Z OK claim_number=360089 claim_id=c7ec0fd1-5277-457c-be19-289e2a22f38c use=claim fid=FID-29-117658-4 cr=CR4686598781823-1 scheme=SHIF amount=46.95 tx=0x86758b4d993f481521ca53b3e32341d337a7bfd31acfb1bf66763ebce3d87c2c claimNumberOnChain=1785055688364824
2026-07-29T09:30:31.108Z OK claim_number=360090 claim_id=ec9a3dd8-929d-40a2-a504-c2db9ec2e30f use=claim fid=FID-29-117658-4 cr=CR4686598781823-1 scheme=SHIF amount=87.50 tx=0xd22c056b98a02ae937bd5139f2bf7a986f106c5dda74e6d84cfb8d750804f7cd claimNumberOnChain=1785055688364825
2026-07-29T09:30:42.299Z OK claim_number=360091 claim_id=56f46279-9003-4fb1-9f1d-30ae12318f65 use=claim fid=FID-29-117658-4 cr=22960152-002-P-3 scheme=SHIF amount=125.00 tx=0x23f83d1cf67186de6a64671d5223e0b2a0cbf64b24384a2132ac5e63df3af299 claimNumberOnChain=1785055688364826
2026-07-29T09:31:21.746Z OK claim_number=360092 claim_id=df2c15b0-5150-4eec-8221-f6c2c4036177 use=claim fid=FID-20-114807-9 cr=CR8928265691348-3 scheme=SHIF amount=375.00 tx=0x7ef42141d9d05f5c61c8225f3b26a7842e8c7f6cbb3d822eb58eb19b05f616a2 claimNumberOnChain=1785055688364827
2026-07-29T09:31:44.106Z OK claim_number=360093 claim_id=d0c31cfe-50da-497c-a9ac-ddee4d02a65d use=claim fid=FID-29-117658-4 cr=CR8727405005556-7 scheme=SHIF amount=100.00 tx=0xec6268e971ec94dbbf17045332e39a4a23b6068ef43228e836715df657da4e11 claimNumberOnChain=1785055688364828
2026-07-29T09:31:54.649Z OK claim_number=360094 claim_id=4f4c4347-dd93-478f-9798-57b3d937d704 use=claim fid=FID-29-117658-4 cr=BZ29728796-3 scheme=SHIF amount=625.00 tx=0x2b16a6703e691ed5ae9fd3a6336931f0737469d86b4224c257f8dbf623b69dfa claimNumberOnChain=1785055688364829
2026-07-29T09:32:04.941Z OK claim_number=360095 claim_id=8c6710d4-3fa6-4c81-91d6-cacec584809d use=claim fid=FID-29-117658-4 cr=CR0554034781397-9 scheme=SHIF amount=125.00 tx=0x90b9b534cbd92010db1de405f0c48e4174a0c1d679bf9f8da2a63f38f9297d4e claimNumberOnChain=1785055688364830
2026-07-29T09:32:29.148Z OK claim_number=360096 claim_id=b2803f4e-e5f7-4658-a3d6-8afd6956029c use=claim fid=FID-29-117658-4 cr=CR6509895938248-3 scheme=SHIF amount=100.00 tx=0x2866d259483a0c9a3c43030346cbdcef0f53cf6da23195206968c9a7c887fb53 claimNumberOnChain=1785055688364831
2026-07-29T09:32:39.520Z OK claim_number=360097 claim_id=81cbfb9c-2a3e-4bc6-b976-aceb416e8311 use=claim fid=FID-29-117658-4 cr=CR6092393158271-7 scheme=SHIF amount=125.00 tx=0x5389f610739df3dc31fb2e606f9a252ae266513df190e0ee42a0251f997707f0 claimNumberOnChain=1785055688364832
2026-07-29T09:33:03.899Z OK claim_number=360098 claim_id=1656fe50-4924-4223-b7d5-76c38d5301c3 use=claim fid=FID-29-117658-4 cr=CR4686598781823-1 scheme=SHIF amount=46.95 tx=0x76b6d04af7d48a96f3a6e78c70a1f3bf29d89f056054bb37f4809919c62fce9c claimNumberOnChain=1785055688364833
2026-07-29T09:33:13.341Z OK claim_number=360099 claim_id=1638b883-ea67-4c3e-9279-5cdb92723924 use=claim fid=FID-20-114807-9 cr=CR0345031757212-0 scheme=SHIF amount=375.00 tx=0x1ef04fbc68365e49c6948ebdbc755ff958a4bb1129548beacfaa875f9546d1ea claimNumberOnChain=1785055688364834
2026-07-29T09:33:37.602Z OK claim_number=360100 claim_id=67cd6682-6aab-41e0-855e-6edc28731b07 use=claim fid=FID-29-117658-4 cr=CR4686598781823-1 scheme=SHIF amount=87.50 tx=0x6a2424323d9032995cf915c02c987411df112a64dda1bc1c95eb5e04607ee8b8 claimNumberOnChain=1785055688364835
2026-07-29T09:33:47.896Z OK claim_number=360101 claim_id=629505fc-6de2-4bf0-b7cf-4595a73dbafb use=claim fid=FID-20-114807-9 cr=CR2064015413283-5 scheme=SHIF amount=625.00 tx=0x57911bb13b995318bf8c213b0cbd36f16f187f38ca5fe0154a5be5eef16ea47f claimNumberOnChain=1785055688364836
2026-07-29T09:34:12.977Z OK claim_number=360102 claim_id=cb6f0fc9-a9b0-4871-943d-f929fcde6983 use=claim fid=FID-29-117658-4 cr=CR4686598781823-1 scheme=SHIF amount=46.95 tx=0x97827bbf2d69656de1c5cbaeb6bef861582e466ff6aa86570bb98c16531bf84a claimNumberOnChain=1785055688364837
2026-07-29T09:34:23.399Z OK claim_number=360103 claim_id=68ba14d6-76db-4254-8109-286e0b3e2b4f use=claim fid=FID-29-117658-4 cr=CR4686598781823-1 scheme=SHIF amount=87.50 tx=0xf6ad7ac41ed2bab33838c0bc59a6bcd1c5d44adff12b612ae68a7df1c00c42c3 claimNumberOnChain=1785055688364838
2026-07-29T09:34:33.645Z OK claim_number=360104 claim_id=4714adf7-a975-4357-8c63-537f8002d032 use=claim fid=FID-29-117658-4 cr=CR9941045148722-5 scheme=SHIF amount=125.00 tx=0x11a9deacf322181649e94d2c3a21dbe09cbb2557aec2eb5cbfc2ee1537ad44dc claimNumberOnChain=1785055688364839
2026-07-29T09:34:57.883Z OK claim_number=360105 claim_id=defb713c-c98d-4c32-a517-63e8c700a0c5 use=claim fid=FID-29-117658-4 cr=CR4686598781823-1 scheme=SHIF amount=46.95 tx=0x228bcbc5baf6a0743f76e533b8318a64429cdb0c8d2307f1f07dbf756916fb71 claimNumberOnChain=1785055688364840
2026-07-29T09:35:08.531Z OK claim_number=360106 claim_id=4d9b6743-5870-4686-aca0-b1d184612aa1 use=claim fid=FID-29-117658-4 cr=CR4686598781823-1 scheme=SHIF amount=87.50 tx=0xf7f15b9b55b2e01cf3bcf86adf525730584adf231af155fcadd37a35102b6ce9 claimNumberOnChain=1785055688364841
2026-07-29T09:35:19.036Z OK claim_number=360107 claim_id=6ad63d46-5710-4f61-8e1e-20513d221297 use=claim fid=FID-29-117658-4 cr=CR9395591594620-4 scheme=SHIF amount=625.00 tx=0x028fcf456c736db4f3b1b6b6dae256f8189ccf33e65e925c8ae4c169e66563d1 claimNumberOnChain=1785055688364842
2026-07-29T09:36:00.798Z OK claim_number=360108 claim_id=5273721f-9bfe-49a5-97b8-e1fcfe2e0b0f use=claim fid=FID-29-117658-4 cr=CR4686598781823-1 scheme=SHIF amount=46.95 tx=0x4572877f951157e947c6f9d4442b27a6b950449f560fbfbb00d8e0d29d8e7761 claimNumberOnChain=1785055688364843
2026-07-29T09:36:11.514Z OK claim_number=360109 claim_id=3665f848-062c-4027-bbab-ed56b101ab69 use=claim fid=FID-29-117658-4 cr=CR4686598781823-1 scheme=SHIF amount=87.50 tx=0x076b477ecfa0521e37f8c4e6e6062aa94edecb38551c52e301340ee0d357b5a5 claimNumberOnChain=1785055688364844
2026-07-29T09:36:21.933Z OK claim_number=360110 claim_id=a132fd28-5aae-4e7a-ba4f-baf79698a5c8 use=claim fid=FID-29-117658-4 cr=CR0132683654215-2 scheme=SHIF amount=125.00 tx=0x258a85bd2760e57088445ecaaa05bb842a1b25a8a16982e93968016fcde16ca6 claimNumberOnChain=1785055688364845
2026-07-29T09:36:46.514Z OK claim_number=360111 claim_id=95a071ea-fda4-40d3-bd6d-a5c2712a87f9 use=claim fid=FID-29-117658-4 cr=CR8727405005556-7 scheme=SHIF amount=625.00 tx=0x4918f0f80c5be10b1573a110f2a9435fd2f758504609c048f6e3480e731641b5 claimNumberOnChain=1785055688364846
2026-07-29T09:36:57.199Z OK claim_number=360112 claim_id=ace0bce8-fe41-41d5-8913-f423d9792f6a use=claim fid=FID-20-114807-9 cr=CR0998446918188-8 scheme=SHIF amount=375.00 tx=0x914d36c1ed7b026b343f1c0236e7cda2ba570dae8d0b800ffd24024fa875b89a claimNumberOnChain=1785055688364847
2026-07-29T09:37:21.908Z OK claim_number=360113 claim_id=6c488bd7-90e7-4242-8e71-55dc32143116 use=claim fid=FID-29-117658-4 cr=CR8727405005556-7 scheme=SHIF amount=600.00 tx=0x7a5bb914cac74caa716779b08073886fefecbc6fff7b48fd02262817c8f7816b claimNumberOnChain=1785055688364848
2026-07-29T09:37:32.099Z OK claim_number=360114 claim_id=62c6fb54-9955-45e3-ac42-590b64e14c4f use=claim fid=FID-20-114807-9 cr=CR2436114190776-9 scheme=SHIF amount=250.00 tx=0xaa90ef4e25ef8ba2571e67d8c196995d8db6d61302a56058b04be34843650de4 claimNumberOnChain=1785055688364849
2026-07-29T09:37:56.801Z OK claim_number=360115 claim_id=189e1162-e3cc-471f-924c-b3eae37e57be use=claim fid=FID-29-117658-4 cr=CR8727405005556-7 scheme=SHIF amount=500.00 tx=0x0c64aa32d2f273db5af98aae51c95a1cc4b87a40e0db75f1986246eeeb4a1141 claimNumberOnChain=1785055688364850
2026-07-29T09:38:07.249Z OK claim_number=360116 claim_id=aa730f1f-2691-45c4-84f7-172654d46e38 use=claim fid=FID-29-117658-4 cr=CR0096313434854-3 scheme=SHIF amount=125.00 tx=0xaa7f48b5d5ba41f033494c253aec2b56c64e5fe5599979de1bc8611901961b98 claimNumberOnChain=1785055688364851
2026-07-29T09:38:31.972Z OK claim_number=360117 claim_id=82321c4c-0843-47aa-afbc-687ad00b6449 use=claim fid=FID-29-117658-4 cr=CR3928672760384-2 scheme=SHIF amount=100.00 tx=0x784429b01e52239e16682df4670e1ecde27fc2400360839b6e192fa93f790411 claimNumberOnChain=1785055688364852
2026-07-29T09:38:42.458Z OK claim_number=360118 claim_id=7b6851b6-f339-4776-b697-430d257c20ec use=claim fid=FID-20-114807-9 cr=CR1775561552828-3 scheme=SHIF amount=875.00 tx=0x18a65675b14eecea7733b2678be9c22648b54441ceea60894f589bb763caa2e8 claimNumberOnChain=1785055688364853
2026-07-29T09:39:24.055Z OK claim_number=360119 claim_id=792bee4d-3770-4fc7-a78d-7ee55f9e30e7 use=claim fid=FID-29-117658-4 cr=CR7860562929831-4 scheme=SHIF amount=100.00 tx=0x97b30a2566a89fea7fe01415728e5d4223d9454be6fe7b60a3fc93cae9d2e8fe claimNumberOnChain=1785055688364854
2026-07-29T09:39:34.424Z OK claim_number=360120 claim_id=94baf433-deea-4553-a754-5a7d68a3c430 use=claim fid=FID-20-114807-9 cr=CR0155866659579-9 scheme=SHIF amount=250.00 tx=0x319616bc0e533b744438257d18820f9be601c9c0efc0317a79a8e180f9058dfd claimNumberOnChain=1785055688364855
2026-07-29T09:39:59.261Z OK claim_number=360121 claim_id=503ee87c-5bb1-49b4-b8bd-618f4ae219a1 use=claim fid=FID-29-117658-4 cr=CR8727405005556-7 scheme=SHIF amount=266.05 tx=0x3e7747ec759d5f96a078459b77211ae2a9df90430d8bd6ee1e0ac486665eeb36 claimNumberOnChain=1785055688364856
2026-07-29T09:40:08.625Z OK claim_number=360122 claim_id=e83f9e37-0c58-4e77-b8f5-1f02d7ac79a8 use=claim fid=FID-29-117658-4 cr=CR8727405005556-7 scheme=SHIF amount=266.05 tx=0x8b804d25e5159bb0d1178fc17bff696f92a59a3762fbf01a59dc12f0fda3432a claimNumberOnChain=1785055688364857
2026-07-29T09:40:18.867Z OK claim_number=360123 claim_id=1bb68c7d-1de3-4fbe-9aa9-6f5d46ef3b01 use=claim fid=FID-20-114807-9 cr=CR2893146789436-5 scheme=SHIF amount=250.00 tx=0xfc645ee1f5a4ed144b25ba7e8b218be3b793c801f4f3cd948cc2b84e24aacace claimNumberOnChain=1785055688364858
2026-07-29T09:41:00.181Z OK claim_number=360124 claim_id=b5035103-2a14-4b66-8d1c-d07932b1667a use=claim fid=FID-29-117658-4 cr=CR8237739447872-9 scheme=SHIF amount=125.00 tx=0x6a9ff4e4e652b87c343ec2bda1a1dab9b68538ca309bbd89143829c18be97ba0 claimNumberOnChain=1785055688364860
2026-07-29T09:41:33.748Z OK claim_number=360125 claim_id=a109a57b-b3e6-427d-9fca-7a28e5b68822 use=claim fid=FID-29-117658-4 cr=CR8706882107674-0 scheme=SHIF amount=100.00 tx=0xfdc76a2cd493a729e0d6539b82e280e1d93e8b0fd5bd119a153a4237106c8684 claimNumberOnChain=1785055688364861
2026-07-29T09:41:43.906Z OK claim_number=360126 claim_id=0a1094bc-83a8-4daf-8ce9-3d0b3a785780 use=claim fid=FID-29-117658-4 cr=CR4195890425516-8 scheme=SHIF amount=75.00 tx=0xef537d4ae643ce5c1d54d96f3f91035f5cb1b4330a8249f5a49987fc4f82cb8f claimNumberOnChain=1785055688364862
2026-07-29T09:41:54.484Z OK claim_number=360127 claim_id=c5adac26-c50f-4edc-9296-636429e14823 use=claim fid=FID-29-117658-4 cr=CR4809584102195-8 scheme=SHIF amount=125.00 tx=0x25339bc70fe5466a22706b6c6ba56cdb913ff884285d65347df67485b903f233 claimNumberOnChain=1785055688364864
2026-07-29T09:42:27.729Z OK claim_number=360128 claim_id=fe9f125e-31e7-4e9a-b66e-36c90e74fc47 use=claim fid=FID-29-117658-4 cr=CR4195890425516-8 scheme=SHIF amount=22.50 tx=0xd4470e24276df01d919e340941c05a38d30eec5e00bcff81b036d789d1c039a3 claimNumberOnChain=1785055688364866
2026-07-29T09:42:46.963Z OK claim_number=360129 claim_id=8e04df96-1755-4a1e-85a5-51f96eb1b299 use=claim fid=FID-29-117658-4 cr=CR1257912628847-5 scheme=SHIF amount=125.00 tx=0xd48317cc8e42b85dc61806b51c872f91d651fa1819a134c06a40436e76ce18b3 claimNumberOnChain=1785055688364868
2026-07-29T09:43:19.745Z OK claim_number=360130 claim_id=43088fa2-ef8a-4faa-b4e1-4e03a703b382 use=claim fid=FID-29-117658-4 cr=CR4195890425516-8 scheme=SHIF amount=75.00 tx=0x68760ffbf0eb134c3d2738879b8acb76b6fbeb739c85f48b54215f547f901891 claimNumberOnChain=1785055688364870
2026-07-29T09:43:38.865Z OK claim_number=360131 claim_id=da5f3a7d-677a-4158-adf7-80f90eb991e7 use=claim fid=FID-29-117658-4 cr=CR4195890425516-8 scheme=SHIF amount=22.50 tx=0x2006bb78d9092a643c3c410cf0ef2995be07f6aff398fff4ca03134fc39f989d claimNumberOnChain=1785055688364872
2026-07-29T09:43:58.313Z OK claim_number=360132 claim_id=8db61d5e-6ee8-4cc1-82a3-2901ac74af1f use=claim fid=FID-29-117658-4 cr=CR7220269438890-1 scheme=SHIF amount=125.00 tx=0x72720d5460c7618fc60e15256b4d4f9c7bbe72cd4e78ecfb50f8c2dcf8ecb254 claimNumberOnChain=1785055688364874
2026-07-29T09:44:31.483Z OK claim_number=360133 claim_id=a0cab72b-acac-49f0-8c36-b3ee25671e68 use=claim fid=FID-29-117658-4 cr=CR4195890425516-8 scheme=SHIF amount=75.00 tx=0x6c83b2e9eddd313adac34a46ae0358ecfe5667cc8a6f338e1ad7b8cb422a1968 claimNumberOnChain=1785055688364875
2026-07-29T09:44:41.709Z OK claim_number=360134 claim_id=6387766f-cf65-454b-9bbc-0e9855e17a53 use=claim fid=FID-29-117658-4 cr=CR4195890425516-8 scheme=SHIF amount=22.50 tx=0x2ca9b30d2e7ebf2120c0edd17e7a3b36cb771c1f0d24907cfe46d2608d928afd claimNumberOnChain=1785055688364876
2026-07-29T09:44:51.964Z OK claim_number=360135 claim_id=b1bb516e-e542-45fe-98fb-3bdaaf673d28 use=claim fid=FID-29-117658-4 cr=CR4303232153832-1 scheme=SHIF amount=125.00 tx=0x918f1accf7118d280a5d3ecc30d717be00d1e815f41119c00b3a5a08d43e797b claimNumberOnChain=1785055688364878
2026-07-29T09:45:25.202Z OK claim_number=360136 claim_id=505998b2-969e-40a3-8315-8dd4e8fe48fb use=claim fid=FID-29-117658-4 cr=CR4195890425516-8 scheme=SHIF amount=75.00 tx=0xc6a0e515258c0ef7a4ecabc764753ad941115b0b77645037447cc663feba10e9 claimNumberOnChain=1785055688364880
2026-07-29T09:45:44.455Z OK claim_number=360137 claim_id=d52758f8-2e1b-4002-95cb-4b26c7e3161d use=claim fid=FID-29-117658-4 cr=CR4195890425516-8 scheme=SHIF amount=22.50 tx=0x9879df1343584d616f63fd2d64ff412bdff0614042b03d2ace46480bdcb19a40 claimNumberOnChain=1785055688364881
2026-07-29T09:45:54.742Z OK claim_number=360138 claim_id=1197ac59-280e-4efa-9615-8ba4cd412801 use=claim fid=FID-20-114807-9 cr=CR9928363209681-3 scheme=SHIF amount=625.00 tx=0xda80352847c9b04ee9643a933130523a8d0d65d016cbd7e5ca548308e38a3539 claimNumberOnChain=1785055688364882
2026-07-29T09:46:18.726Z OK claim_number=360139 claim_id=43b07154-8e3a-4b0f-9083-2887ed975400 use=claim fid=FID-29-117658-4 cr=CR4195890425516-8 scheme=SHIF amount=75.00 tx=0xb1a242339418d664d2ddb07857dd8235e01c8e68a4e4aab59e193f37b4b723f3 claimNumberOnChain=1785055688364883
2026-07-29T09:46:29.112Z OK claim_number=360140 claim_id=c5f48a98-bb1f-487d-81b9-bc15358140ad use=claim fid=FID-29-117658-4 cr=CR7559028631034-2 scheme=SHIF amount=125.00 tx=0xa7cd3f120456dd99384b327a32d1d0d8af84d10c4c0145b2b36cdb7808db4e2e claimNumberOnChain=1785055688364884
2026-07-29T09:46:53.083Z OK claim_number=360141 claim_id=22c58f15-8388-4393-9502-9ef56f750339 use=claim fid=FID-29-117658-4 cr=CR4195890425516-8 scheme=SHIF amount=22.50 tx=0x498376079e337705ff803350cf3414d854189441d584a54f733c65e52cd1b52a claimNumberOnChain=1785055688364886
2026-07-29T09:47:12.757Z OK claim_number=360142 claim_id=c95cb36b-2cdb-41e4-b77d-f57a4a2c7c26 use=claim fid=FID-29-117658-4 cr=CR0597975760735-8 scheme=SHIF amount=100.00 tx=0xa67751c6c3eb459675b4e5e3389d5bb824786ebf06340b9a3066663026cc070e claimNumberOnChain=1785055688364887
2026-07-29T09:47:22.036Z OK claim_number=360143 claim_id=55d8b8de-12ee-4225-bead-5e9ccd7fcdc2 use=claim fid=FID-29-117658-4 cr=CR4108847366318-6 scheme=SHIF amount=125.00 tx=0x36c05a4b699a0e575e9e0bfb073291424c9fb9cf29a58dd646918f7eaaa1a046 claimNumberOnChain=1785055688364888
2026-07-29T09:47:48.511Z OK claim_number=360144 claim_id=7925090b-332c-42c9-ba0a-0f0a1ce8cbd1 use=claim fid=FID-29-117658-4 cr=CR9645760706984-8 scheme=SHIF amount=100.00 tx=0xf20ef7eea609c1406137a7830e6a2f8f59a48897e90276d502b35ca0477c2d82 claimNumberOnChain=1785055688364890
2026-07-29T09:48:08.021Z OK claim_number=360145 claim_id=ab0faca6-9d51-4315-ad07-6a7527246fcf use=claim fid=FID-29-117658-4 cr=CR4195890425516-8 scheme=SHIF amount=100.00 tx=0xbc9f58fb6dcffe62a2eee4935883b66170744d86285860ba62793e53ddbc4dac claimNumberOnChain=1785055688364891
2026-07-29T09:48:18.322Z OK claim_number=360146 claim_id=e344c99c-de79-4042-93d2-a5ef154a4471 use=claim fid=FID-29-117658-4 cr=CR5990055713695-5 scheme=SHIF amount=125.00 tx=0xb2a2fe0e141c5777af95a2e83c8510351b22ab7c579ccdbcf173c6e5708e884c claimNumberOnChain=1785055688364893
2026-07-29T09:48:51.925Z OK claim_number=360147 claim_id=db5aaf01-bb4f-4f75-9d4b-9d01c197e34d use=claim fid=FID-29-117658-4 cr=CR5741431600340-9 scheme=SHIF amount=100.00 tx=0xe7170e31b9e11d05237db8ad9ffc41f84cd1c1c3bd0c7d701714a803eb98e1bd claimNumberOnChain=1785055688364894
2026-07-29T09:49:02.448Z OK claim_number=360148 claim_id=164f5d78-2d29-4d76-9ac4-0e1f87525506 use=claim fid=FID-20-114807-9 cr=CR7422246627624-9 scheme=SHIF amount=2468.75 tx=0x68f476a161660a33ff31facb40cbbbed83663b8c74e037a3f77d1a7ca3b26624 claimNumberOnChain=1785055688364896
2026-07-29T09:49:35.790Z OK claim_number=360149 claim_id=c99fb8a8-2302-4b69-8318-b9dcc4cdd6c9 use=claim fid=FID-29-117658-4 cr=CR8706882107674-0 scheme=SHIF amount=100.00 tx=0xd65ccec9f90a3a0b1cdf23bd87f5b9a83e57ccba8021c545e913c0715bec6bd3 claimNumberOnChain=1785055688364897
2026-07-29T09:49:46.002Z OK claim_number=360150 claim_id=7f73875d-4c4f-47d5-bdb8-7b4bddf07a09 use=claim fid=FID-20-114807-9 cr=CR6979750322102-4 scheme=SHIF amount=250.00 tx=0x2f136e64ef4f62a62f4e7930dd5c7d677364f5de4c9e070c6931b2690a7cd63c claimNumberOnChain=1785055688364899
2026-07-29T09:50:19.742Z OK claim_number=360151 claim_id=afad5957-0e3f-4d03-b2ac-829bfc02a677 use=claim fid=FID-29-117658-4 cr=CR8706882107674-0 scheme=SHIF amount=100.00 tx=0xb76bf6723822f834439c44bc26b1ef4d91bcc52bfceb92bb7d4e526b834830ad claimNumberOnChain=1785055688364900
2026-07-29T09:50:29.916Z OK claim_number=360152 claim_id=146d63fe-c69b-42d9-85a1-ef53c3d45adc use=claim fid=FID-20-114807-9 cr=CR6760121752996-5 scheme=SHIF amount=250.00 tx=0xc04626e814a12a594852a76cb93d49a82d7791ae25c5035a958a6cd84797ed45 claimNumberOnChain=1785055688364901
2026-07-29T09:50:54.647Z OK claim_number=360153 claim_id=42622027-8777-4f06-a6ec-afcc85818dea use=claim fid=FID-29-117658-4 cr=CR7400004069070-9 scheme=SHIF amount=100.00 tx=0xbe8245f975db0217e9e574974a480bdc7c19ef49fb5f0dde38c6a8f80332c46a claimNumberOnChain=1785055688364903
2026-07-29T09:51:14.029Z OK claim_number=360154 claim_id=b3a36220-3724-4e55-a831-112abf63ef0a use=claim fid=FID-20-114807-9 cr=CR2410653227907-4 scheme=SHIF amount=250.00 tx=0x66010cbaafefbc835e62ed989353ef1469e1457596a2135e8a8dd87a682b5f98 claimNumberOnChain=1785055688364904
2026-07-29T09:51:37.927Z OK claim_number=360155 claim_id=35b401b5-f423-4d49-af6b-1af5bf281591 use=claim fid=FID-29-117658-4 cr=CR8727405005556-7 scheme=SHIF amount=625.00 tx=0x369a89ad9c95dd1f20a93a9c39485c85199e1f609401666451e1202b69717d29 claimNumberOnChain=1785055688364905
2026-07-29T09:51:48.005Z OK claim_number=360156 claim_id=382b7267-89b3-439c-a508-96dfd31f89e9 use=claim fid=FID-20-114807-9 cr=CR1784918025385-4 scheme=SHIF amount=250.00 tx=0x6548d8fb9980c038372f371803acf79d2597bd40e76b4b22a227d3e53414e084 claimNumberOnChain=1785055688364906
2026-07-29T09:52:12.584Z OK claim_number=360157 claim_id=9a0cccf7-9999-4b1e-a63d-53666455e976 use=claim fid=FID-29-117658-4 cr=CR8727405005556-7 scheme=SHIF amount=625.00 tx=0xec3b1da3b16f845ebb38417cfd09e4c975e8d91f465f810352330de0551e6550 claimNumberOnChain=1785055688364907
2026-07-29T09:52:22.047Z OK claim_number=360158 claim_id=91693ae1-11c4-4c02-805c-c7a15007f9da use=claim fid=FID-20-114807-9 cr=CR5114935217730-5 scheme=SHIF amount=500.00 tx=0x395b9c4aab115d164b8593cb8d9df0ccbb65fc9febd268a6e361f75b871ee367 claimNumberOnChain=1785055688364908
2026-07-29T09:53:02.781Z OK claim_number=360159 claim_id=8301054a-cd7d-483f-9bda-53a6c0a5da20 use=claim fid=FID-29-117658-4 cr=CR8727405005556-7 scheme=SHIF amount=62.50 tx=0x96d0ccacd166847b5c3da97dc2ee0c51269daf2ffc928479e46d174739bc9495 claimNumberOnChain=1785055688364909
2026-07-29T09:53:13.200Z OK claim_number=360160 claim_id=6bfde96d-895f-4e42-b95b-c0e01f544f74 use=claim fid=FID-29-117658-4 cr=CR8727405005556-7 scheme=SHIF amount=37.50 tx=0x835c51204c8ed84f175b5f9b1fb89ee42ea7f62a1fd8aa61f68b2c631ea5bb3c claimNumberOnChain=1785055688364910
2026-07-29T09:53:23.319Z OK claim_number=360161 claim_id=b6d4b566-f839-4345-a788-37534c88616f use=claim fid=FID-29-117658-4 cr=CR8727405005556-7 scheme=SHIF amount=62.50 tx=0x6e8df5aeabfcc3e1f888a1a1388048a3cc5a35b3f68d9ede3db6aafdd8043dd0 claimNumberOnChain=1785055688364911
2026-07-29T09:53:33.521Z OK claim_number=360162 claim_id=fec6d3d5-69cb-42ae-9ee6-a6403ecd9735 use=claim fid=FID-29-117658-4 cr=CR1561802598013-4 scheme=SHIF amount=125.00 tx=0x1b49c799c83f6e0b6a282a1c43167e65c15e7035b830d663f7bc1525d6646dd2 claimNumberOnChain=1785055688364912
2026-07-29T09:53:57.827Z OK claim_number=360163 claim_id=be4f511d-8ee5-4d28-b164-fc738bccc312 use=claim fid=FID-29-117658-4 cr=CR8727405005556-7 scheme=SHIF amount=37.50 tx=0xe11d97a546a44a71483d22dc78ed484197888c93aee5006e9bc5553e43a4411a claimNumberOnChain=1785055688364914
2026-07-29T09:54:16.948Z OK claim_number=360164 claim_id=647cbac3-901e-4468-adf9-9ba571a306fa use=claim fid=FID-20-114807-9 cr=CR4133177415905-2 scheme=SHIF amount=250.00 tx=0x6acf02d7396e40e17afe8198f1a91db2031f3878514d02f0ca2e2539229fa6db claimNumberOnChain=1785055688364915
2026-07-29T09:54:40.639Z OK claim_number=360165 claim_id=fb9fe964-0e25-4915-b6b7-3e0ae5b17b2b use=claim fid=FID-29-117658-4 cr=CR8727405005556-7 scheme=SHIF amount=100.00 tx=0xff13da8babaccc8349577fb4815de46341e224aaa3889ce9d97e7b3c2167b9de claimNumberOnChain=1785055688364916
2026-07-29T09:54:50.711Z OK claim_number=360166 claim_id=45176fee-24ae-48f0-bc3e-b4292b792768 use=claim fid=FID-20-114807-9 cr=CR5933531291672-4 scheme=SHIF amount=250.00 tx=0xfff3cac0bb6600992f8717badf5e8666a0d07380741ab7900b92dcf9374745df claimNumberOnChain=1785055688364917
2026-07-29T09:55:14.665Z OK claim_number=360167 claim_id=18f3e28c-d089-4485-80a5-b4fb910e3722 use=claim fid=FID-29-117658-4 cr=CR7400004069070-9 scheme=SHIF amount=100.00 tx=0xde0564c5ca590466760d16805fb3f739271b438c553680161b94efb3f1902fb7 claimNumberOnChain=1785055688364918
2026-07-29T09:55:25.014Z OK claim_number=360168 claim_id=ed4621a2-24e7-472a-b2d7-be03b6254f2b use=claim fid=FID-29-117658-4 cr=CR1678527439961-0 scheme=SHIF amount=125.00 tx=0xc6bad04c41f7c3fec57fd33e8192a11a963106d50ebcf150f93a6efd3892a3ff claimNumberOnChain=1785055688364919
2026-07-29T09:55:35.078Z OK claim_number=360169 claim_id=e1360db3-f847-4ac4-a858-630b0f650a68 use=claim fid=FID-29-117658-4 cr=CR3256370334707-4 scheme=SHIF amount=625.00 tx=0x97f203b7b45c875fb90ffce8aa2799421a7efd0016335842ad1b1276dd06b1ae claimNumberOnChain=1785055688364920
2026-07-29T09:55:45.262Z OK claim_number=360170 claim_id=6c4112a1-2e08-4c45-b0e6-b5ae82228c8b use=claim fid=FID-29-117658-4 cr=CR5887785741046-5 scheme=SHIF amount=125.00 tx=0x426fc7864216d0f92f8c6473db2cc120d70fb3f32c38e1c32b6fe36cdbce6e68 claimNumberOnChain=1785055688364921
2026-07-29T09:56:10.283Z OK claim_number=360171 claim_id=5aed8873-df53-4347-a027-94cbc4c87125 use=claim fid=FID-29-117658-4 cr=CR3685551720224-8 scheme=SHIF amount=125.00 tx=0xc9ebc50e60bc5bc482761a118e402047673ca65829b0a415d841f14f585c7699 claimNumberOnChain=1785055688364922
2026-07-29T09:56:34.259Z OK claim_number=360172 claim_id=1104ea57-c475-45aa-8c4f-dd0491aa0370 use=claim fid=FID-29-117658-4 cr=CR3928672760384-2 scheme=SHIF amount=6.25 tx=0xd0d207a7173b1b9c9870686f92247c43c1396debb8114fdedf6f9fc9230cd2a3 claimNumberOnChain=1785055688364923
2026-07-29T09:56:44.376Z OK claim_number=360173 claim_id=4f2084cc-3884-47af-98cc-11c2382602a9 use=claim fid=FID-29-117658-4 cr=CR0945542094971-3 scheme=SHIF amount=125.00 tx=0x5af1d6a3f5aaaf380e785efb009d51cd5a76cc427578936a7dca7e68c5703062 claimNumberOnChain=1785055688364924
2026-07-29T09:57:08.367Z OK claim_number=360174 claim_id=1e09d527-2927-452f-bc8a-f9d7657521e0 use=claim fid=FID-29-117658-4 cr=CR4925764247277-7 scheme=SHIF amount=100.00 tx=0x3257da6c6ef58d05a0dc81523306d89340f2bac7370db6d353b177e1d971bc9a claimNumberOnChain=1785055688364925
2026-07-29T09:57:18.582Z OK claim_number=360175 claim_id=970779ff-e4a3-465a-bb92-336dabb44ffb use=claim fid=FID-29-117658-4 cr=CR4037947014271-7 scheme=SHIF amount=46.95 tx=0x191b4bfdfdc59c4c53b8feeb48a974867dc2950678f40d2dc0c91124fb917163 claimNumberOnChain=1785055688364926
2026-07-29T09:57:28.818Z OK claim_number=360176 claim_id=fccd851e-52cd-42b5-81cc-e85fa067edb9 use=claim fid=FID-20-114807-9 cr=CR3270957131967-5 scheme=SHIF amount=125.00 tx=0x3c10b0c3ad666c21ccbfe93c3c44a2844412e2349a308841de259fbdc2216d45 claimNumberOnChain=1785055688364927
2026-07-29T09:57:53.280Z OK claim_number=360177 claim_id=769e7438-9053-4c36-b706-8c75130f17b5 use=claim fid=FID-29-117658-4 cr=CR4037947014271-7 scheme=SHIF amount=250.00 tx=0x2bad1103e406ef8b334449c7baa799802e6260b28cb2134b59f81655a80d24f0 claimNumberOnChain=1785055688364928
2026-07-29T09:58:03.561Z OK claim_number=360178 claim_id=9e77111a-e115-4fea-b25e-295d834044e0 use=claim fid=FID-29-117658-4 cr=CR2677887891517-8 scheme=SHIF amount=125.00 tx=0x3648e828a200eff019505b2b905dd82a02f169d7cdd7c5e7b5ac3a8c0f628698 claimNumberOnChain=1785055688364929
2026-07-29T09:58:27.667Z OK claim_number=360179 claim_id=e016276c-23f6-4c6e-a055-c02cc9c2290c use=claim fid=FID-29-117658-4 cr=CR4037947014271-7 scheme=SHIF amount=250.00 tx=0x871beede45f366277da65ee111228afc9e4f0b55b3a2b6f8e2ea9e5196576bb5 claimNumberOnChain=1785055688364930
2026-07-29T09:58:37.941Z OK claim_number=360180 claim_id=66ffdb16-1dd2-449b-8672-eea99daeed7f use=claim fid=FID-20-114807-9 cr=CR5063271065958-6 scheme=SHIF amount=625.00 tx=0x029ef2b653464d872d33c21143332f697a714a7bf245dd57c7d5041c86340014 claimNumberOnChain=1785055688364931
2026-07-29T09:59:02.113Z OK claim_number=360181 claim_id=81edb3e7-8d1e-4d3d-8373-7e56e3e45697 use=claim fid=FID-29-117658-4 cr=CR3862337527387-7 scheme=SHIF amount=125.00 tx=0x1f5d694131b673428f4f0a53a298d133617de32dedb77e22fd306c7b4ed51768 claimNumberOnChain=1785055688364932
2026-07-29T09:59:27.054Z OK claim_number=360182 claim_id=49fe1a66-18de-49b3-ae3d-fd6584f203b9 use=claim fid=FID-29-117658-4 cr=CR8997020809030-1 scheme=SHIF amount=125.00 tx=0x8f20069c8eb916021b4c534469bae010d05d00a0832302251fcfc38f8721cea1 claimNumberOnChain=1785055688364933
2026-07-29T09:59:51.746Z OK claim_number=360183 claim_id=45178d44-aecb-4cec-8a9b-a535d3abdf2d use=claim fid=FID-29-117658-4 cr=CR9983588097923-8 scheme=SHIF amount=125.00 tx=0xe8ea9fefe4dee7c77c514da4f8d71f8a2f6325b0068b52cc6eeeba87a063ef95 claimNumberOnChain=1785055688364934
2026-07-29T10:00:02.026Z OK claim_number=360184 claim_id=ac580cf2-91dd-4f26-901d-37c2a9818b90 use=claim fid=FID-20-114807-9 cr=CR1805483204562-1 scheme=SHIF amount=250.00 tx=0x7621cd3bf7030f394280b9ba2c3ac8b089a7d90ec019190f3fa2d911b3127632 claimNumberOnChain=1785055688364935
2026-07-29T10:00:26.654Z OK claim_number=360185 claim_id=9449517d-c787-498f-b100-cdd9e8f97fdb use=claim fid=FID-29-117658-4 cr=CR9983588097923-8 scheme=SHIF amount=125.00 tx=0xf1b230d84786db2709a35cd9446a9ed9d2f194db060496fd6eb6c5007f80ac0f claimNumberOnChain=1785055688364936
2026-07-29T10:00:36.947Z OK claim_number=360186 claim_id=b07c01dc-9676-4999-9322-97ef5fbf284e use=claim fid=FID-29-117658-4 cr=CR9983588097923-8 scheme=SHIF amount=100.00 tx=0x7ccb4b1f9cb75e747a30b26c93c882ad18f55099fd1164c454a9a120f7370bab claimNumberOnChain=1785055688364937
2026-07-29T10:00:47.278Z OK claim_number=360187 claim_id=92c0cf5f-8e70-4da5-afd3-5a13b916e0f1 use=claim fid=FID-20-114807-9 cr=CR3391081327667-8 scheme=SHIF amount=250.00 tx=0xb66411c57ab48c8d60f29a2b806a69d5ebea3c15244662d60e250d70dee78cc8 claimNumberOnChain=1785055688364938
2026-07-29T10:01:11.651Z OK claim_number=360188 claim_id=100651c7-fc1e-4b20-ae29-978b88626b36 use=claim fid=FID-29-117658-4 cr=CR9983588097923-8 scheme=SHIF amount=100.00 tx=0x8f8f28e77ccd98d0b346f8cfd48cd3fc2b46433ee81e3b15ee7d57613ae3f8c8 claimNumberOnChain=1785055688364939
2026-07-29T10:01:21.936Z OK claim_number=360189 claim_id=166d7aa9-30df-4ec7-8004-9e2f444e9289 use=claim fid=FID-29-117658-4 cr=CR7170306120341-8 scheme=SHIF amount=125.00 tx=0xd028b47dac0444a6b1183f6771f18516132b176014a1648ec9a4ca544943b0d3 claimNumberOnChain=1785055688364940
2026-07-29T10:01:45.601Z OK claim_number=360190 claim_id=60bf9e19-40b7-4f34-8b23-014bb3c8e795 use=claim fid=FID-29-117658-4 cr=CR9983588097923-8 scheme=SHIF amount=625.00 tx=0x12f8b8b73a80b08724221bcc4b699d3e676aaea3be212c7fbceeae7e5306105c claimNumberOnChain=1785055688364941
2026-07-29T10:01:56.008Z OK claim_number=360191 claim_id=ebc5fae9-aecf-4c4c-8271-28d2cf2fadfb use=claim fid=FID-29-117658-4 cr=CR7547355773724-8 scheme=SHIF amount=125.00 tx=0xc702928b204b0f52036959d8e64506f8e6519442ad3f888708ec5e43de4dbb33 claimNumberOnChain=1785055688364942
2026-07-29T10:02:37.789Z OK claim_number=360192 claim_id=821bc0e1-e7f8-49d8-808c-568d99542837 use=claim fid=FID-20-114807-9 cr=CR4938180749811-0 scheme=SHIF amount=125.00 tx=0x47feab10da6422dfc916bcc6fb03a8fd5481754e9260e4690ba3e391c7cfa441 claimNumberOnChain=1785055688364943
2026-07-29T10:03:02.492Z OK claim_number=360193 claim_id=6abc2571-1dc0-41ae-92b5-f60ec89dd07b use=claim fid=FID-29-117658-4 cr=CR9983588097923-8 scheme=SHIF amount=100.00 tx=0x085e87016d68a468beecb0d7f3c8579ddf9909082651d02b01b7e9d746885a28 claimNumberOnChain=1785055688364944
2026-07-29T10:03:12.998Z OK claim_number=360194 claim_id=90093e04-74d4-4891-8750-eb0e0c6b895a use=claim fid=FID-29-117658-4 cr=CR6590883438342-5 scheme=SHIF amount=125.00 tx=0xdb32f89e162a0bf577342c5f1bc4d7d7c7608c21b44b820efdaac2b90e32d808 claimNumberOnChain=1785055688364945
2026-07-29T10:03:55.087Z OK claim_number=360195 claim_id=fbdacfbd-2ce4-4f2f-9fec-925b5183cc63 use=claim fid=FID-29-117658-4 cr=CR4637243143342-8 scheme=SHIF amount=125.00 tx=0x22e234ab6cb2c8611f64aa408ae01598747d7c8482ade870525bc05b6fa13984 claimNumberOnChain=1785055688364946
2026-07-29T10:04:05.543Z OK claim_number=360196 claim_id=fc5197a9-25f7-485a-8aae-95f59ceb634b use=claim fid=FID-29-117658-4 cr=CR1222316056140-2 scheme=SHIF amount=125.00 tx=0x55c8de51852680b6238476f1c14d2539cdf5af55fcc3e8b8beb366217ff4f228 claimNumberOnChain=1785055688364947
2026-07-29T10:04:30.688Z OK claim_number=360197 claim_id=3111d454-ccf1-478d-a389-4ed62c44c9df use=claim fid=FID-29-117658-4 cr=CR4637243143342-8 scheme=SHIF amount=125.00 tx=0xeeffb9ea8dcedee0b5c1e14bfb0897ce4cf171387381be65ac01cb43191960b7 claimNumberOnChain=1785055688364948
2026-07-29T10:04:41.034Z OK claim_number=360198 claim_id=43631a09-f544-4f34-b300-69b530b156e0 use=claim fid=FID-29-117658-4 cr=CR7400584309629-3 scheme=SHIF amount=125.00 tx=0x9f6f7ef9238d217f27a76cc62fa86d35703616a774f9b932f6f7208c44a73b10 claimNumberOnChain=1785055688364949
2026-07-29T10:04:51.493Z OK claim_number=360199 claim_id=9ea75997-3922-4b6e-afec-8f4fa6c8c1a3 use=claim fid=FID-29-117658-4 cr=CR5513304059848-2 scheme=SHIF amount=125.00 tx=0x84cc4e7491fe240db26b9e5876c1301c29c4eb8489b6be594dd13b55aed4ff16 claimNumberOnChain=1785055688364950
2026-07-29T10:05:16.162Z OK claim_number=360200 claim_id=3ad5192d-2832-457b-95a8-8cca30378c7f use=claim fid=FID-29-117658-4 cr=CR4332837261684-6 scheme=SHIF amount=125.00 tx=0xfa0c42beb6c744b5473c0b6be00b975865082f147cd8bd6484f1260adf5645b9 claimNumberOnChain=1785055688364951
2026-07-29T10:05:26.470Z OK claim_number=360201 claim_id=f7c9ffcf-338c-4464-a360-02a042f11f14 use=claim fid=FID-20-114807-9 cr=CR5396576080312-7 scheme=SHIF amount=1281.26 tx=0x186e85bfdb23dd9c9cb909ac911d967734911eb0904141a85a83fa231927c98c claimNumberOnChain=1785055688364952
2026-07-29T10:05:51.537Z OK claim_number=360202 claim_id=64c33981-1bd6-4db7-b45a-7d364401cd24 use=claim fid=FID-29-117658-4 cr=CR9215023958341-9 scheme=SHIF amount=125.00 tx=0x24699df46bea8a2cb926ebd916d6d3a644843d8105ee2174510fadbab5fb89f4 claimNumberOnChain=1785055688364953
2026-07-29T10:06:33.021Z OK claim_number=360203 claim_id=c390a252-22ef-498c-8a63-656fab64736f use=claim fid=FID-20-114807-9 cr=CR5632458551749-5 scheme=SHIF amount=281.25 tx=0xb69146ea5ffe1f19b057f617d25a407a9aa880facf024239e77d3f5a90cf8ff2 claimNumberOnChain=1785055688364954
2026-07-29T10:07:15.091Z OK claim_number=360204 claim_id=415d9edd-531b-4362-a43a-3eba21a612c1 use=claim fid=FID-29-117658-4 cr=CR1551807458097-7 scheme=SHIF amount=125.00 tx=0xbaf1e69e0b539f62e9c32391bf6dcf6307871a4ca274457c33bf213d371a5e7c claimNumberOnChain=1785055688364955
2026-07-29T10:07:39.018Z OK claim_number=360205 claim_id=62faabe8-018f-489b-af44-66a511686a33 use=claim fid=FID-29-117658-4 cr=CR3788624208192-9 scheme=SHIF amount=125.00 tx=0x610959c53604619a655ebf8d3ce97c4aa70948973ef1fbbddfe348daff320bd5 claimNumberOnChain=1785055688364956
2026-07-29T10:08:03.736Z OK claim_number=360206 claim_id=04b9c962-4506-4e6f-bf2f-835ed20b2709 use=claim fid=FID-20-114807-9 cr=CR1444060713331-8 scheme=SHIF amount=1125.00 tx=0x25440a4478bed751ddfbf01a1b1ee3a21e63baf63c11b6450333f2b245549d3b claimNumberOnChain=1785055688364957
2026-07-29T10:08:23.480Z OK claim_number=360207 claim_id=3cd21ae5-41a6-45c6-8793-4886cc5e219a use=claim fid=FID-29-117658-4 cr=CR0441228464859-7 scheme=SHIF amount=125.00 tx=0xa5c64205331b1c8e66677ee4d0c0f809bb6b798e904410782a7a006e5103e584 claimNumberOnChain=1785055688364958
2026-07-29T10:08:47.406Z OK claim_number=360208 claim_id=cd220704-0f32-4a70-88d0-e497c4618684 use=claim fid=FID-29-117658-4 cr=CR9639951692725-4 scheme=SHIF amount=10000.00 tx=0xec42960d4b5fc7b66781152d11e2523e8c5f6d82f4e7a4837890d078b7cdde6d claimNumberOnChain=1785055688364959
2026-07-29T10:08:57.759Z OK claim_number=360209 claim_id=0a88c8e7-2a27-4a8d-9bcb-2677c48ff23e use=claim fid=FID-29-117658-4 cr=CR4457080300364-4 scheme=SHIF amount=100.00 tx=0x3105cd71d2c1b7ad85c6deb8de94ce95f512720a051512fc339039a91641b4b3 claimNumberOnChain=1785055688364960
2026-07-29T10:09:08.210Z OK claim_number=360210 claim_id=4d9f8a1c-1446-43f7-81d7-f913f300f0c2 use=claim fid=FID-20-114807-9 cr=CR8086644661320-2 scheme=SHIF amount=375.00 tx=0xe2a41b984f6c907e9fe2842fff78c4aaa40a1e7a96b0e53de177af18761c7bc5 claimNumberOnChain=1785055688364961
2026-07-29T10:09:32.056Z OK claim_number=360211 claim_id=f8034fca-3463-42da-b57b-37d94267ff9e use=claim fid=FID-29-117658-4 cr=CR0587521523759-0 scheme=SHIF amount=300.00 tx=0xa12754d5ea3816bd1a8140ee9de8ae300e81526c5483193b5ca2728ee1fff863 claimNumberOnChain=1785055688364962
2026-07-29T10:09:42.216Z OK claim_number=360212 claim_id=7698817d-e04d-4c61-9e01-b43901cf7d56 use=claim fid=FID-20-114807-9 cr=CR1267356048785-7 scheme=SHIF amount=375.00 tx=0x04986fb21b8f85d9b1ef3ba164b6dad440e90ba85da6735b479c5391fc28e54e claimNumberOnChain=1785055688364963
2026-07-29T10:10:06.990Z OK claim_number=360213 claim_id=37fceba3-ccf4-4400-879f-73e886e8f288 use=claim fid=FID-29-117658-4 cr=CR4199394261218-7 scheme=SHIF amount=625.00 tx=0xb964332ffe13e7924e17dffd879c6b886d63c6a220616276a260ed163b692afe claimNumberOnChain=1785055688364964
2026-07-29T10:10:17.448Z OK claim_number=360214 claim_id=e52f5122-af57-4aae-98a2-b1315a59908c use=claim fid=FID-29-117658-4 cr=CR7451031245639-9 scheme=SHIF amount=125.00 tx=0x5ebb4827f1e957c07e9559ca8b20c120a97933c13f33d9221306ddd06df41de0 claimNumberOnChain=1785055688364965
2026-07-29T10:10:37.631Z OK claim_number=360215 claim_id=dd9972d1-ef8e-43e6-85dd-547abf93a9f3 use=claim fid=FID-29-117658-4 cr=CR7400004069070-9 scheme=SHIF amount=100.00 tx=0x93fe07aa095ca0af6f098031000fc15957488194b5dbe39feda0ae53075a64da claimNumberOnChain=1785055688364966
2026-07-29T10:10:48.020Z OK claim_number=360216 claim_id=54b1b1d0-bd99-4c9d-a609-ffd82fd1c32f use=claim fid=FID-20-114807-9 cr=CR0519064677012-2 scheme=SHIF amount=537.50 tx=0x507497663c1ae9c99c11491cf166539fa2bac84d298283b709e5eb2c436a9692 claimNumberOnChain=1785055688364967
2026-07-29T10:11:12.555Z OK claim_number=360217 claim_id=51221179-31e3-4552-8820-d83322853428 use=claim fid=FID-29-117658-4 cr=CR4457080300364-4 scheme=SHIF amount=500.00 tx=0xe25bc952f40d7096c2c06670a916d931bbfe5ad85fa60f020fb57ec136b57d38 claimNumberOnChain=1785055688364968
2026-07-29T10:11:23.046Z OK claim_number=360218 claim_id=e9249fa2-7caf-425a-81e9-9d21591e98ce use=claim fid=FID-29-117658-4 cr=CR0480554297331-1 scheme=SHIF amount=125.00 tx=0x89178a50178259a47138d2be2f375c71558d1ebc17b1cd59d2f708b2f016e5dd claimNumberOnChain=1785055688364969
2026-07-29T10:11:46.964Z OK claim_number=360219 claim_id=9cb8017d-ca2b-4312-bdaa-f3dc32c52777 use=claim fid=FID-29-117658-4 cr=CR9645760706984-8 scheme=SHIF amount=100.00 tx=0xac73584763c956db9e987ecd2522a81a604594b34966117b66546a99a02f7d63 claimNumberOnChain=1785055688364970
2026-07-29T10:11:57.142Z OK claim_number=360220 claim_id=98a26917-b26f-4cf3-ad17-ba73982cacd1 use=claim fid=FID-20-114807-9 cr=CR0074326650307-7 scheme=SHIF amount=125.00 tx=0xb5d409e05ff6a6751a3aa70331276ce1c9f2d5e654a832aca216a21798d30a4e claimNumberOnChain=1785055688364971
2026-07-29T10:12:21.806Z OK claim_number=360221 claim_id=7ebe4b47-1c9c-4423-9009-79888f836074 use=claim fid=FID-29-117658-4 cr=CR9645760706984-8 scheme=SHIF amount=125.00 tx=0x66d6094cf5bfca4ffe58934105dbd45b86cadf888db0b864d2eb5ccad4016299 claimNumberOnChain=1785055688364972
2026-07-29T10:12:32.041Z OK claim_number=360222 claim_id=2dbc92c9-b7bf-425f-950e-80abed6ec1dd use=claim fid=FID-20-114807-9 cr=CR3624270242941-7 scheme=SHIF amount=125.00 tx=0x14d52e212759d5f3c343814433fb096796531da6cfbcd4dcc0c3aa0764e3da8e claimNumberOnChain=1785055688364973
2026-07-29T10:12:56.168Z OK claim_number=360223 claim_id=8b4abe07-9fed-4c69-bdff-187fdc172a2e use=claim fid=FID-29-117658-4 cr=CR7860562929831-4 scheme=SHIF amount=1312.50 tx=0xfd4c722ea2e27ed61e22203e04772ecf6e82e1842097d0eb334b26b62e1635c7 claimNumberOnChain=1785055688364974
2026-07-29T10:13:06.558Z OK claim_number=360224 claim_id=68ae117f-1b1c-46ad-9081-c92ba2dc4cd1 use=claim fid=FID-29-117658-4 cr=CR7860562929831-4 scheme=SHIF amount=218.75 tx=0xa161a3b8441a162ed00a8b0f1f48e051dce5e6d8b7ee2b2bd239d07ef0879225 claimNumberOnChain=1785055688364975
2026-07-29T10:13:16.962Z OK claim_number=360225 claim_id=51cf8106-70ca-4231-a1b9-999ff780471e use=claim fid=FID-29-117658-4 cr=CR7860562929831-4 scheme=SHIF amount=34.40 tx=0x7fd8e6c613ddac8b9e196b4be9f442fe192297af6e4b1a0bb3fc79d1dbb94e50 claimNumberOnChain=1785055688364976
2026-07-29T10:13:27.339Z OK claim_number=360226 claim_id=b0075114-5897-4bb6-9f42-8bd93dd086c7 use=claim fid=FID-20-114807-9 cr=CR2437328583460-0 scheme=SHIF amount=250.00 tx=0xa5cd22ea90596f8d35ff945e68a0604f937967e019ba7b677b05b73d39539d97 claimNumberOnChain=1785055688364977
2026-07-29T10:13:51.854Z OK claim_number=360227 claim_id=743cb8de-0c52-4467-bdd5-cf9e2c982e78 use=claim fid=FID-29-117658-4 cr=CR7860562929831-4 scheme=SHIF amount=1312.50 tx=0x5f324e0c6ad2d10f965380e14a5f9ab8e221112aec41be10b0cd486120d12f27 claimNumberOnChain=1785055688364978
2026-07-29T10:14:02.267Z OK claim_number=360228 claim_id=e9ccad1f-00a5-442c-8abe-1b8d40313f3a use=claim fid=FID-29-117658-4 cr=CR7860562929831-4 scheme=SHIF amount=218.75 tx=0x4c05721f47c9c1bf76244420658524bc1505d48bf1876a237e4317b861f0028d claimNumberOnChain=1785055688364979
2026-07-29T10:14:12.486Z OK claim_number=360229 claim_id=7a1efcf6-2009-4573-95de-d66535037d40 use=claim fid=FID-29-117658-4 cr=CR2673993810837-8 scheme=SHIF amount=125.00 tx=0xb3368eedc08a2608d005d68a3ae54719c874acb73cdf79fe959150d2bf803990 claimNumberOnChain=1785055688364980
2026-07-29T10:14:37.032Z OK claim_number=360230 claim_id=29208cfe-3bf0-4b89-bc45-792416ad1a6b use=claim fid=FID-29-117658-4 cr=CR7860562929831-4 scheme=SHIF amount=34.40 tx=0x4efa440203e62abbd77878da8a4992dbe77830941104a3ac8f51d7d4b11edaef claimNumberOnChain=1785055688364981
2026-07-29T10:14:47.348Z OK claim_number=360231 claim_id=ea45b1fe-8e66-4b25-860f-5abb66f4ec8f use=claim fid=FID-29-117658-4 cr=BZ22334289-0 scheme=SHIF amount=192.64 tx=0xd88a425d649d5d94b6df90084d09f4e244c9c17c99d4bcf9bf786fe2ff180df0 claimNumberOnChain=1785055688364982
2026-07-29T10:14:57.637Z OK claim_number=360232 claim_id=900b1b41-66e6-4620-97b3-28b791e8ee67 use=claim fid=FID-20-114807-9 cr=CR4109496373036-0 scheme=SHIF amount=56450.00 tx=0x36e93c6a445c77a3e3f3f5a361cbd3d119f0f8c4f9160c30636d8cd600f0eeee claimNumberOnChain=1785055688364983
2026-07-29T10:15:22.299Z OK claim_number=360233 claim_id=77fb7267-927d-40df-bb01-08d775597be6 use=claim fid=FID-29-117658-4 cr=BZ22334289-0 scheme=SHIF amount=250.00 tx=0x0c845f1115d7e1bd223c9bba8b92100ef9b21903cd57cadd76dc3741d0b073f3 claimNumberOnChain=1785055688364984
2026-07-29T10:15:32.540Z OK claim_number=360234 claim_id=3dc9a8f6-1eed-4466-aa15-1b089a020eb0 use=claim fid=FID-29-117658-4 cr=CR1719766214618-2 scheme=SHIF amount=125.00 tx=0x547532cbb7d43871a881cdbbde2286f8eef8a58c4dd501c8b5eb14dd721ee062 claimNumberOnChain=1785055688364985
2026-07-29T10:15:57.095Z OK claim_number=360235 claim_id=10de640c-b972-4450-82cc-f113b9fedde8 use=claim fid=FID-29-117658-4 cr=BZ22334289-0 scheme=SHIF amount=192.64 tx=0xda41e22313e207bac2109d1487531ae729f6b2d2a88710620c7c7643292b8529 claimNumberOnChain=1785055688364986
2026-07-29T10:16:07.365Z OK claim_number=360236 claim_id=16431751-e68e-4b73-9608-ac91bb604bea use=claim fid=FID-29-117658-4 cr=BZ22334289-0 scheme=SHIF amount=250.00 tx=0xa135d115d019ed5add187fb7e6bcd3c7f65d8447dc9a62c261fe40f1c741681a claimNumberOnChain=1785055688364987
2026-07-29T10:16:17.665Z OK claim_number=360237 claim_id=9560c546-d2d0-4e26-a6bf-d3e5bc777961 use=claim fid=FID-20-114807-9 cr=CR8786963917800-2 scheme=SHIF amount=2468.75 tx=0x8f7c7f0e2f99eee1465b0a9095fce83a9bff8a6c35304d296d85f6b9363f4274 claimNumberOnChain=1785055688364988
2026-07-29T10:16:41.769Z OK claim_number=360238 claim_id=7bccf320-be0b-4e1e-a96e-00d0d8f378ed use=claim fid=FID-29-117658-4 cr=BZ22334289-0 scheme=SHIF amount=192.64 tx=0xdf4f5d96d522cf5fcd96fc174d971b52cd8a919383614dd0b80ff7a2b8f13c79 claimNumberOnChain=1785055688364989
2026-07-29T10:16:52.054Z OK claim_number=360239 claim_id=fffc1b9e-5b7c-4e21-832c-5150f8d9289a use=claim fid=FID-29-117658-4 cr=BZ22334289-0 scheme=SHIF amount=250.00 tx=0x29053457a85809d60e6f67abab5a4fe751a2d24f177f3e64c3be8158cc8ef35e claimNumberOnChain=1785055688364990
2026-07-29T10:17:02.201Z OK claim_number=360240 claim_id=7f8adf5e-8094-4b32-bb94-b83d33e6e1cf use=claim fid=FID-20-114807-9 cr=CR2392159441493-5 scheme=SHIF amount=1250.00 tx=0x3fb5b4f45a0bb1a0bec5a296b57bd80de857ea0d3df5547a9994745b3813324e claimNumberOnChain=1785055688364991
2026-07-29T10:17:26.991Z OK claim_number=360241 claim_id=d9b7fbd5-02a1-4c0a-94a4-e7d63e0411dd use=claim fid=FID-29-117658-4 cr=BZ22334289-0 scheme=SHIF amount=192.64 tx=0x0f0b6f2fd24921fd07e9a0ca77015a532359e8d191ed9426858305b118c67445 claimNumberOnChain=1785055688364992
2026-07-29T10:17:37.637Z OK claim_number=360242 claim_id=d1c7fded-1628-45c0-a94e-656488915da5 use=claim fid=FID-29-117658-4 cr=BZ22334289-0 scheme=SHIF amount=250.00 tx=0xa68d718e0481a611dcf37cf24c7c9e127333418d4e385edb2ef7cf3a2880d09c claimNumberOnChain=1785055688364993
2026-07-29T10:17:48.222Z OK claim_number=360243 claim_id=c74dbaf5-5d52-41e3-b549-b0c961726b10 use=claim fid=FID-20-114807-9 cr=CR1595955808041-7 scheme=SHIF amount=125.00 tx=0xca6c4078de308f7819d11bd0d10ae42bba3c469c2e7af490a16b1346a88b5694 claimNumberOnChain=1785055688364994
2026-07-29T10:18:10.018Z OK claim_number=360244 claim_id=b3f25f68-0e37-4715-a90f-6a4505f3d4e7 use=claim fid=FID-29-117658-4 cr=BZ22334289-0 scheme=SHIF amount=192.64 tx=0xfe8b79be7ba774bb693477702b55eac03f511bddc324025fb444ca4c20f31b3b claimNumberOnChain=1785055688364995
2026-07-29T10:18:20.187Z OK claim_number=360245 claim_id=a964e855-dad0-4b86-8109-91ba467509de use=claim fid=FID-29-117658-4 cr=BZ22334289-0 scheme=SHIF amount=250.00 tx=0xa704b46a1c03fd699eabf15161d9e8db2d9ef07dad2b9ca0ec35bf6c44e781c8 claimNumberOnChain=1785055688364996
2026-07-29T10:18:30.427Z OK claim_number=360246 claim_id=ffd1f4e7-5337-4a05-93d7-be726ca0727d use=claim fid=FID-20-114807-9 cr=CR2044179501777-8 scheme=SHIF amount=250.00 tx=0x701b3cc7e0054877914aa98bdc1ce0f8f9732a8d3eb132bc3fe52f69fd3da9f7 claimNumberOnChain=1785055688364997
2026-07-29T10:18:55.390Z OK claim_number=360247 claim_id=6c61a301-dd80-4251-abf5-87fe4c7938c5 use=claim fid=FID-29-117658-4 cr=BZ22334289-0 scheme=SHIF amount=192.64 tx=0x76c8a3395d5d521a0aedd6acc484ab7ef0bf80bade675354b3836b870bde7133 claimNumberOnChain=1785055688364998
2026-07-29T10:19:05.718Z OK claim_number=360248 claim_id=d63af026-1950-40fb-a51a-218731e27769 use=claim fid=FID-29-117658-4 cr=BZ22334289-0 scheme=SHIF amount=250.00 tx=0xd64b9876bf882c6138cb9281763e9bf8b982954ba2b6e0a10bcaa2124ec7ee44 claimNumberOnChain=1785055688364999
2026-07-29T10:19:15.892Z OK claim_number=360249 claim_id=543d32e6-d2c8-4829-b500-f6e86eed2a56 use=claim fid=FID-29-117658-4 cr=CR9930952368769-9 scheme=SHIF amount=125.00 tx=0x8ec8acd676e2fc2a185da5554b08203e8e2faea242969d439e718f2ad1c044d4 claimNumberOnChain=1785055688365000
2026-07-29T10:19:40.139Z OK claim_number=360250 claim_id=3fac12e2-030e-4b7d-bab0-61be2b3afb8f use=claim fid=FID-29-117658-4 cr=BZ22334289-0 scheme=SHIF amount=192.64 tx=0xf254d4123ec46d640735ed8cc227c1400f9e3729fa24437299efd19103b9884d claimNumberOnChain=1785055688365001
2026-07-29T10:19:50.711Z OK claim_number=360251 claim_id=1831c679-6b5d-40f3-a892-b65a2b85b9ce use=claim fid=FID-20-114807-9 cr=CR1616154421884-2 scheme=SHIF amount=250.00 tx=0x2d039d22935059833722b42bbdee2165a20c37066d6331b28f4f1ff930a8cdd6 claimNumberOnChain=1785055688365002
2026-07-29T10:20:10.715Z OK claim_number=360252 claim_id=22207485-d4c4-4cae-a0f6-89402639b57e use=claim fid=FID-29-117658-4 cr=BZ22334289-0 scheme=SHIF amount=250.00 tx=0xf07c0afaa4df01b61420a74d3fe6454a87f0b6d71f847c090a961f132e06c546 claimNumberOnChain=1785055688365003
2026-07-29T10:20:21.085Z OK claim_number=360253 claim_id=7ba53817-bcfc-4892-a4a7-675fcacfa508 use=claim fid=FID-29-117658-4 cr=BZ30970942-6 scheme=SHIF amount=625.00 tx=0xeb79fd822ddfadee739d25e3ac115dd3096131c878472cafca739862aca4f332 claimNumberOnChain=1785055688365004
2026-07-29T10:20:31.416Z OK claim_number=360254 claim_id=786c5560-5c1f-4a1b-916a-edb4096137d0 use=claim fid=FID-20-114807-9 cr=CR2407980294635-1 scheme=SHIF amount=250.00 tx=0x17a55dba15f0debcc30f010d1a458ef6bc91e5f9c38cd461ade22dab60af5c9b claimNumberOnChain=1785055688365005
2026-07-29T10:20:55.712Z OK claim_number=360255 claim_id=ea09cd6b-6fc2-499f-9d67-a33e70318a01 use=claim fid=FID-20-114807-9 cr=CR4494244005692-3 scheme=SHIF amount=478.20 tx=0xbd36ae80f22bd93bfc99fe37a60de5d31c930c0195ae1657ebf3ad265450387f claimNumberOnChain=1785055688365006
2026-07-29T10:21:37.412Z OK claim_number=360256 claim_id=6e6ae721-3393-4ba1-9798-fd334f2cac9a use=claim fid=FID-29-117658-4 cr=CR7860562929831-4 scheme=SHIF amount=1500.00 tx=0x9ccc34443662f97cb3435489a2a0d4b9adf5effd3a8adcaf550fc329cb3375ef claimNumberOnChain=1785055688365007
2026-07-29T10:21:47.642Z OK claim_number=360257 claim_id=951e7241-8732-48c7-b43b-7bb2a5aeded2 use=claim fid=FID-20-114807-9 cr=CR8927042400431-3 scheme=SHIF amount=750.00 tx=0x1c0f3d031b70f1a39e32e278d458472b91fbb0ff34b01420c52b094ffc16dc7f claimNumberOnChain=1785055688365008
2026-07-29T10:22:11.856Z SKIP claim_number=360258 claim_id=bfef1753-453f-4537-a80a-49b570243094 reason=zero_amount claimed_total_raw=0.00
2026-07-29T10:22:11.864Z OK claim_number=360259 claim_id=d4edc046-d995-495b-9fba-1ec23fdcf4ce use=claim fid=FID-29-117658-4 cr=CR9645760706984-8 scheme=SHIF amount=250.00 tx=0x9e7c9b2fc7aa51bba3f99664579ba27b31ac8f24206adcc998dfaaf4b0364b7b claimNumberOnChain=1785055688365009
2026-07-29T10:22:22.106Z OK claim_number=360260 claim_id=d6f6a674-6def-4c3d-82a9-00e29cf072e1 use=claim fid=FID-29-117658-4 cr=CR2117290036890-0 scheme=SHIF amount=125.00 tx=0xfe1fef1efdb34f5e0a4968199798bcb1e2b9de7879874634dfff353ec9e9db2a claimNumberOnChain=1785055688365010
2026-07-29T10:22:46.214Z OK claim_number=360261 claim_id=26e05422-e197-492d-b803-7bcbb48ad05d use=claim fid=FID-29-117658-4 cr=CR9645760706984-8 scheme=SHIF amount=250.00 tx=0x042892179c6af5227fd9dc4133c52004326b0437e2ff587f13b924e3e753f6a7 claimNumberOnChain=1785055688365011
2026-07-29T10:22:56.411Z OK claim_number=360262 claim_id=212468fe-44b3-460e-b287-92f84b78827a use=claim fid=FID-20-114807-9 cr=CR1567371296161-6 scheme=SHIF amount=125.00 tx=0x02ae291bd69f5d2e571f4352cf9a4bc657b1657d3780db6b56d187b737fecf76 claimNumberOnChain=1785055688365012
2026-07-29T10:23:21.338Z OK claim_number=360263 claim_id=df07170a-40bf-4f2e-a409-3e901e5dc94d use=claim fid=FID-29-117658-4 cr=BZ29728796-3 scheme=SHIF amount=100.00 tx=0xddf9a9cab9336c2c5755b9a0bd58a0853db9391b9ee2313bb7853e362bf14891 claimNumberOnChain=1785055688365013
2026-07-29T10:23:31.642Z OK claim_number=360264 claim_id=6effb8b8-9058-4101-b09d-6ed5da0084f7 use=claim fid=FID-29-117658-4 cr=CR4166847644328-8 scheme=SHIF amount=125.00 tx=0xfe1248b9473193d72a29b5c6d39ba428a23b096cc03504048a7e7458433e047c claimNumberOnChain=1785055688365014
2026-07-29T10:23:56.529Z OK claim_number=360265 claim_id=f2fc5eaf-d2ac-4909-b0b3-0d790c120b83 use=claim fid=FID-29-117658-4 cr=CR7400004069070-9 scheme=SHIF amount=250.00 tx=0xeec359c96841cc3383025e1ab94bfb1da6a886cc26282d9260d5234eba6f230c claimNumberOnChain=1785055688365015
2026-07-29T10:24:06.747Z OK claim_number=360266 claim_id=c06a533c-3042-48f0-9320-5d600d8a5bfa use=claim fid=FID-29-117658-4 cr=CR7400004069070-9 scheme=SHIF amount=250.00 tx=0xc1594af15798ce1a6145193b28e6ff20bdc9ad01d139033ea45b3000d40cced3 claimNumberOnChain=1785055688365016
2026-07-29T10:24:16.937Z OK claim_number=360267 claim_id=bf46d002-d6f5-45e3-9d77-4dbf962d5198 use=claim fid=FID-29-117658-4 cr=CR9057022761732-9 scheme=SHIF amount=125.00 tx=0x897cabc0f737c15da385a2a204cc78c32a2fbdef3e674225ca743e51d2572519 claimNumberOnChain=1785055688365017
2026-07-29T10:24:41.649Z OK claim_number=360268 claim_id=b1d8660d-a432-4efb-8263-b74695769398 use=claim fid=FID-29-117658-4 cr=CR7400004069070-9 scheme=SHIF amount=375.00 tx=0xa18b72701ab837239cd2adae5aba2f09ffe55eb935c6df6977098785887418f4 claimNumberOnChain=1785055688365018
2026-07-29T10:24:52.002Z OK claim_number=360269 claim_id=b82208e7-1fdb-4fa7-a2ae-6a8fc6080d02 use=claim fid=FID-29-117658-4 cr=CR7400004069070-9 scheme=SHIF amount=250.00 tx=0x5b8d346517951da2617ae3120f0712b24a0fddb0e202e8ea3d9c8fcf29823419 claimNumberOnChain=1785055688365019
2026-07-29T10:25:02.414Z OK claim_number=360270 claim_id=6996a6eb-d353-4968-8ad9-6c40a4bb9887 use=claim fid=FID-20-114807-9 cr=CR2760305745902-1 scheme=SHIF amount=125.00 tx=0x64f41cd499c4a59345ad49c1bb11b659d5e03429315af9da842f3c1336f30b15 claimNumberOnChain=1785055688365020
2026-07-29T10:25:26.613Z OK claim_number=360271 claim_id=bbf3cdc2-67ff-43f3-a6a7-a5ce30135b42 use=claim fid=FID-29-117658-4 cr=CR7400004069070-9 scheme=SHIF amount=250.00 tx=0x14458ee66a055455b9e70cfc0571293863e285dc8f92d3813cde88719adba486 claimNumberOnChain=1785055688365021
2026-07-29T10:25:37.023Z OK claim_number=360272 claim_id=9c31ecc5-1fc0-4365-aba1-584aa1a46dab use=claim fid=FID-29-117658-4 cr=CR7400004069070-9 scheme=SHIF amount=375.00 tx=0x628012885ec8638d5fac1bcfd24bab340b323fe1cf526cd9eb72b7e3b3d6f9a9 claimNumberOnChain=1785055688365022
2026-07-29T10:25:47.323Z OK claim_number=360273 claim_id=95e4bb4a-dcbb-4abc-8ae7-8df678aed202 use=claim fid=FID-20-114807-9 cr=CR4391983646490-4 scheme=SHIF amount=750.00 tx=0x22f90ec88463cb79875c1f4ed042df592c207fb7da3c3230cdc10fd1d66c5061 claimNumberOnChain=1785055688365023
2026-07-29T10:26:11.961Z OK claim_number=360274 claim_id=c8db25bc-c448-4122-b20f-e08a58a85ef2 use=claim fid=FID-29-117658-4 cr=CR2160817833121-1 scheme=SHIF amount=100.00 tx=0x5614573031ece7c341ae339edbdc698e81ccf5c306967cf5b320b2c3074befde claimNumberOnChain=1785055688365024
2026-07-29T10:26:22.253Z OK claim_number=360275 claim_id=6ee16618-0e4d-4281-98ce-7a13cf0738e3 use=claim fid=FID-20-114807-9 cr=CR6362958052556-1 scheme=SHIF amount=306.25 tx=0x5064ce4f0099f33a7b92961e3afa2b704ae3552d0901eee6f82cc46ea1b87c62 claimNumberOnChain=1785055688365025
2026-07-29T10:26:46.806Z OK claim_number=360276 claim_id=b70240e2-99a5-4ef7-b2d6-dcfa33157e02 use=claim fid=FID-29-117658-4 cr=CR7400004069070-9 scheme=SHIF amount=100.00 tx=0x8305fa10f98fb4792847b2a3db1a3d4b666d6862554e4ffb476098b919c2ac05 claimNumberOnChain=1785055688365026
2026-07-29T10:26:57.136Z OK claim_number=360277 claim_id=1dab23da-3258-4e31-9e86-5b046b4e96cc use=claim fid=FID-29-117658-4 cr=CR7434316006901-9 scheme=SHIF amount=125.00 tx=0x8f995ee58deb02dfcc6ef76f8b6a3d1f81b37dd3f00c9bdbd68778d292ce92ce claimNumberOnChain=1785055688365027
2026-07-29T10:27:21.649Z OK claim_number=360278 claim_id=059fe364-ed58-46d5-a05c-cec3a8169943 use=claim fid=FID-29-117658-4 cr=CR7400004069070-9 scheme=SHIF amount=100.00 tx=0xa9f2498cab9748ef2aa7e5a1ad76328139aae82c236c2d4d780394290a49e545 claimNumberOnChain=1785055688365028
2026-07-29T10:27:32.198Z OK claim_number=360279 claim_id=b2428a7e-45f2-41c7-aace-dc6693b47dd4 use=claim fid=FID-29-117658-4 cr=CR6324375703909-9 scheme=SHIF amount=125.00 tx=0xdfbe72bc2179a78349073026a8e31c1f79e3e0bfc6d6859daa58020dc81db0b4 claimNumberOnChain=1785055688365029
2026-07-29T10:27:57.104Z OK claim_number=360280 claim_id=269db9d0-4990-4c7b-83f0-f5dfb266ab33 use=claim fid=FID-29-117658-4 cr=CR2160817833121-1 scheme=SHIF amount=100.00 tx=0x767488d7cca2685ed716a9a2e5093e04d1f3c00ca3b1541d2c8ccdbb31d51fb8 claimNumberOnChain=1785055688365030
2026-07-29T10:28:06.614Z OK claim_number=360281 claim_id=f456fee8-9cc5-4397-961c-5e08d680fd54 use=claim fid=FID-29-117658-4 cr=CR8477421133414-3 scheme=SHIF amount=125.00 tx=0xfc0012865f3018b6792196994020087f6e132a482c4bb1da50f1ad72952c983f claimNumberOnChain=1785055688365031
2026-07-29T10:28:31.217Z SKIP claim_number=360282 claim_id=a4952a32-e2d9-4a50-8b2a-af634bde308d reason=zero_amount claimed_total_raw=0.00
2026-07-29T10:28:31.221Z OK claim_number=360283 claim_id=57e6f606-3dc8-4a75-b3e8-4b23797b2759 use=claim fid=FID-20-114807-9 cr=CR8985120914706-0 scheme=SHIF amount=11636.25 tx=0xe2c8613a46daedc1f2d3b4bfa2094fe642679e22ef5f7952dfe813db613d9302 claimNumberOnChain=1785055688365032
2026-07-29T10:28:56.102Z OK claim_number=360284 claim_id=aff55439-b205-48da-a47d-0350b27e3253 use=claim fid=FID-29-117658-4 cr=CR5749088994631-5 scheme=SHIF amount=100.00 tx=0x78857b1330963a8281383627cc3e3b2e2de31f2d05307fb9e74499531b8c67c9 claimNumberOnChain=1785055688365033
2026-07-29T10:29:06.447Z OK claim_number=360285 claim_id=bba1f5c0-dc92-4482-92b8-15d77e0cf264 use=claim fid=FID-29-117658-4 cr=CR9485911254636-2 scheme=SHIF amount=125.00 tx=0x3527b0a6afd6caccbc691576d60a915139ec0b64183e6eeceea4559197d2668c claimNumberOnChain=1785055688365034
2026-07-29T10:29:31.080Z OK claim_number=360286 claim_id=b054cbdb-2b18-40fb-8f29-3eb023394b1c use=claim fid=FID-29-117658-4 cr=CR4904944877318-9 scheme=SHIF amount=100.00 tx=0x36ab00e9996696eb53338b04be76374d6964ac08ea148173b49021ac71489027 claimNumberOnChain=1785055688365035
2026-07-29T10:29:41.518Z OK claim_number=360287 claim_id=cb4399e8-3ea9-4477-a563-e976b9037e4a use=claim fid=FID-29-117658-4 cr=CR6670982442394-3 scheme=SHIF amount=125.00 tx=0x3ee9f2f7f1ef2d92ae40ad6d80dd9816d4c03bcb6378fd628d571565d57e3b71 claimNumberOnChain=1785055688365036
2026-07-29T10:30:05.909Z OK claim_number=360288 claim_id=fbddfd67-264a-436d-80ec-0322c612d6be use=claim fid=FID-29-117658-4 cr=CR7400004069070-9 scheme=SHIF amount=100.00 tx=0x98529d1da063926f4008a72bdec73c2508da91e5c32ba7e4aaa900650aeb6f16 claimNumberOnChain=1785055688365037
2026-07-29T10:30:16.310Z OK claim_number=360289 claim_id=c14e6e8e-6bf9-4625-ac73-cec0d6077be7 use=claim fid=FID-29-117658-4 cr=CR8727405005556-7 scheme=SHIF amount=625.00 tx=0xc9d348aebbbf25a20df51c98d713186d51d5b2946a45c5a147f9aee32ffe9809 claimNumberOnChain=1785055688365038
2026-07-29T10:30:26.500Z OK claim_number=360290 claim_id=46dca2fe-c03b-47e7-b21d-bd5523327f40 use=claim fid=FID-20-114807-9 cr=CR8562721543264-5 scheme=SHIF amount=250.00 tx=0x5bdcea3aecbf9a82e61627cae4a71e527cb7cff0c94502b2b60fd0a37827e235 claimNumberOnChain=1785055688365039
2026-07-29T10:30:50.969Z OK claim_number=360291 claim_id=9da73c32-4278-46ec-9f46-bd1728b112f1 use=claim fid=FID-29-117658-4 cr=CR9632014927825-3 scheme=SHIF amount=125.00 tx=0x42d7aaf8b386753c8c591ac9105ee1340ad13164561f1bf52b9e341dfee21d24 claimNumberOnChain=1785055688365040
2026-07-29T10:31:15.187Z OK claim_number=360292 claim_id=ba0234df-89b3-4aa6-816d-85fbcf6dd5af use=claim fid=FID-29-117658-4 cr=CR4686598781823-1 scheme=SHIF amount=46.95 tx=0x410b448c7a79c980e9173e703f27dc2965c521de58e90d8b6c5c36a94cfbd1e2 claimNumberOnChain=1785055688365041
2026-07-29T10:31:25.386Z OK claim_number=360293 claim_id=e21bbce5-1efe-4264-bdde-109e7dddf321 use=claim fid=FID-29-117658-4 cr=CR4686598781823-1 scheme=SHIF amount=87.50 tx=0x02be97e735ebd639e7a8d2811e20142f8e1bd8bd2038428cd851d54c0ed8eeac claimNumberOnChain=1785055688365042
2026-07-29T10:31:35.781Z OK claim_number=360294 claim_id=eee2944e-dd13-4425-9cf7-e582e41e5294 use=claim fid=FID-29-117658-4 cr=CR3513485263061-6 scheme=SHIF amount=125.00 tx=0xbc6f555bb98778d2b1c93d7f051a83d16ea0d081e679e5743415fd367ee184ec claimNumberOnChain=1785055688365043
2026-07-29T10:32:00.247Z OK claim_number=360295 claim_id=c6f32db2-26e0-49e8-b24d-6975b617d6ef use=claim fid=FID-29-117658-4 cr=CR4686598781823-1 scheme=SHIF amount=46.95 tx=0xfe502d6be3725811f0508461aec72a713c79e1e5fd4f545283919304b41d4b7f claimNumberOnChain=1785055688365044
2026-07-29T10:32:10.695Z OK claim_number=360296 claim_id=681b9c4a-0c49-4a51-8bc5-e37402c551ab use=claim fid=FID-29-117658-4 cr=CR1496322201557-8 scheme=SHIF amount=125.00 tx=0x1306cf1c7d91d202e0285344ee2f493d7bee55b0b726be66601349d01d2f5b4c claimNumberOnChain=1785055688365045
2026-07-29T10:32:35.365Z OK claim_number=360297 claim_id=d4e3f11d-c352-48db-8adc-2f6848d052db use=claim fid=FID-29-117658-4 cr=CR4686598781823-1 scheme=SHIF amount=87.50 tx=0x6af6ceedb5bc7b955df00ffbe3202c9edae2685feed76c1631632b76d1ab2b0a claimNumberOnChain=1785055688365046
2026-07-29T10:32:45.692Z OK claim_number=360298 claim_id=45fc8118-d5df-44f4-a7ed-d1033e4f2ebf use=claim fid=FID-29-117658-4 cr=CR4686598781823-1 scheme=SHIF amount=46.95 tx=0x659ad3199b1a65a05ffe068784afe7ce4f06aa3c3bc55d390c06ae6e8b65a8bf claimNumberOnChain=1785055688365047
2026-07-29T10:32:56.139Z OK claim_number=360299 claim_id=af5c2a8d-3c65-44e3-8529-9a0a4b36a954 use=claim fid=FID-29-117658-4 cr=CR5059349565449-1 scheme=SHIF amount=125.00 tx=0x1ffaa2065a951e8655a4ee1883accbd00e9991ec6c94a53018ed213c43a34822 claimNumberOnChain=1785055688365048
2026-07-29T10:33:20.519Z OK claim_number=360300 claim_id=f65ac003-c510-4cf6-a310-ffb18df15e80 use=claim fid=FID-29-117658-4 cr=CR4686598781823-1 scheme=SHIF amount=87.50 tx=0xec93caaae6f54eea5cab984d5fb05368a71b3e8007006815eaa0107614e3de1f claimNumberOnChain=1785055688365049
2026-07-29T10:33:30.782Z OK claim_number=360301 claim_id=c686d0f4-dba5-47c4-8dbc-473e0c5efd20 use=claim fid=FID-29-117658-4 cr=CR4686598781823-1 scheme=SHIF amount=46.95 tx=0x3c01bc1f19ea1c98af74bf65e9f5ab65b03c05d373c8294c98f2403a92cefcfc claimNumberOnChain=1785055688365050
2026-07-29T10:33:41.231Z OK claim_number=360302 claim_id=991993ab-a8de-4468-b1bf-1fd17b067e52 use=claim fid=FID-20-114807-9 cr=CR0875768907864-2 scheme=SHIF amount=1435.24 tx=0x0f3b325f6d5998807e22a0e45045d8cf6707bdcf335fb3bc675ab11b721e6fa9 claimNumberOnChain=1785055688365051
2026-07-29T10:34:05.898Z OK claim_number=360303 claim_id=f6338b40-4f9e-400e-a49c-0c7d688d5879 use=claim fid=FID-29-117658-4 cr=CR4686598781823-1 scheme=SHIF amount=87.50 tx=0x4c7a188e370debc2a65f9e83d596e45ac37a5d12f5ea9f8e2a7064219be46662 claimNumberOnChain=1785055688365052
2026-07-29T10:34:16.131Z OK claim_number=360304 claim_id=d1403e44-a449-475c-b54e-c566b97a5d26 use=claim fid=FID-20-114807-9 cr=CR2841713005780-4 scheme=SHIF amount=250.00 tx=0x012e68c02fb34ff8f4c04d4d2033cc712471011da2f85a66b90b0f25947f773f claimNumberOnChain=1785055688365053
2026-07-29T10:34:40.011Z OK claim_number=360305 claim_id=a54a4972-8c25-40cd-9d91-476ffbd3b717 use=claim fid=FID-29-117658-4 cr=CR4686598781823-1 scheme=SHIF amount=46.95 tx=0x44d8c388ea145c5453961bd5178872cad4b9db5015f04430b36dad38c163dd34 claimNumberOnChain=1785055688365054
2026-07-29T10:34:50.691Z OK claim_number=360306 claim_id=f171ef35-776d-4d95-b1b7-48837a056aa3 use=claim fid=FID-29-117658-4 cr=CR4686598781823-1 scheme=SHIF amount=87.50 tx=0xf74a2214d283c67f9f5940b4e9c2517333681a8aff855c62250a72c1cf910bcd claimNumberOnChain=1785055688365055
2026-07-29T10:34:59.888Z OK claim_number=360307 claim_id=a23592e8-94a5-49d7-8512-a60944adcff0 use=claim fid=FID-29-117658-4 cr=CR4686598781823-1 scheme=SHIF amount=46.95 tx=0xb859ff00db28c48d079d311d6c3dc18ca346d763eee621508e0f99bb96aa677e claimNumberOnChain=1785055688365056
2026-07-29T10:35:10.133Z OK claim_number=360308 claim_id=da50e442-e207-4078-b943-4714b05770de use=claim fid=FID-29-117658-4 cr=CR7020450180975-8 scheme=SHIF amount=125.00 tx=0x0aab57584b5b07bbca95de224817becfb3c0b9d406868a84d947a6558b76be31 claimNumberOnChain=1785055688365057
2026-07-29T10:35:34.313Z OK claim_number=360309 claim_id=b79a6992-e387-4207-b71c-f0e008c403d0 use=claim fid=FID-29-117658-4 cr=CR4686598781823-1 scheme=SHIF amount=87.50 tx=0x159b8664c545d31efa8cc7581a5d0c94d6a977dc110880ceddc6ca3ebe4cc3de claimNumberOnChain=1785055688365058
2026-07-29T10:35:44.582Z OK claim_number=360310 claim_id=55189909-e339-4e11-bc81-3f38ccedde04 use=claim fid=FID-29-117658-4 cr=CR0952092393418-9 scheme=SHIF amount=125.00 tx=0x5a653c2d77d7f92be1c5a9016dee27ca365e02d301687d7a2f2c8b7b43785b55 claimNumberOnChain=1785055688365060
2026-07-29T10:36:18.392Z OK claim_number=360311 claim_id=cb021094-eef5-464e-aeee-311a84d2c49f use=claim fid=FID-29-117658-4 cr=CR4686598781823-1 scheme=SHIF amount=46.95 tx=0x256097e6c4a1ac721449b131d9901d1ee621d770d204286aac6e93fcd83325e0 claimNumberOnChain=1785055688365062
2026-07-29T10:36:37.678Z OK claim_number=360312 claim_id=300d62ae-ac05-4483-a00b-bebc3ffb7cbc use=claim fid=FID-29-117658-4 cr=CR4686598781823-1 scheme=SHIF amount=87.50 tx=0xcd06928120bec57a509beee43b7f2389bd60ab14402e02bee1e84302899755de claimNumberOnChain=1785055688365063
2026-07-29T10:36:47.954Z OK claim_number=360313 claim_id=3d4fb2f6-7b70-46c3-9e52-9d9cc7ca0e51 use=claim fid=FID-20-114807-9 cr=CR2860878362055-5 scheme=SHIF amount=250.00 tx=0xf5134f31297a5b7f5122e6bcf503889bcf15c12a1ad2c884ac83868eb0c36a1c claimNumberOnChain=1785055688365064
2026-07-29T10:37:14.876Z OK claim_number=360314 claim_id=bf02c334-7ac7-40f3-97d9-4a60dc208205 use=claim fid=FID-29-117658-4 cr=CR8727405005556-7 scheme=SHIF amount=100.00 tx=0xabc2c50c144aa21d86c50ef4f50a1d40c2c2b5420520740fdd236251c6f96c1d claimNumberOnChain=1785055688365066
2026-07-29T10:37:34.319Z OK claim_number=360315 claim_id=935d7963-763b-48fd-8bd3-88c87250bd2e use=claim fid=FID-29-117658-4 cr=BZ29728796-3 scheme=SHIF amount=625.00 tx=0xbc63b79c414a82e384b2fe1ff909203f179af3728578781538e1f3beb0056ff2 claimNumberOnChain=1785055688365067
2026-07-29T10:37:44.613Z OK claim_number=360316 claim_id=120ed372-a2f3-46b0-9624-b6c1c65f9285 use=claim fid=FID-29-117658-4 cr=CR9251663881919-2 scheme=SHIF amount=125.00 tx=0xe727b6e76004f89317c6aa33fe97af7f1e39f0d539f37e15e861fdbe8f5791e5 claimNumberOnChain=1785055688365068
2026-07-29T10:38:08.987Z OK claim_number=360317 claim_id=738d7890-798a-4b76-a50c-7e2003c20bc7 use=claim fid=FID-29-117658-4 cr=CR6509895938248-3 scheme=SHIF amount=100.00 tx=0x2f0308b4402349ebf38420c4ce3a1727ee5673b3b1b422da241cfd231e0dbef7 claimNumberOnChain=1785055688365069
2026-07-29T10:38:19.195Z OK claim_number=360318 claim_id=7bb1a8a7-7a89-4d27-914c-47b79928fbb2 use=claim fid=FID-29-117658-4 cr=CR6914430750270-7 scheme=SHIF amount=125.00 tx=0x7b8d408cb11e48e5d11cd677752715e693f6cca9eddf65bdbeadf75b81bb683b claimNumberOnChain=1785055688365071
2026-07-29T10:38:53.253Z OK claim_number=360319 claim_id=e01a58a7-9320-4d9f-bda5-2b6e79ad92fe use=claim fid=FID-29-117658-4 cr=CR4686598781823-1 scheme=SHIF amount=46.95 tx=0xe1bdab77758622251d5f430d4089a51b815999e0277bf404e212cdffd5de77a1 claimNumberOnChain=1785055688365072
2026-07-29T10:39:03.551Z OK claim_number=360320 claim_id=7baf4761-5c90-4489-a4dd-46fb787bfb07 use=claim fid=FID-29-117658-4 cr=CR6963070613541-2 scheme=SHIF amount=125.00 tx=0xc09f52cd9a9496deedd3b8d7bafa6493c81894c4d0918e3c1acfbb1c9199615c claimNumberOnChain=1785055688365073
2026-07-29T10:39:27.962Z OK claim_number=360321 claim_id=3099e70d-3879-4c9a-bb50-29492291b512 use=claim fid=FID-29-117658-4 cr=CR4686598781823-1 scheme=SHIF amount=87.50 tx=0x9083e769e89665d86afda21532e26c4120a84315a4d5579b3da1a4e0c9d44961 claimNumberOnChain=1785055688365074
2026-07-29T10:39:38.209Z OK claim_number=360322 claim_id=7a3b69ba-5a30-443c-8507-0ab378a213af use=claim fid=FID-29-117658-4 cr=CR4686598781823-1 scheme=SHIF amount=46.95 tx=0x9fc5c8d45535cd56e4cbf77979eaa4ceab8bd3ef4c070150e859936cec7a373f claimNumberOnChain=1785055688365075
2026-07-29T10:39:48.555Z OK claim_number=360323 claim_id=00df4734-9d04-4f7d-afcc-e59f0cb94364 use=claim fid=FID-20-114807-9 cr=CR6932244379468-1 scheme=SHIF amount=125.00 tx=0x761b0f1c105bc7ebfbf0b5b823bac7151d6414b0371a0305da24c42b0700e8c5 claimNumberOnChain=1785055688365077
2026-07-29T10:40:21.768Z OK claim_number=360324 claim_id=4d0efda7-0fdd-4d9f-b92e-471e03bf30aa use=claim fid=FID-29-117658-4 cr=CR4686598781823-1 scheme=SHIF amount=87.50 tx=0x7ef64d0c77bcab75716f0f59178f699e10a6b9f307553f6aa36107c9178994fe claimNumberOnChain=1785055688365079
2026-07-29T10:40:41.205Z OK claim_number=360325 claim_id=15f48d6c-93a1-48d1-b692-23aa066e9085 use=claim fid=FID-20-114807-9 cr=CR8808316604461-6 scheme=SHIF amount=125.00 tx=0x1b23de5073ac441f608e2bec772987f2aa55da03a3d953286962595f7211bc35 claimNumberOnChain=1785055688365081
2026-07-29T10:41:15.126Z OK claim_number=360326 claim_id=5799cf1e-4823-46b6-b448-0c9a01e5d6ad use=claim fid=FID-29-117658-4 cr=CR4686598781823-1 scheme=SHIF amount=46.95 tx=0xd661e8bf20aa65c32ecc8363c1e4ee716038769293db9952eb65c79e2f6de99c claimNumberOnChain=1785055688365082
2026-07-29T10:41:25.494Z OK claim_number=360327 claim_id=0a60fbb7-446c-424b-a13a-a59d1935c387 use=claim fid=FID-29-117658-4 cr=CR4686598781823-1 scheme=SHIF amount=87.50 tx=0x8b1c6709e327ea7fc88081ce0feba6934b4b7349ad50fbe551bd26d6486afe8c claimNumberOnChain=1785055688365083
2026-07-29T10:41:35.921Z OK claim_number=360328 claim_id=600c6969-506a-44e5-aa98-345d34542835 use=claim fid=FID-20-114807-9 cr=CR2011247088325-1 scheme=SHIF amount=250.00 tx=0x8d5c2ece21cdfef4e9c5035815dabb8256fac83f3389ef896cc58ec4ff09ddc9 claimNumberOnChain=1785055688365084
2026-07-29T10:42:00.307Z OK claim_number=360329 claim_id=474c1adb-c1ef-473d-a23f-43fdd3e38eb6 use=claim fid=FID-29-117658-4 cr=CR4686598781823-1 scheme=SHIF amount=46.95 tx=0x6f389d3f8566fa224b2eba7ce2ae45df691c62fbc632cfb8243af7ffc25c0fbc claimNumberOnChain=1785055688365086
2026-07-29T10:42:19.577Z OK claim_number=360330 claim_id=d21b61ba-0bb6-4903-afb9-02f42acddd86 use=claim fid=FID-29-117658-4 cr=CR7646082272868-9 scheme=SHIF amount=125.00 tx=0x043e6d39ec77b408d70851e7fee6e3c8b944b98285e43c9ad0f280fc9e5fa88f claimNumberOnChain=1785055688365087
2026-07-29T10:42:43.888Z OK claim_number=360331 claim_id=66f9d3b3-94e4-40ec-996e-52acd5bfece7 use=claim fid=FID-29-117658-4 cr=CR4686598781823-1 scheme=SHIF amount=87.50 tx=0xdc900ab072cc70e3b27c3271e7f5241af7fe0d2ffb29a231cc323fd5e1217491 claimNumberOnChain=1785055688365089
2026-07-29T10:43:03.572Z OK claim_number=360332 claim_id=ae553d6b-55bb-4d09-90f5-a05568226a3d use=claim fid=FID-29-117658-4 cr=CR8727405005556-7 scheme=SHIF amount=625.00 tx=0xe38d3e801ce25641260c0bbb3ba2ce5de4a953bcb2483f26aa42d06bf656237d claimNumberOnChain=1785055688365091
2026-07-29T10:43:22.863Z OK claim_number=360333 claim_id=3056ea28-719f-4c65-8a8f-fd491bac2e7f use=claim fid=FID-29-117658-4 cr=CR8883359937940-5 scheme=SHIF amount=125.00 tx=0x0afe0acd2fc16892eb321b979d038fc906729ff0f7e32035d53d55cfa87035d9 claimNumberOnChain=1785055688365092
2026-07-29T10:43:46.978Z OK claim_number=360334 claim_id=2a973461-b54f-4ea6-8ea9-aa3a0376e83d use=claim fid=FID-29-117658-4 cr=CR8727405005556-7 scheme=SHIF amount=600.00 tx=0xb9a826858f8fefac823877eb40ecdfe65f8f8e80cd507c8ff96e1d05b180c1f8 claimNumberOnChain=1785055688365093
2026-07-29T10:43:57.317Z OK claim_number=360335 claim_id=bbab46a5-a215-4a61-b505-a98e999c64c9 use=claim fid=FID-29-117658-4 cr=CR8771511498471-3 scheme=SHIF amount=125.00 tx=0x3ce4391f0b239e0bc8e28a2f0f9a3311bcd83f730018d2cc6211c73a8c5bfb68 claimNumberOnChain=1785055688365094
2026-07-29T10:44:21.369Z OK claim_number=360336 claim_id=3eb8cd7e-b443-4ade-ae9a-7f85638b74a3 use=claim fid=FID-29-117658-4 cr=CR8727405005556-7 scheme=SHIF amount=500.00 tx=0xa96275584daf8f0f164a79a8b137cad722fe72287a4ec899eef76f77a050ba3b claimNumberOnChain=1785055688365095
2026-07-29T10:44:31.469Z OK claim_number=360337 claim_id=1e040bd4-1879-4314-a7fd-f47fda935faf use=claim fid=FID-29-117658-4 cr=CR7819017957900-9 scheme=SHIF amount=125.00 tx=0x8ee7488b9787fb40f634d353f0570e860b716d8a328edbea010b8004f1c4dc80 claimNumberOnChain=1785055688365096
2026-07-29T10:44:55.723Z OK claim_number=360338 claim_id=1b0135b9-9b81-46e3-827a-1b5a75630aae use=claim fid=FID-29-117658-4 cr=CR3928672760384-2 scheme=SHIF amount=100.00 tx=0xf0947e631d1c3bd7c0cf273728eea8eaae35af772e8cc576d6bce6daad604dc6 claimNumberOnChain=1785055688365097
2026-07-29T10:45:06.344Z OK claim_number=360339 claim_id=101bd29f-7c67-4418-b7e4-aa9270ec4d72 use=claim fid=FID-20-114807-9 cr=CR8068944728878-6 scheme=SHIF amount=3593.75 tx=0xe868424413ce26ed4e28c6bd3780da2ca783a003e4b24a5b6b4a6b8b11bb6241 claimNumberOnChain=1785055688365098
2026-07-29T10:45:30.665Z OK claim_number=360340 claim_id=93c35f4d-bdd6-403a-9a71-62bc36c4437c use=claim fid=FID-29-117658-4 cr=CR7860562929831-4 scheme=SHIF amount=100.00 tx=0xdaa53bbbe19f8af5a129cf9d4292114dd7c50ac1733d41cfb808fb839eb81be2 claimNumberOnChain=1785055688365100
2026-07-29T10:45:50.702Z OK claim_number=360341 claim_id=9f34c6c1-2e16-4b5e-a5b3-7131f551744d use=claim fid=FID-29-117658-4 cr=CR8727405005556-7 scheme=SHIF amount=266.05 tx=0x2b6bd0723ac1f0c54d5e9049cc11a296863e757ef57a522d5bbc7ffe24ea5a7e claimNumberOnChain=1785055688365101
2026-07-29T10:46:00.703Z OK claim_number=360342 claim_id=fffc00b5-60e5-47ad-9cd2-6f056b3e5abe use=claim fid=FID-29-117658-4 cr=CR2810498295879-8 scheme=SHIF amount=125.00 tx=0x3e60cb0c2110934b600c8c4996432611b11b7d43e618630481765eb58c6154f5 claimNumberOnChain=1785055688365102
2026-07-29T10:46:20.859Z OK claim_number=360343 claim_id=d0da4eb9-90c3-46ab-96dc-bc36d3b09c3f use=claim fid=FID-29-117658-4 cr=CR8727405005556-7 scheme=SHIF amount=266.05 tx=0x63adbae60111432d6cc0fe58460ae4592c64188ab8097a0d7bb3f6195bfc8173 claimNumberOnChain=1785055688365105
2026-07-29T10:46:49.543Z OK claim_number=360344 claim_id=4a524573-e6b9-42eb-8f30-7236a8cdadd0 use=claim fid=FID-29-117658-4 cr=CR0424411919652-0 scheme=SHIF amount=125.00 tx=0x8b3b8acc28ba9a81ca7385d54fb44642c2415e4a909f7e2a56540cf95198006b claimNumberOnChain=1785055688365107
2026-07-29T10:47:23.459Z OK claim_number=360345 claim_id=761461e1-dccc-4a18-af9d-0965d4d7f738 use=claim fid=FID-29-117658-4 cr=CR4806382479683-0 scheme=SHIF amount=125.00 tx=0x351b1cd229dccc6783150825b4a653edde41b63895b5d10b441711b6ba291fab claimNumberOnChain=1785055688365108
2026-07-29T10:47:48.296Z OK claim_number=360346 claim_id=a3c1aa16-99cc-4950-8ea3-8a9ab3bf2940 use=claim fid=FID-29-117658-4 cr=CR8706882107674-0 scheme=SHIF amount=100.00 tx=0x42147affc109f4859139e44382d56c2d8e58dd84567f67c7a4077d8e88d0b129 claimNumberOnChain=1785055688365109
2026-07-29T10:47:58.770Z OK claim_number=360347 claim_id=c17dfc9a-996a-4f0e-b0cd-f4395df51d0c use=claim fid=FID-29-117658-4 cr=CR4195890425516-8 scheme=SHIF amount=75.00 tx=0xfad3d3c2b3ce913add46b6ed1a5f92de48223ed2402429eea9c3bb50e4d2ec1e claimNumberOnChain=1785055688365110
2026-07-29T10:48:08.958Z OK claim_number=360348 claim_id=a5ee62c5-6999-409a-aa43-ef002597e3f2 use=claim fid=FID-20-114807-9 cr=CR0958827781215-2 scheme=SHIF amount=192.50 tx=0x8a62ff6c9fb793f40a6b505cf6bec7d684c9cf76ea4276f4cd4a7a834d55951a claimNumberOnChain=1785055688365111
2026-07-29T10:48:33.670Z OK claim_number=360349 claim_id=060e6f04-6c2b-45dc-9c31-96cd7c83808d use=claim fid=FID-29-117658-4 cr=CR4195890425516-8 scheme=SHIF amount=22.50 tx=0xad9d5dcc07509713b88755173417abd41655ac6642f6b19a2b4ae2ce49a87236 claimNumberOnChain=1785055688365112
2026-07-29T10:48:44.001Z OK claim_number=360350 claim_id=62af9022-8e23-4b79-a2c9-f2e88afa6107 use=claim fid=FID-29-117658-4 cr=CR7675411080280-4 scheme=SHIF amount=125.00 tx=0xdd7a9a7bd0f2cf641e7d42d2eea7de5c324915499f7dfdd5a3bcfd849ff388a3 claimNumberOnChain=1785055688365114
2026-07-29T10:49:18.541Z OK claim_number=360351 claim_id=1f2e3126-ddc6-4f65-a950-a6c586f09467 use=claim fid=FID-29-117658-4 cr=CR4195890425516-8 scheme=SHIF amount=75.00 tx=0xe768e2c41522cbe97fb96d6b8b4403990e6d061482b3206c3d140fab9bff9e46 claimNumberOnChain=1785055688365115
2026-07-29T10:49:28.881Z OK claim_number=360352 claim_id=8ff3f82b-f32d-4532-93eb-02df348d53f2 use=claim fid=FID-29-117658-4 cr=CR4195890425516-8 scheme=SHIF amount=22.50 tx=0xe7e104ee2d1d5536fabc0bd51277d6539cbd38938f390e06d6bf9f7afe57709a claimNumberOnChain=1785055688365116
2026-07-29T10:49:39.362Z OK claim_number=360353 claim_id=dff7e530-c75a-4f24-a76d-6a7fc7088c8e use=claim fid=FID-20-114807-9 cr=CR8115668793978-2 scheme=SHIF amount=250.00 tx=0x35a547baf7da75c06386adb0855c21825193f1ea8b1bee63a98ff56e853134b3 claimNumberOnChain=1785055688365117
2026-07-29T10:50:03.951Z OK claim_number=360354 claim_id=5910d48e-82ca-447f-9eaf-17799b4157ee use=claim fid=FID-29-117658-4 cr=CR4195890425516-8 scheme=SHIF amount=75.00 tx=0x4633576b85b639694bc112ef65b614e70e44231157f70fd05f2c9d9d17f87e5f claimNumberOnChain=1785055688365118
2026-07-29T10:50:14.536Z OK claim_number=360355 claim_id=d0bb0cb5-2bc1-45df-9455-d8802007b460 use=claim fid=FID-29-117658-4 cr=CR4195890425516-8 scheme=SHIF amount=22.50 tx=0xc7e964bf1d6386b3f9b1f83aecd474993b8d862f3274cf95788cc4574c8c3f0a claimNumberOnChain=1785055688365119
2026-07-29T10:50:24.877Z OK claim_number=360356 claim_id=f66ec566-a2ce-4838-9b6e-258554c909fe use=claim fid=FID-29-117658-4 cr=CR7309456786406-1 scheme=SHIF amount=125.00 tx=0xc07afa58227bbec1bb1e725807a96a4baedb490aea55135bef4f2569a3e2c233 claimNumberOnChain=1785055688365120
2026-07-29T10:50:49.111Z OK claim_number=360357 claim_id=448c4791-113c-43b9-b56a-5b4daed88127 use=claim fid=FID-29-117658-4 cr=CR4195890425516-8 scheme=SHIF amount=75.00 tx=0xa8cdf7a207ade4fca01276a290371465236a72fcb1adf72777a6758d2f3157e6 claimNumberOnChain=1785055688365121
2026-07-29T10:50:59.730Z OK claim_number=360358 claim_id=20965076-5a49-491e-9e43-d3b8d5e797ec use=claim fid=FID-29-117658-4 cr=CR4195890425516-8 scheme=SHIF amount=22.50 tx=0xa44e7b02c7abd2e92b64ba46d7b29c0e1b9b13eed80b7074fd118ca3a725e2d3 claimNumberOnChain=1785055688365122
2026-07-29T10:51:10.473Z OK claim_number=360359 claim_id=0dd7207d-c274-409c-a29c-03711abe51c5 use=claim fid=FID-20-114807-9 cr=CR7105644866557-1 scheme=SHIF amount=310.00 tx=0x4bb01855d7327c3605a8486c25be3262d5b3217009573193b29fdc63d5060f3d claimNumberOnChain=1785055688365123
2026-07-29T10:51:34.741Z OK claim_number=360360 claim_id=9b1a78bc-3391-4fad-89da-b02eae325732 use=claim fid=FID-29-117658-4 cr=CR4195890425516-8 scheme=SHIF amount=75.00 tx=0x8c09625f94312cb82bb008e8a78c454065cca0bf717c25bedceaf0a57c36d87b claimNumberOnChain=1785055688365124
2026-07-29T10:51:45.023Z OK claim_number=360361 claim_id=dc40b875-2e35-4b6f-9693-d43ebf33367f use=claim fid=FID-29-117658-4 cr=CR4195890425516-8 scheme=SHIF amount=22.50 tx=0xef51ebdfc19090acfa50130b2fc776a8c9b05c547510afff5263ec87f3900b2b claimNumberOnChain=1785055688365126
2026-07-29T10:52:05.146Z OK claim_number=360362 claim_id=0ada5417-8464-40c8-beab-5d0ab14e4f82 use=claim fid=FID-29-117658-4 cr=CR1947738832026-3 scheme=SHIF amount=125.00 tx=0x301a8733e190f9ff132d8e9f814d3d10285c48db7207a62c3afb27dc6eea17d5 claimNumberOnChain=1785055688365128
2026-07-29T10:52:38.944Z OK claim_number=360363 claim_id=66e9c258-4fb9-4cb1-96ec-45cb4a8eec6e use=claim fid=FID-29-117658-4 cr=CR0597975760735-8 scheme=SHIF amount=100.00 tx=0x7eeaf932cee26e5946347a2f3ca206bae3cfc9a2b2ecd8f0a8fa53545127d0f0 claimNumberOnChain=1785055688365131
2026-07-29T10:53:07.808Z OK claim_number=360364 claim_id=fd171238-b0e2-4bed-9b7e-0e2f8f2e49f5 use=claim fid=FID-20-114807-9 cr=CR3014409750917-3 scheme=SHIF amount=375.00 tx=0x7959d9d5e2ccf216131da3b2612e94db7129476a475a8b22421805c8e55e0242 claimNumberOnChain=1785055688365132
2026-07-29T10:53:32.246Z OK claim_number=360365 claim_id=c39ec19d-dde5-4a6c-babe-7a76c6b39f4f use=claim fid=FID-29-117658-4 cr=CR9645760706984-8 scheme=SHIF amount=100.00 tx=0xdaff2217a7b04cf720099c154b36741b3a5739a5c7918b362beb1b2f7f066196 claimNumberOnChain=1785055688365133
2026-07-29T10:53:42.744Z OK claim_number=360366 claim_id=9f770159-c7e2-468b-8a2f-f05163bcb140 use=claim fid=FID-20-114807-9 cr=CR6851142505641-3 scheme=SHIF amount=250.00 tx=0xda8adc090006dd4d065b49582989c96d07e4d71e84106fb53f3bb0db09c1cf3e claimNumberOnChain=1785055688365134
2026-07-29T10:54:07.274Z OK claim_number=360367 claim_id=9895ec06-7e66-4b04-be22-4184ef1dca40 use=claim fid=FID-29-117658-4 cr=CR4195890425516-8 scheme=SHIF amount=100.00 tx=0xaf28ea246611a6711451e669e5d284f150136a1475b6b6f31aa4497afeab7acf claimNumberOnChain=1785055688365136
2026-07-29T10:54:26.470Z OK claim_number=360368 claim_id=c10b1702-c47f-4ff6-9cef-ccc61f51cf89 use=claim fid=FID-20-114807-9 cr=CR4591680076081-0 scheme=SHIF amount=375.00 tx=0xcc61db568406e3d6b601367725abea7faf804761d7238c0c693f58ed895e61b4 claimNumberOnChain=1785055688365137
2026-07-29T10:54:50.472Z OK claim_number=360369 claim_id=4cf3d3b5-3ee4-4058-a121-9afd4b02b486 use=claim fid=FID-29-117658-4 cr=CR9002428266819-9 scheme=SHIF amount=125.00 tx=0x1dc74a07702c2fe30422c05c60f2995557ed02da5535a5db4dce31aea3ec4336 claimNumberOnChain=1785055688365138
2026-07-29T10:55:17.041Z OK claim_number=360370 claim_id=4ce6b7d1-736e-433d-83b2-1e951bc4a35b use=claim fid=FID-29-117658-4 cr=CR5741431600340-9 scheme=SHIF amount=100.00 tx=0xe4602cbb9f87e170f5a3975a603e8b4c338d8f288676be3e8a2ae05826df62a0 claimNumberOnChain=1785055688365139
2026-07-29T10:55:27.644Z OK claim_number=360371 claim_id=d71a40d3-29ca-44d1-8e44-012c0b576fb7 use=claim fid=FID-20-114807-9 cr=CR6275606476537-0 scheme=SHIF amount=237.50 tx=0x0c62f2c32303c69d2ac05c2de183c757c6fc0000fa6a62e91a6f3ee82dee3c7c claimNumberOnChain=1785055688365140
2026-07-29T10:55:54.974Z OK claim_number=360372 claim_id=1c2a3beb-c85a-4c2b-9175-5194d893d3f6 use=claim fid=FID-29-117658-4 cr=CR8706882107674-0 scheme=SHIF amount=100.00 tx=0x6f8ab951298d4a4fb3e2170fb382bafd445d1274746528cc84fbf42f6a33fd59 claimNumberOnChain=1785055688365141
2026-07-29T10:56:05.050Z OK claim_number=360373 claim_id=c664ead5-0098-4ffb-8ba9-62121aff29e1 use=claim fid=FID-29-117658-4 cr=CR8706882107674-0 scheme=SHIF amount=100.00 tx=0xf1c63fe94b7fd36b1a71249a5cb404b26760506c193ff3e68d47cc12e14fe01f claimNumberOnChain=1785055688365142
2026-07-29T10:56:15.136Z OK claim_number=360374 claim_id=44f19aca-08bd-402e-8b0c-c16787de9a78 use=claim fid=FID-29-117658-4 cr=CR4686598781823-1 scheme=SHIF amount=125.00 tx=0xd6469df48e6d05b1e1812436ce466832ad194f5796768ecbb2862635e2591c05 claimNumberOnChain=1785055688365143
2026-07-29T10:56:25.345Z OK claim_number=360375 claim_id=351f8e69-fd51-4ade-b44c-7ebf3acba260 use=claim fid=FID-29-117658-4 cr=CR8706882107674-0 scheme=SHIF amount=100.00 tx=0x599a405c8ea737d53de24219da14f481e1ed807390efce9d8dad5001da0e2578 claimNumberOnChain=1785055688365144
2026-07-29T10:56:35.981Z OK claim_number=360376 claim_id=915b4aed-2456-412e-b909-367f6f4c6ee8 use=claim fid=FID-29-117658-4 cr=CR6128041359165-1 scheme=SHIF amount=125.00 tx=0x5ef432fa3f9839b0d7f3b580f8ad7af1fe9540395155d624f2f28db4e70aa6ac claimNumberOnChain=1785055688365147
2026-07-29T10:57:18.406Z OK claim_number=360377 claim_id=6e243de8-e17d-4e26-b789-5035bfcebb75 use=claim fid=FID-29-117658-4 cr=CR7400004069070-9 scheme=SHIF amount=100.00 tx=0x7b34bbe61e0a9cbb37f5575221fd01eece0e2b7f7c5ca62962bf38ae0441f9ea claimNumberOnChain=1785055688365148
2026-07-29T10:57:28.679Z OK claim_number=360378 claim_id=87d30efe-3e66-4c9a-a663-c19d20fce37f use=claim fid=FID-20-114807-9 cr=CR4556763799973-1 scheme=SHIF amount=125.00 tx=0xe793c1d2b5fa35643bdabb5e244666cc8b11a2b1a20e10810ec3f43fa506a7c6 claimNumberOnChain=1785055688365149
2026-07-29T10:58:10.626Z OK claim_number=360379 claim_id=c7012403-dd6e-4fea-8957-83cd517f9afc use=claim fid=FID-29-117658-4 cr=CR8727405005556-7 scheme=SHIF amount=625.00 tx=0x160b8d3636dd81f5ea698c44593b90bc9bf818cd54f7bd79611c825444b9da67 claimNumberOnChain=1785055688365150
2026-07-29T10:58:20.891Z OK claim_number=360380 claim_id=728bda50-f8d0-4dee-8531-7fcc432ff9e5 use=claim fid=FID-29-117658-4 cr=CR8727405005556-7 scheme=SHIF amount=625.00 tx=0xe2e081459f9c28b6d5c96e6dd7c39c363ab41b01c1646e47b3af73fd0ea76d7a claimNumberOnChain=1785055688365151
2026-07-29T10:58:31.061Z OK claim_number=360381 claim_id=10cd7a58-ceaf-43e2-8a25-996ff4a510b9 use=claim fid=FID-29-117658-4 cr=CR3350627606657-0 scheme=SHIF amount=125.00 tx=0x2a85290175ffb34eba3dfe217a4f8c0a7fdfb4e1f79c72c0dc509428b791ed1b claimNumberOnChain=1785055688365152
2026-07-29T10:58:55.802Z OK claim_number=360382 claim_id=33eb59ac-def5-45ef-92b2-8e4d5e5252db use=claim fid=FID-29-117658-4 cr=CR8727405005556-7 scheme=SHIF amount=62.50 tx=0x7a26bc6dfcf37cf5276898ccc500a6c5a28476a909f1cdfb1fbcd5fa6ebfe7d3 claimNumberOnChain=1785055688365153
2026-07-29T10:59:06.438Z OK claim_number=360383 claim_id=d6f440f3-6333-44a9-b343-d3a1761992ca use=claim fid=FID-29-117658-4 cr=CR4139344282927-6 scheme=SHIF amount=125.00 tx=0x33bc5fe885bbabaf348616f48fb1fe46949b8630a1c7f0fef451b257f3ab5371 claimNumberOnChain=1785055688365154
2026-07-29T10:59:34.072Z OK claim_number=360384 claim_id=07282c05-7134-467c-a3cb-2d58829149b0 use=claim fid=FID-29-117658-4 cr=CR8727405005556-7 scheme=SHIF amount=37.50 tx=0xab687b42d745718fd4993278eef7df97014615850eb1f4c7786061686f61950b claimNumberOnChain=1785055688365155
2026-07-29T10:59:44.319Z OK claim_number=360385 claim_id=4f51ef9a-b843-403f-87ba-980a967bfb4a use=claim fid=FID-20-114807-9 cr=CR1083132215201-9 scheme=SHIF amount=125.00 tx=0x83324c7ebc69d023d11c280707827c539c8deea0fac6c1cc7ed68b2868b6f2b6 claimNumberOnChain=1785055688365156
2026-07-29T11:00:08.917Z OK claim_number=360386 claim_id=c5bc414b-3402-48d9-b6bb-3f32fb19aa9a use=claim fid=FID-29-117658-4 cr=CR8727405005556-7 scheme=SHIF amount=62.50 tx=0x9445db615a770ebc053e5839d1a0ed113b81aa24417907f7360bb4e7a28af51e claimNumberOnChain=1785055688365157
2026-07-29T11:00:19.282Z OK claim_number=360387 claim_id=3a223438-bd23-475c-bd67-2916e97c0184 use=claim fid=FID-20-114807-9 cr=CR9687982556562-2 scheme=SHIF amount=2875.00 tx=0xb9db5b5f3b262e56325c5eb22e27dc5a52955f4bdf5ea2d6c7665cd1bf8e940f claimNumberOnChain=1785055688365160
2026-07-29T11:01:11.749Z OK claim_number=360388 claim_id=76289f42-880b-4727-a5cd-f3d889800746 use=claim fid=FID-29-117658-4 cr=CR8727405005556-7 scheme=SHIF amount=37.50 tx=0x5db89cb257b0ea6619be057e7da3a27a13acad73733584d75d5688dc316dcab6 claimNumberOnChain=1785055688365162
2026-07-29T11:01:31.740Z OK claim_number=360389 claim_id=f4ed9809-38da-4ff1-99bf-e6c77ba7eafa use=claim fid=FID-29-117658-4 cr=CR8727405005556-7 scheme=SHIF amount=100.00 tx=0xdf2f75bb70a5771511112f38d6ae22b3bccaff836b2be3a1299c7e5a5561d854 claimNumberOnChain=1785055688365164
2026-07-29T11:01:51.445Z OK claim_number=360390 claim_id=f4efbd0e-1c97-411a-aebb-b9d677499381 use=claim fid=FID-29-117658-4 cr=CR6174803610758-4 scheme=SHIF amount=125.00 tx=0xe92f8e75cbf06778f969513448c21caa671f3541d2e1326e21d30b156ab00d89 claimNumberOnChain=1785055688365165
2026-07-29T11:02:18.416Z OK claim_number=360391 claim_id=6e0a79d9-a03d-4e16-acd2-0d02f8e01c30 use=claim fid=FID-29-117658-4 cr=CR7400004069070-9 scheme=SHIF amount=100.00 tx=0xf3ead2b463631568121385bc634069c83e176b7d5c2550e4a9c4a2a8f6ac3f47 claimNumberOnChain=1785055688365168
2026-07-29T11:02:46.521Z OK claim_number=360392 claim_id=08ed02f4-1e3b-469a-b65e-170ae71f60d0 use=claim fid=FID-29-117658-4 cr=CR9128306000762-9 scheme=SHIF amount=125.00 tx=0xaaef08af8d970ad716bf9df50e9e95aa03452102827f2e3b2246cd61f082e701 claimNumberOnChain=1785055688365170
2026-07-29T11:03:20.531Z OK claim_number=360393 claim_id=63abc2a6-fd6e-482b-a2ae-2b3163b26782 use=claim fid=FID-20-114807-9 cr=CR0850501895160-3 scheme=SHIF amount=250.00 tx=0x7d965f9a5a6e2211511c800291d031778ebffe5256e57b13f08bb7382b16284a claimNumberOnChain=1785055688365171
2026-07-29T11:03:40.787Z OK claim_number=360394 claim_id=74f3e67d-1c3d-4001-8408-8ab4bf5cb601 use=claim fid=FID-29-117658-4 cr=CR3256370334707-4 scheme=SHIF amount=625.00 tx=0xe6ca2e2d29ca1fb70cf9ebc6a468965246c555507e235968cfe35ca0664bf2a1 claimNumberOnChain=1785055688365172
2026-07-29T11:03:50.949Z OK claim_number=360395 claim_id=a95ce5e3-589d-4328-b1f5-232228b8550c use=claim fid=FID-29-117658-4 cr=CR3928672760384-2 scheme=SHIF amount=6.25 tx=0xc2515e893ce3e4ba5fb44279aababb08742613de659eb35fe9e62393088366ff claimNumberOnChain=1785055688365173
2026-07-29T11:04:01.197Z OK claim_number=360396 claim_id=5402eb70-789b-43a6-b5b2-a05d3a855e89 use=claim fid=FID-20-114807-9 cr=CR1092666904959-4 scheme=SHIF amount=500.00 tx=0xf743353cb946238e13a1a25b83f567ae51e013626bcf4451ce7f067de9f77a25 claimNumberOnChain=1785055688365174
2026-07-29T11:04:11.306Z OK claim_number=360397 claim_id=758edcce-539a-436a-8a81-7322e8d0809c use=claim fid=FID-29-117658-4 cr=CR3928672760384-2 scheme=SHIF amount=6.25 tx=0x4e2a4290f5d2a240ef6df6d061badb4178da2f697a522a83bc58fb3256d6b501 claimNumberOnChain=1785055688365175
2026-07-29T11:04:21.397Z OK claim_number=360398 claim_id=b6967819-6698-49f3-85cd-15970d74280d use=claim fid=FID-20-114807-9 cr=CR7276243322834-6 scheme=SHIF amount=250.00 tx=0xe2ddeb5fa8a44e40414607489053e228802c9fbe65309df716025d585c25ff9a claimNumberOnChain=1785055688365177
2026-07-29T11:04:54.799Z OK claim_number=360399 claim_id=eaa74fe4-3fb6-4afd-bb96-b53158bb43bc use=claim fid=FID-29-117658-4 cr=CR4925764247277-7 scheme=SHIF amount=100.00 tx=0x45c70f5a4673f98a624c95de378a16ef4a36a7c71c63af3c7358127d4641e5a1 claimNumberOnChain=1785055688365178
2026-07-29T11:06:19.295Z OK claim_number=360400 claim_id=82c603cd-d798-425e-b734-ab65de771b99 use=claim fid=FID-20-114807-9 cr=CR7002617454418-4 scheme=SHIF amount=375.00 tx=0x3b7732a021825cf3c5d162211b70163844224b777abd2ffb7ab0571b0df2864b claimNumberOnChain=1785055688365179
2026-07-29T11:06:49.074Z OK claim_number=360401 claim_id=829e923f-6b04-47e1-bcb2-11ba5e447f5e use=claim fid=FID-29-117658-4 cr=CR4037947014271-7 scheme=SHIF amount=46.95 tx=0xd5a3ac9a4c97299ea724ebf48222fef71e4dbf283eb482098cce1b5cc7d40125 claimNumberOnChain=1785055688365181
2026-07-29T11:07:08.384Z OK claim_number=360402 claim_id=b37a5a93-9e23-40bf-b9b6-cd47db94c1ca use=claim fid=FID-20-114807-9 cr=CR4367425923348-0 scheme=SHIF amount=1125.00 tx=0xe186367e63c72cfd0da35c8abf8e73c2959a8385380b1b0ad0a8aa6476d014a9 claimNumberOnChain=1785055688365183
2026-07-29T11:07:41.423Z OK claim_number=360403 claim_id=a4ea15f4-7cb6-4a4d-a270-a91b8dffdabe use=claim fid=FID-29-117658-4 cr=CR4037947014271-7 scheme=SHIF amount=250.00 tx=0x4f104ba764e012c58654653851ee18f7d54f12124fbea812acf2038f1bd86435 claimNumberOnChain=1785055688365184
2026-07-29T11:07:51.653Z OK claim_number=360404 claim_id=8e2f48da-205b-4e34-92d6-1fcd43408ff2 use=claim fid=FID-29-117658-4 cr=CR4037947014271-7 scheme=SHIF amount=46.95 tx=0x9b5909278b425c02eb553bb2812c3e72b3b48df51c170f862c5b66418f99f8ed claimNumberOnChain=1785055688365185
2026-07-29T11:08:01.963Z OK claim_number=360405 claim_id=5670b7db-7688-40bc-af8c-ce40e80b0ade use=claim fid=FID-29-117658-4 cr=CR4037947014271-7 scheme=SHIF amount=250.00 tx=0xde00e14f78b37ede80bed82d7be47563f8999063373f580e3506c86695f49c7a claimNumberOnChain=1785055688365186
2026-07-29T11:08:12.162Z OK claim_number=360406 claim_id=197b91aa-6e45-4192-a3fd-c0d23a300e16 use=claim fid=FID-20-114807-9 cr=CR9421617566788-4 scheme=SHIF amount=412.50 tx=0x0a8060e32b070cf432d7c18b455ca40eb7333e67b729bc35f449c7476046140c claimNumberOnChain=1785055688365188
2026-07-29T11:08:45.203Z OK claim_number=360407 claim_id=f6d10cb0-e14e-4f38-9ac9-0b2fbd1f12d0 use=claim fid=FID-29-117658-4 cr=CR8199471563156-1 scheme=SHIF amount=125.00 tx=0x7d595e78228b61ac7b6ff673269183a1e534c7fbb8c7058995b8ccdbf4ceabe5 claimNumberOnChain=1785055688365189
2026-07-29T11:09:09.892Z OK claim_number=360408 claim_id=6b3d0b60-9470-4624-abe9-1fa2fa8b0cab use=claim fid=FID-29-117658-4 cr=CR7400584309629-3 scheme=SHIF amount=100.00 tx=0x782ea386712b963ba994052a33e29b1236bda0c08b42d3bdc2686cd7a0aa8684 claimNumberOnChain=1785055688365190
2026-07-29T11:09:20.086Z OK claim_number=360409 claim_id=bcaa86e9-fad2-409a-a9b1-0c03bdf40bea use=claim fid=FID-20-114807-9 cr=CR8912654751837-5 scheme=SHIF amount=500.00 tx=0xdc295a3fd328f57b25481908eabbf45a2c9bb38d2414a0d4c925f805ae91deb6 claimNumberOnChain=1785055688365193
2026-07-29T11:10:03.359Z OK claim_number=360410 claim_id=d9b97f2f-0fc4-43ef-893f-abfa35632d5b use=claim fid=FID-29-117658-4 cr=CR1058707521508-6 scheme=SHIF amount=125.00 tx=0x79463a362e8a9da5aa8065a976e1aeafca9ad64d5a30a120f21a4ea752f7b410 claimNumberOnChain=1785055688365194
2026-07-29T11:10:23.398Z OK claim_number=360411 claim_id=1f54c006-72c4-4b5f-a515-2e8b9d984c25 use=claim fid=FID-29-117658-4 cr=CR0329649981616-9 scheme=SHIF amount=125.00 tx=0x85d5f760f093b41c31cefe69b10a66f5fe91229ded6c294cd98b80c91dc0dd3f claimNumberOnChain=1785055688365195
2026-07-29T11:10:45.617Z OK claim_number=360412 claim_id=a5da034f-260c-442a-81a5-0ec7084f0c78 use=claim fid=FID-20-114807-9 cr=CR7247535302751-1 scheme=SHIF amount=2468.75 tx=0x7b2ccfac159f9aa49519b1a8c47019a887d412899c053c94c107e7a28c4f77a1 claimNumberOnChain=1785055688365196
2026-07-29T11:11:09.658Z OK claim_number=360413 claim_id=7680833f-ff36-4191-8180-aca924930e49 use=claim fid=FID-29-117658-4 cr=CR9983588097923-8 scheme=SHIF amount=125.00 tx=0xfbe5bf6df9d6001abad94aac2fee6b622d21eb89f9519d1dfc9099cc7b80e38c claimNumberOnChain=1785055688365197
2026-07-29T11:11:20.001Z OK claim_number=360414 claim_id=59954a54-4ee2-4111-b60d-a217b336701e use=claim fid=FID-20-114807-9 cr=CR4969299835899-0 scheme=SHIF amount=250.00 tx=0xe411e5ba8508b47cfb45b61421d157df6bff7e28e0a6b2835574c55193a1169a claimNumberOnChain=1785055688365198
2026-07-29T11:11:44.872Z OK claim_number=360415 claim_id=6980abb8-b0b7-4c6f-8ab0-45ff1a782fe0 use=claim fid=FID-29-117658-4 cr=CR9983588097923-8 scheme=SHIF amount=125.00 tx=0xe7673476373ebf7fb3e671a8a25968eb8c476e7b38d81ff689d4b9f5268df336 claimNumberOnChain=1785055688365199
2026-07-29T11:11:55.426Z OK claim_number=360416 claim_id=7ffc74cb-89ca-487f-879d-f3fcfcc09d4c use=claim fid=FID-29-117658-4 cr=CR9983588097923-8 scheme=SHIF amount=100.00 tx=0x461f7eab69ee76771aaf7d2272f2b17e722852ff086b406af761c9e39fd7978c claimNumberOnChain=1785055688365201
2026-07-29T11:12:15.222Z OK claim_number=360417 claim_id=1fa73f7b-8a82-439b-87f5-2f12b3cd63d3 use=claim fid=FID-20-114807-9 cr=CR7623324608244-1 scheme=SHIF amount=125.00 tx=0x481c29f4e81582197dbd2698b762bd63ce665a27c5859e22e500acd55e368947 claimNumberOnChain=1785055688365202
2026-07-29T11:12:50.682Z OK claim_number=360418 claim_id=c161dc7a-ba2f-4cdc-af99-abca7bf80171 use=claim fid=FID-29-117658-4 cr=CR9983588097923-8 scheme=SHIF amount=100.00 tx=0x4a8bfe87b57a831d7ee9459aacfb52f9b6623ad6c91cda4f5574d2cd45417530 claimNumberOnChain=1785055688365203
2026-07-29T11:13:01.320Z OK claim_number=360419 claim_id=cd3a3dd4-1fe0-47a9-840f-1c41ef0a130f use=claim fid=FID-20-114807-9 cr=CR5969518915740-9 scheme=SHIF amount=125.00 tx=0xf445ed919b5b59c76eb3c8c195bd8245bcd826d260e033bdc34b39946ce10caa claimNumberOnChain=1785055688365204
2026-07-29T11:13:25.856Z OK claim_number=360420 claim_id=b219af4f-d2bc-472f-8be3-b92f3897f472 use=claim fid=FID-29-117658-4 cr=CR9983588097923-8 scheme=SHIF amount=625.00 tx=0x4036dfc6c49ca034779126f6993f047e5b438e4c57b2086b5a32f302c3097758 claimNumberOnChain=1785055688365205
2026-07-29T11:13:36.196Z OK claim_number=360421 claim_id=d9361e00-e9b7-4a82-9e2e-0e6251e86253 use=claim fid=FID-29-117658-4 cr=CR9983588097923-8 scheme=SHIF amount=100.00 tx=0x8c74b8f5c6f08013587bfbafad232f0763b55d4015cde56fc167ff1676a4264b claimNumberOnChain=1785055688365206
2026-07-29T11:13:46.544Z OK claim_number=360422 claim_id=44ed9cff-f21b-4849-9103-dcfaf5ca0333 use=claim fid=FID-20-114807-9 cr=CR6898561694133-8 scheme=SHIF amount=625.00 tx=0x614b15b6a96f3ef1bf0081202f33fb484d7fccb42c348b090166daf24295f837 claimNumberOnChain=1785055688365207
2026-07-29T11:14:13.298Z OK claim_number=360423 claim_id=a94b9152-4dcb-403e-9f6f-f334dc4c21a2 use=claim fid=FID-20-114807-9 cr=CR1309190310926-1 scheme=SHIF amount=250.00 tx=0xa4d23d060339379c0b59b138af6632d2d31fd1221785e746a934b3551440fb93 claimNumberOnChain=1785055688365209
2026-07-29T11:14:47.095Z OK claim_number=360424 claim_id=06bdc273-5dc2-436b-a750-c55939526ff6 use=claim fid=FID-29-117658-4 cr=CR6312583916094-6 scheme=SHIF amount=125.00 tx=0x5f7e8a3217428cfca436fde4639b460b385640884ac217ee56c0eaef90a702b5 claimNumberOnChain=1785055688365210
2026-07-29T11:15:13.105Z OK claim_number=360425 claim_id=2ba496ac-768e-4def-974e-b8d24f3d335c use=claim fid=FID-29-117658-4 cr=CR4637243143342-8 scheme=SHIF amount=125.00 tx=0x68c078b2dcbbfba44451a3ecb50a6101b2f248cd8da560aee094e05a630ae888 claimNumberOnChain=1785055688365211
2026-07-29T11:15:23.320Z OK claim_number=360426 claim_id=ed6e2728-79ab-4389-b313-e312a01e0f24 use=claim fid=FID-20-114807-9 cr=CR8073777680513-2 scheme=SHIF amount=375.00 tx=0x42126aa9d29e219d782caa3c04ab6e60929ada3f957cd0e7eb98f7415cecb48c claimNumberOnChain=1785055688365212
2026-07-29T11:15:46.870Z OK claim_number=360427 claim_id=26ce5b90-c8c5-4681-80e0-c3605ebaefa5 use=claim fid=FID-29-117658-4 cr=CR4637243143342-8 scheme=SHIF amount=125.00 tx=0x126338ffb302a956240fc45156e386b674af46db30de9cafdce69e20ad9adcc7 claimNumberOnChain=1785055688365213
2026-07-29T11:15:57.026Z OK claim_number=360428 claim_id=34aad20a-97d1-48ee-ae43-f72f2cb13b69 use=claim fid=FID-29-117658-4 cr=CR7400584309629-3 scheme=SHIF amount=125.00 tx=0x54859155efb014780083c789361b29392888028e3b43389ad7eb0bf65d9c7fb1 claimNumberOnChain=1785055688365214
2026-07-29T11:16:07.027Z SKIP claim_number=360429 claim_id=80018af5-3453-472b-b813-9ad1df8a5342 reason=zero_amount claimed_total_raw=0.00
2026-07-29T11:16:07.032Z OK claim_number=360430 claim_id=ed41458d-c470-4e5c-9da4-419d170b5672 use=claim fid=FID-29-117658-4 cr=CR9856533647330-1 scheme=SHIF amount=125.00 tx=0x7867f52ea97856cc53b823a53f7a97be0a76982834bb5f81a3f0f870861b012e claimNumberOnChain=1785055688365215
2026-07-29T11:16:30.888Z OK claim_number=360431 claim_id=90abb7c9-cf67-4794-8094-429f96efab2c use=claim fid=FID-29-117658-4 cr=CR4332837261684-6 scheme=SHIF amount=125.00 tx=0x984dec2f6938bbd5e6b97ac08b06fee7157cccd3ce578fea3e9bc3fab20826a9 claimNumberOnChain=1785055688365216
2026-07-29T11:16:41.219Z OK claim_number=360432 claim_id=4222f8e3-4439-42fa-be24-3a2a4da47750 use=claim fid=FID-29-117658-4 cr=CR4720293634373-2 scheme=SHIF amount=125.00 tx=0x1fe11a0c51354b5d408af9bff304d78f29f4f6bcc68b5c9cd3eba2394746b903 claimNumberOnChain=1785055688365219
2026-07-29T11:17:33.209Z OK claim_number=360433 claim_id=ad33bc82-101a-49fe-88e0-3a45431b83aa use=claim fid=FID-29-117658-4 cr=CR2639559956448-0 scheme=SHIF amount=125.00 tx=0x0257ada63649b9182bea015f37a39f5135ecbfeffc9286f7e90eaaed6f552543 claimNumberOnChain=1785055688365221
2026-07-29T11:18:18.228Z OK claim_number=360434 claim_id=528d37d0-8ecd-43b6-9039-e82fff342ebf use=claim fid=FID-29-117658-4 cr=CR5741431600340-9 scheme=SHIF amount=125.00 tx=0x966996d7cc57cac923db06788565b524f69fc4c89b4aee80ad4c0e1acadfa8ce claimNumberOnChain=1785055688365223
2026-07-29T11:18:38.127Z OK claim_number=360435 claim_id=f8298560-419a-4fb1-9079-52544d1b36a4 use=claim fid=FID-29-117658-4 cr=CR7435885064401-2 scheme=SHIF amount=156.25 tx=0x65b9d3702dd9f4cb257bb854e41098f947ee33f18dfaf2127715cf6dc58bd5db claimNumberOnChain=1785055688365225
2026-07-29T11:19:11.765Z OK claim_number=360436 claim_id=50bbc7fa-321c-4fb1-827f-00f3e02094c3 use=claim fid=FID-29-117658-4 cr=CR0017318691253-1 scheme=SHIF amount=125.00 tx=0x1cc661ace86d7b7c453c79403a55f69b206628d1fa085b209ee3a7b757bcef53 claimNumberOnChain=1785055688365226
2026-07-29T11:19:22.299Z OK claim_number=360437 claim_id=12c5e97d-53ab-41a3-8fe5-8880c0c0f77f use=claim fid=FID-20-114807-9 cr=CR3110928716711-5 scheme=SHIF amount=375.00 tx=0x0363aac1eb69615f1f6fa42ed2e1862508fbd7e0ef1ec288630418a18d28b1fa claimNumberOnChain=1785055688365227
2026-07-29T11:19:32.798Z OK claim_number=360438 claim_id=1b1b2f14-7735-40d7-8a71-95a9b30cf208 use=claim fid=FID-29-117658-4 cr=BZ22334289-0 scheme=SHIF amount=192.64 tx=0xfc3d1ce70e3fbf857c15b7ea9f66ea17dc9af72c5399def2e23fb3264b020fab claimNumberOnChain=1785055688365228
2026-07-29T11:19:43.153Z OK claim_number=360439 claim_id=baefa9eb-9220-4810-ba51-fe9235fd8c18 use=claim fid=FID-29-117658-4 cr=BZ22334289-0 scheme=SHIF amount=250.00 tx=0xd6828b4823e11f42ccf78f98ae2ecc5135a6849060ca14cea20366966cfcfc23 claimNumberOnChain=1785055688365229
2026-07-29T11:19:53.548Z OK claim_number=360440 claim_id=9107a917-1dc2-4274-b584-a1292a0bb55b use=claim fid=FID-20-114807-9 cr=CR6394711733343-6 scheme=SHIF amount=125.00 tx=0x39a170c68cbeee1a07441448e1d0eac157fa49023fa1ac272e60e186543049a0 claimNumberOnChain=1785055688365230
2026-07-29T11:20:03.856Z OK claim_number=360441 claim_id=9cd145a2-7730-495f-9df9-332dd55a31ff use=claim fid=FID-29-117658-4 cr=BZ22334289-0 scheme=SHIF amount=250.00 tx=0x7d9d9a44e149e2461cde3fc91f6a10c6df638570b3ea7edfa0b1be63d22aa395 claimNumberOnChain=1785055688365231
2026-07-29T11:20:14.186Z OK claim_number=360442 claim_id=e032f58d-35ee-4a0a-9fc1-43466b5845a8 use=claim fid=FID-29-117658-4 cr=BZ22334289-0 scheme=SHIF amount=192.64 tx=0x79b0dc97195d4e435377af618d21fcd79cc3d4ee183cb72169b853893bb2e435 claimNumberOnChain=1785055688365232
2026-07-29T11:20:24.838Z OK claim_number=360443 claim_id=0d69c53d-3f0b-4d17-9376-a367be247881 use=claim fid=FID-29-117658-4 cr=CR6991645469498-5 scheme=SHIF amount=125.00 tx=0xbe1aa5d0785e825bb86605ab3abeb9eed79d4d75903986d3fb7f5e1ff5581628 claimNumberOnChain=1785055688365233
2026-07-29T11:20:35.583Z OK claim_number=360444 claim_id=6a69bf33-964a-4dc4-b7d5-e1c0ca5f1ecf use=claim fid=FID-20-114807-9 cr=CR7890297198580-8 scheme=SHIF amount=2902.86 tx=0x9f80c4b9d76782a989d24c623eb33d0ec4d2e6bcacdf066a52157e9f3e23b1d6 claimNumberOnChain=1785055688365234
2026-07-29T11:20:44.884Z OK claim_number=360445 claim_id=0d5d43d6-4cd2-4f3d-af99-3aa2fb78f4e2 use=claim fid=FID-29-117658-4 cr=BZ22334289-0 scheme=SHIF amount=192.64 tx=0x7d3ad8941f2e0ac62d48f9aa49ea578daf1cfb21b56fbd8316e1b3c0de5f8792 claimNumberOnChain=1785055688365235
2026-07-29T11:20:55.376Z OK claim_number=360446 claim_id=c43ce0ec-69f1-4866-99a4-ff4a1c621109 use=claim fid=FID-29-117658-4 cr=BZ22334289-0 scheme=SHIF amount=250.00 tx=0x5b7b92bf030f74a03c9c8537d25c4d5b903cc9c6312eb7a97e4561093198d560 claimNumberOnChain=1785055688365236
2026-07-29T11:21:05.870Z OK claim_number=360447 claim_id=fe221a03-d8f1-484a-99d4-e3384b33398a use=claim fid=FID-29-117658-4 cr=CR3156232607267-2 scheme=SHIF amount=125.00 tx=0x0260d3779e41cc305334fcfa03388ea2c1a2d386697ac9ee950337f0411c18f6 claimNumberOnChain=1785055688365237
2026-07-29T11:21:16.238Z OK claim_number=360448 claim_id=cf724400-c46a-4007-9c1a-5fe8098a770b use=claim fid=FID-20-114807-9 cr=CR9406063951778-4 scheme=SHIF amount=875.00 tx=0xb3a27e66fabff3b894885e09c369646492e2416d25ee3bfabfd7bdaacc5a4b09 claimNumberOnChain=1785055688365238
2026-07-29T11:21:26.736Z OK claim_number=360449 claim_id=e3b4e411-23e6-4c3c-9260-31bfdae65cea use=claim fid=FID-29-117658-4 cr=BZ22334289-0 scheme=SHIF amount=192.64 tx=0xcdc9bad595e80f5dde1551c7f8d15b8a8d5bbe2f8c2e4274e236b06fc334ff26 claimNumberOnChain=1785055688365239
2026-07-29T11:21:37.038Z OK claim_number=360450 claim_id=25b4b7d2-973f-48cf-86c5-c5ad8582db96 use=claim fid=FID-29-117658-4 cr=BZ22334289-0 scheme=SHIF amount=250.00 tx=0xfe2668f40881440d41f9d6b5f85abfb086ade9f2cdb126ef9c84138cfa86d8eb claimNumberOnChain=1785055688365240
2026-07-29T11:21:47.353Z OK claim_number=360451 claim_id=207f176b-dab7-46ee-81b8-b74a4540c307 use=claim fid=FID-20-114807-9 cr=CR9944025350854-8 scheme=SHIF amount=125.00 tx=0xc80778697f12289ffbe551ad32248c881f52362b931552e1e85704c120f082bb claimNumberOnChain=1785055688365241
2026-07-29T11:21:57.662Z OK claim_number=360452 claim_id=3979899f-5623-4d45-9c86-a84ab06e40a4 use=claim fid=FID-20-114807-9 cr=CR3009508243695-6 scheme=SHIF amount=311435.24 tx=0xb7e1b8cebd229f1184a0e3c30adafcc8236a6231ed396ec8e6135437f5813cc8 claimNumberOnChain=1785055688365242
2026-07-29T11:22:07.749Z OK claim_number=360453 claim_id=3fc369f7-086d-4aed-91f4-e6fe2c646df9 use=claim fid=FID-29-117658-4 cr=BZ22334289-0 scheme=SHIF amount=192.64 tx=0xa405d297f5b315a512d1275a7932f78afeaee4b76ac815f8f5fbc471fef43c9d claimNumberOnChain=1785055688365243
2026-07-29T11:22:18.074Z OK claim_number=360454 claim_id=6e4786d2-6b1c-47aa-a8a6-e338059c15e1 use=claim fid=FID-29-117658-4 cr=BZ22334289-0 scheme=SHIF amount=250.00 tx=0x71a5e038366840e5b235655a258241572ecc7aeff69f79492554b0c2ddd600d4 claimNumberOnChain=1785055688365244
2026-07-29T11:22:28.316Z OK claim_number=360455 claim_id=997ce6ab-9026-4050-9dfa-bc8e503d45e5 use=claim fid=FID-20-114807-9 cr=CR0904346950048-8 scheme=SHIF amount=250.00 tx=0xa6baf7664fec1d7f474566b3bcd394a808e2a4bde8f3ea4ad6741b6dd3ce1321 claimNumberOnChain=1785055688365245
2026-07-29T11:22:38.579Z ERR claim_number=360456 claim_id=ee60eaca-4670-44fb-a772-f281848c866c use=claim fid=FID-29-117658-4 cr=CR6183688864153-5 error=500 /api/public/eclaim-contract/submit?wait=false: Internal server error
2026-07-29T11:23:06.798Z OK claim_number=360457 claim_id=55f1b0e3-c21b-4972-b5ba-115ce094a59a use=claim fid=FID-29-117658-4 cr=BZ22334289-0 scheme=SHIF amount=192.64 tx=0xf3deec91e4ee4ab2aca80ebb12c96cf31654e249253c2ac9b4780d111884b21a claimNumberOnChain=1785055688365250
2026-07-29T11:23:24.981Z OK claim_number=360458 claim_id=3162d114-a972-473c-8ffc-fc7114d9d852 use=claim fid=FID-29-117658-4 cr=BZ22334289-0 scheme=SHIF amount=250.00 tx=0xca9752421acba9a0ecc9604bde7612d4d3498ccc6cd95f633b478fd7c5d2b406 claimNumberOnChain=1785055688365251
2026-07-29T11:23:35.201Z OK claim_number=360459 claim_id=bbdb6ffc-0dbd-4a2b-92b4-2b22581520d9 use=claim fid=FID-20-114807-9 cr=CR5783935248467-7 scheme=SHIF amount=250.00 tx=0x253333dffc70cf4523f674424a1a295090eefeb72110752fa000b26993403b7a claimNumberOnChain=1785055688365252
2026-07-29T11:23:45.357Z OK claim_number=360460 claim_id=fa781f5f-877b-468f-9b48-c041ce771ec3 use=claim fid=FID-20-114807-9 cr=CR9009599219515-2 scheme=SHIF amount=281.25 tx=0x51e4676e3e1828ba906dfd59b2cf4287f1950669505e208297335709d24eb4c3 claimNumberOnChain=1785055688365253
2026-07-29T11:23:55.569Z OK claim_number=360461 claim_id=7f3942b9-8e5b-4676-9e0c-bfb8e372188b use=claim fid=FID-29-117658-4 cr=BZ22334289-0 scheme=SHIF amount=192.64 tx=0x8e6a3f4f17aa14ba395314066d6ee421a877df32eb92ce3db276be5155d951b4 claimNumberOnChain=1785055688365254
2026-07-29T11:24:05.820Z OK claim_number=360462 claim_id=98e55175-dbf9-4dd7-b9b8-07a953b6a8af use=claim fid=FID-29-117658-4 cr=BZ22334289-0 scheme=SHIF amount=250.00 tx=0x5308ad423fb6b71889518fff5a3ebeffc5321d6a57ac80e0c4f868701cb3914e claimNumberOnChain=1785055688365256
2026-07-29T11:24:25.014Z OK claim_number=360463 claim_id=ad730119-9da2-4b4e-8468-a33cc9354231 use=claim fid=FID-29-117658-4 cr=CR4327095730487-9 scheme=SHIF amount=125.00 tx=0xdd5c1ab82160e37c7cf0b8863414e69bda715e8400350611d2a8711c33702214 claimNumberOnChain=1785055688365259
2026-07-29T11:24:53.337Z OK claim_number=360464 claim_id=9dbc97c6-bdca-494a-aed2-fa42824196e3 use=claim fid=FID-29-117658-4 cr=CR3570468280090-0 scheme=SHIF amount=125.00 tx=0x033f23cf04515324025e564d332b1a06246c457efb70804e1fdb21f3c516b9f0 claimNumberOnChain=1785055688365260
2026-07-29T11:25:03.524Z OK claim_number=360465 claim_id=c7ee0cd3-49ee-415b-9c87-0462dcb79990 use=claim fid=FID-29-117658-4 cr=BZ30970942-6 scheme=SHIF amount=625.00 tx=0x93e4b245122dedda99c1849167070a0238d9f2797fa64c59ee3d3749c1cd7ee0 claimNumberOnChain=1785055688365261
2026-07-29T11:25:13.662Z OK claim_number=360466 claim_id=36575fac-b988-49fa-9273-cd7698fab180 use=claim fid=FID-29-117658-4 cr=CR4203603176163-7 scheme=SHIF amount=125.00 tx=0x01f58fa664fe13b51956f8d566eda2d8e0769c821f8cec045f2b095d0078e53b claimNumberOnChain=1785055688365262
2026-07-29T11:25:23.832Z OK claim_number=360467 claim_id=9538291e-e381-48dd-b497-69d1c3ebed7e use=claim fid=FID-29-117658-4 cr=CR7860562929831-4 scheme=SHIF amount=1500.00 tx=0xcf10983ef95ebf357999ac9c7179ea0b5fd79ed4752b2f9d7a4960c068ec55bd claimNumberOnChain=1785055688365263
2026-07-29T11:25:34.115Z OK claim_number=360468 claim_id=3c4a1c6e-71f3-4a54-aab4-84e0bc691610 use=claim fid=FID-20-114807-9 cr=CR4454134831133-9 scheme=SHIF amount=375.00 tx=0xb92dd11d074378b880fb35188449c2644e978fdf034657e94e7e91190c754742 claimNumberOnChain=1785055688365264
2026-07-29T11:25:44.245Z OK claim_number=360469 claim_id=e9d742ae-f0d0-4924-8980-f949687d9f8d use=claim fid=FID-29-117658-4 cr=CR6699621974419-5 scheme=SHIF amount=125.00 tx=0x005d1038a9d80f03a09dc068e62e9707131c37c9194ece93c18894e81a79c906 claimNumberOnChain=1785055688365265
2026-07-29T11:25:54.467Z SKIP claim_number=360470 claim_id=a79b8280-fb14-46e9-8586-f8fbe50ecc58 reason=zero_amount claimed_total_raw=0.00
2026-07-29T11:25:54.472Z OK claim_number=360471 claim_id=924ac3ba-1bc6-486a-b76a-091b51471651 use=claim fid=FID-20-114807-9 cr=CR5504779330205-0 scheme=SHIF amount=125.00 tx=0xbb226a4daf71a46e06691781aa330ea819a9cb52377408cb6fbfa05226691868 claimNumberOnChain=1785055688365266
2026-07-29T11:26:04.687Z OK claim_number=360472 claim_id=07129fc9-8482-406c-bed4-f338018b2934 use=claim fid=FID-29-117658-4 cr=CR9645760706984-8 scheme=SHIF amount=250.00 tx=0x6fb180deeaea2e9a93399a86ad1571b2f2bdbebd235c36a4caee8185ba3f21f5 claimNumberOnChain=1785055688365267
2026-07-29T11:26:14.810Z OK claim_number=360473 claim_id=6651139f-11bc-45ad-9a0c-9be1db5ccc30 use=claim fid=FID-29-117658-4 cr=CR1719173865679-5 scheme=SHIF amount=125.00 tx=0x533352297619974659364ef56e5f930a86aacb4771b936e03eee0720e1cc3709 claimNumberOnChain=1785055688365268
2026-07-29T11:26:25.078Z OK claim_number=360474 claim_id=1936555f-d03f-4645-82a3-e79cf4018e20 use=claim fid=FID-29-117658-4 cr=CR7335961151003-0 scheme=SHIF amount=125.00 tx=0x4ec465e9374e125f16fa74190ca9d7ed135f93772831752f801c6bffe746f65f claimNumberOnChain=1785055688365269
2026-07-29T11:26:35.480Z OK claim_number=360475 claim_id=8839b151-a74a-4e4d-ba0a-f90cd3a7ce55 use=claim fid=FID-29-117658-4 cr=CR9645760706984-8 scheme=SHIF amount=250.00 tx=0x5f2f165b92763cafde3ceea588380b3a6d490ce2288b52fa46ff2bfd4481be3e claimNumberOnChain=1785055688365270
2026-07-29T11:26:45.418Z OK claim_number=360476 claim_id=7768927e-4724-4a7a-88ff-a93628558a59 use=claim fid=FID-29-117658-4 cr=CR2036638303726-0 scheme=SHIF amount=125.00 tx=0xd92951fd9b0eb05dd454dd9158df8d2336acd35430674259116c5d766ec94c6e claimNumberOnChain=1785055688365271
2026-07-29T11:27:09.329Z OK claim_number=360477 claim_id=e5df70a9-d828-4f1c-90cc-4f44b8676949 use=claim fid=FID-29-117658-4 cr=BZ29728796-3 scheme=SHIF amount=100.00 tx=0x0fbba22628f1c60c3ea6d7c0eb4fdfe8787c86f0c9d8fdd6d94a6d0f35e4ef34 claimNumberOnChain=1785055688365272
2026-07-29T11:27:19.917Z OK claim_number=360478 claim_id=fdee6a9d-c717-4f33-b1d7-a57101bf39ec use=claim fid=FID-29-117658-4 cr=CR7400004069070-9 scheme=SHIF amount=250.00 tx=0x03e991dcb267a8a695b18fd766dbb058b86012adaba080385d4227bfd238e9be claimNumberOnChain=1785055688365273
2026-07-29T11:27:29.373Z OK claim_number=360479 claim_id=9808784e-92f3-45f0-bcbd-8b5289220752 use=claim fid=FID-29-117658-4 cr=CR1101247738986-7 scheme=SHIF amount=125.00 tx=0x5264ba4046efe29458021fb69a7f6ade0439a59a5fc90e5b9a88f18ad6c9089e claimNumberOnChain=1785055688365274
2026-07-29T11:27:56.066Z OK claim_number=360480 claim_id=c6079db5-e76c-4457-bd04-b52e50f8b48a use=claim fid=FID-29-117658-4 cr=CR7400004069070-9 scheme=SHIF amount=250.00 tx=0xb9c4a02ea05f8d0791892a886df9eba84e461574014719ea6989dcc4879bee81 claimNumberOnChain=1785055688365275
2026-07-29T11:28:06.349Z OK claim_number=360481 claim_id=a9475d00-0b79-47b4-8915-430085a6a2df use=claim fid=FID-29-117658-4 cr=CR7400004069070-9 scheme=SHIF amount=375.00 tx=0x6676de18d8b6d314abb4b826b5a07a3d3b05796a0ac91271f9c89950c9ce02a9 claimNumberOnChain=1785055688365276
2026-07-29T11:28:16.617Z OK claim_number=360482 claim_id=65b8db6f-9b32-41aa-a607-28298681ba79 use=claim fid=FID-29-117658-4 cr=CR0745716281938-7 scheme=SHIF amount=625.00 tx=0xe719bec777d46faeffa02781d273184bb71925155509f6882a939f9a36634596 claimNumberOnChain=1785055688365277
2026-07-29T11:28:43.299Z OK claim_number=360483 claim_id=6f8e13a6-a449-4453-89f6-c4b22da6cbb8 use=claim fid=FID-29-117658-4 cr=CR7400004069070-9 scheme=SHIF amount=250.00 tx=0x29a0cb56700f022c82e5817b6516f59216b21785029b9179fd3c292d98d837ae claimNumberOnChain=1785055688365278
2026-07-29T11:28:53.575Z OK claim_number=360484 claim_id=156b216c-25f9-4929-8beb-6a1dc170c46f use=claim fid=FID-29-117658-4 cr=CR7400004069070-9 scheme=SHIF amount=250.00 tx=0xf83cdcd0636346a91192268e8e36fe18e755243d56ab3e0ae7b8583e9442f2d6 claimNumberOnChain=1785055688365279
2026-07-29T11:29:03.675Z OK claim_number=360485 claim_id=fe0de520-44a6-4b81-983c-32cfb49bf504 use=claim fid=FID-29-117658-4 cr=CR7400004069070-9 scheme=SHIF amount=375.00 tx=0xb4ff6e73a7097cf5cfaec2324122502f644372a75c47108e38d7bca253443f4f claimNumberOnChain=1785055688365280
2026-07-29T11:29:13.830Z OK claim_number=360486 claim_id=d7864be7-27ec-491b-ae2a-5d5475e09a69 use=claim fid=FID-20-114807-9 cr=CR2424430857812-0 scheme=SHIF amount=500.00 tx=0xa5dfbe3e8e9c158ea1f8ef4d1e5870109afda59e4c3eb6645186b14a7b9ca71f claimNumberOnChain=1785055688365282
2026-07-29T11:29:47.080Z OK claim_number=360487 claim_id=43f71789-8ac0-4551-a3a6-9c72fd2d3cf7 use=claim fid=FID-20-114807-9 cr=CR6471745592742-3 scheme=SHIF amount=625.00 tx=0x48425bd1b60ed0f044fc3af5e882b3f6860acb54066544d669c3f3cf140aa7ca claimNumberOnChain=1785055688365284
2026-07-29T11:30:31.527Z OK claim_number=360488 claim_id=19d49b2a-ab98-4351-b96f-a4de89f920a7 use=claim fid=FID-29-117658-4 cr=CR2160817833121-1 scheme=SHIF amount=100.00 tx=0x0f384cce956576317936c5b6aed9681ef48cf6eec645a71ec719c73796737539 claimNumberOnChain=1785055688365285
2026-07-29T11:30:41.664Z OK claim_number=360489 claim_id=3e109d27-122a-477e-99fc-22db2155cc64 use=claim fid=FID-20-114807-9 cr=CR9252103734935-3 scheme=SHIF amount=375.00 tx=0x1437a9b8f5c032ec00090caa1c0a6e810182a9aee44de6bc77c65244df890e65 claimNumberOnChain=1785055688365286
2026-07-29T11:31:08.174Z OK claim_number=360490 claim_id=8ce7e3f2-a583-4e82-8554-5a881ce1f523 use=claim fid=FID-29-117658-4 cr=CR7400004069070-9 scheme=SHIF amount=100.00 tx=0xf128b0dd9de6138b77104ad11bfccb620463608a3a7b1a4ee0b2d576947996c7 claimNumberOnChain=1785055688365287
2026-07-29T11:31:18.412Z OK claim_number=360491 claim_id=49b2606d-1d9a-434e-862d-7837221432a8 use=claim fid=FID-20-114807-9 cr=CR2082489329083-7 scheme=SHIF amount=250.00 tx=0xee9e6ed7c06e41ddb06553068377b8d4825f1e96c8e1e41f6f7efcb3362babb9 claimNumberOnChain=1785055688365288
2026-07-29T11:31:42.784Z OK claim_number=360492 claim_id=a10cb15a-baab-4db4-84fb-759f6f94f945 use=claim fid=FID-29-117658-4 cr=CR7400004069070-9 scheme=SHIF amount=100.00 tx=0x62ba2b9074ab12406d9b84a78404ef240a8c16d1dfeac8082b57104888c4b36c claimNumberOnChain=1785055688365289
2026-07-29T11:31:52.299Z OK claim_number=360493 claim_id=55a02258-81b7-49fb-a3cc-ef3cbc6e4e36 use=claim fid=FID-29-117658-4 cr=CR4377092129235-7 scheme=SHIF amount=125.00 tx=0x060899f3683459feb05c531dcbba2ad95065785c77a549fc3707177bd696630c claimNumberOnChain=1785055688365291
2026-07-29T11:32:26.300Z OK claim_number=360494 claim_id=9a1d2f99-11cc-4f8c-a82b-b422b6b7f69b use=claim fid=FID-29-117658-4 cr=CR2160817833121-1 scheme=SHIF amount=100.00 tx=0x94909b5e1b5c4ac2f5e3986635ce2d61b0a0a112d023bd3ca50a84bb34ebb807 claimNumberOnChain=1785055688365292
2026-07-29T11:32:36.689Z SKIP claim_number=360495 claim_id=4e47129f-90b9-43a9-ac74-7262dae2ff42 reason=zero_amount claimed_total_raw=0.00
2026-07-29T11:32:36.699Z OK claim_number=360496 claim_id=0327ba70-22a4-45aa-852f-97d11ebfbb30 use=claim fid=FID-29-117658-4 cr=CR5749088994631-5 scheme=SHIF amount=100.00 tx=0x78351ded0f91240083a0424c4e84f182d699b2c7f59d374523e1713b670a572c claimNumberOnChain=1785055688365293
2026-07-29T11:32:47.079Z OK claim_number=360497 claim_id=63a033dc-6ec6-487d-b59b-c64c5f81325b use=claim fid=FID-29-117658-4 cr=CR1238376252077-4 scheme=SHIF amount=125.00 tx=0xeb3cc6609d75b543046b68c4d9f167e3bbd69169b483e1d04d3fe55471189009 claimNumberOnChain=1785055688365294
2026-07-29T11:33:14.499Z OK claim_number=360498 claim_id=3a3e1f0b-a195-425e-bbc9-b076e6562001 use=claim fid=FID-29-117658-4 cr=CR4904944877318-9 scheme=SHIF amount=100.00 tx=0x8ac0a770ccea545fb8dd03e9548deeb589e051551a6fa4ebfc8c8c04bb43c6ca claimNumberOnChain=1785055688365295
2026-07-29T11:33:24.999Z OK claim_number=360499 claim_id=afbf9a88-56f5-431a-ae1b-652d33218b7e use=claim fid=FID-29-117658-4 cr=CR3777734034637-3 scheme=SHIF amount=125.00 tx=0x98f8a8fd84b2dbf234f4c7b9e348d34af85fb26caa3cc9c565512b6dcc936b55 claimNumberOnChain=1785055688365296
2026-07-29T11:33:49.663Z OK claim_number=360500 claim_id=399d3a3a-07d7-4dee-9b10-0d50b7df4082 use=claim fid=FID-29-117658-4 cr=CR7400004069070-9 scheme=SHIF amount=100.00 tx=0xb7c63b80ad7ea9e575e96aa235659f03853f7f4e67dda751954aefa76dff1c06 claimNumberOnChain=1785055688365297
2026-07-29T11:34:00.677Z OK claim_number=360501 claim_id=f69b92da-f304-4f47-b75a-75ccd2997a60 use=claim fid=FID-20-114807-9 cr=CR9789198009956-9 scheme=SHIF amount=1062.50 tx=0xf7dc6f5e60736510248d421b18c2896ad4e8feaf8654fb33ac1e2e5686958cd1 claimNumberOnChain=1785055688365298
2026-07-29T11:34:20.063Z OK claim_number=360502 claim_id=9213aa2f-d381-4433-8b9f-ad56ed7cb99a use=claim fid=FID-29-117658-4 cr=CR8727405005556-7 scheme=SHIF amount=625.00 tx=0xcf8b3c55edc3c5d4b5c8b1e00eef61b411bc20ec60a6ff70153b9411f94bbec1 claimNumberOnChain=1785055688365300
2026-07-29T11:34:39.838Z OK claim_number=360503 claim_id=d2c53aab-cd71-4740-93a5-ae85534ecf3b use=claim fid=FID-29-117658-4 cr=CR4686598781823-1 scheme=SHIF amount=46.95 tx=0x52cc18c2299001f392e6b3d3fe3f32d97a3bf27d142e91586cda827816a1ea1a claimNumberOnChain=1785055688365301
2026-07-29T11:34:50.514Z OK claim_number=360504 claim_id=09cb3bfb-f6bc-4c78-94a2-e6f1c6a4363c use=claim fid=FID-20-114807-9 cr=CR1071342841400-8 scheme=SHIF amount=250.00 tx=0x23493fbb8c55d2236231cc953313bf9f07294588963b6e8f5a9c658193f9467d claimNumberOnChain=1785055688365302
2026-07-29T11:35:24.990Z OK claim_number=360505 claim_id=c1e8776c-70f3-41b1-9b2f-aeed496456f1 use=claim fid=FID-29-117658-4 cr=CR4686598781823-1 scheme=SHIF amount=87.50 tx=0x68fc18b83851b91fa2e8ca27c26c93ab8d1980b293d3fadb8d365453c5dfc8dd claimNumberOnChain=1785055688365303
2026-07-29T11:35:34.493Z OK claim_number=360506 claim_id=c856736c-59be-4643-b306-8e0f91a31114 use=claim fid=FID-20-114807-9 cr=CR4641959529394-8 scheme=SHIF amount=2593.75 tx=0xa6b62b214dc0a4a0a69e7e3a216ac24df78502924208226eed3ef28da292cdcb claimNumberOnChain=1785055688365304
2026-07-29T11:36:00.017Z ERR claim_number=360507 claim_id=d86fd391-9a79-40de-a6e4-a70d7f3ea736 use=claim fid=FID-29-117658-4 cr=CR4686598781823-1 error=fetch failed
2026-07-29T11:36:57.535Z ERR claim_number=360508 claim_id=6c7e2287-1129-4193-aecb-87c315989cda use=claim fid=FID-29-117658-4 cr=CR4686598781823-1 error=fetch failed
2026-07-29T11:54:04.212Z ERR claim_number=360509 claim_id=5a153ebd-bc0e-4bf8-b934-1b6f738fde66 use=claim fid=FID-29-117658-4 cr=CR1556388758204-2 error=fetch failed
2026-07-29T12:43:35.267Z ERR claim_number=360510 claim_id=ea85e22c-75fc-4e30-a140-f36777f6fc60 use=claim fid=FID-29-117658-4 cr=CR4686598781823-1 error=fetch failed
2026-07-29T13:18:09.808Z ERR claim_number=360511 claim_id=65c583b7-5d04-465f-9abc-94c3c7fd0a4e use=claim fid=FID-29-117658-4 cr=CR4686598781823-1 error=fetch failed
2026-07-29T13:33:18.957Z ERR claim_number=360512 claim_id=1c603d15-cfb1-4475-baed-69cf6d190eb6 use=claim fid=FID-20-114807-9 cr=CR8035519844695-3 error=fetch failed
2026-07-29T14:10:45.753Z ERR claim_number=360513 claim_id=8c54ec53-205e-407d-a3c7-0fad1ede3ecf use=claim fid=FID-29-117658-4 cr=CR4686598781823-1 error=fetch failed
2026-07-29T14:10:54.297Z ERR claim_number=360514 claim_id=b71504db-0b53-42cb-8a23-677e369e6b68 use=claim fid=FID-29-117658-4 cr=CR4686598781823-1 error=fetch failed
2026-07-29T14:11:04.538Z ERR claim_number=360515 claim_id=b06f2999-5d8d-4a88-b869-897df9911066 use=claim fid=FID-29-117658-4 cr=CR0449183060636-6 error=fetch failed
2026-07-29T14:12:22.207Z ERR claim_number=360516 claim_id=45b3ddee-5267-44bd-b615-6a61845bbcf1 use=claim fid=FID-29-117658-4 cr=CR4686598781823-1 error=fetch failed
2026-07-29T14:12:30.879Z ERR claim_number=360517 claim_id=5c20262e-27f6-435c-8578-5b4b30a4955c use=claim fid=FID-29-117658-4 cr=CR4686598781823-1 error=fetch failed
2026-07-29T14:25:48.781Z ERR claim_number=360518 claim_id=ec1b778d-52c1-4d53-a47f-315d16cc97fb use=claim fid=FID-29-117658-4 cr=CR0582036081482-7 error=fetch failed
2026-07-29T14:26:06.364Z ERR claim_number=360519 claim_id=d687d5ed-f54b-418f-abbf-a04d40f20e7b use=claim fid=FID-29-117658-4 cr=CR4686598781823-1 error=fetch failed
2026-07-31T07:07:03.963Z OK claim_number=360520 claim_id=a974007c-f80a-4044-81ad-282df0a789c6 use=claim fid=FID-29-117658-4 cr=CR4686598781823-1 scheme=SHIF amount=87.50 tx=0xc0d39feefb27bf1c0e21d80a37b6bde45e13277ab3c32e34dcb44906bf96fc8f claimNumberOnChain=1785055688365500
2026-07-31T07:07:27.850Z OK claim_number=360521 claim_id=b16ae8c9-236f-407a-bcd7-381bc39032de use=claim fid=FID-29-117658-4 cr=CR4686598781823-1 scheme=SHIF amount=46.95 tx=0x80bfa4244805d5de4202d2340581db586863b6c0df8575522e3358d3696ae9d6 claimNumberOnChain=1785055688365501
2026-07-31T07:07:33.551Z OK claim_number=360522 claim_id=70bc0f87-3967-4180-90d3-8e199c8f989f use=claim fid=FID-20-114807-9 cr=CR0333703675664-9 scheme=SHIF amount=2843.75 tx=0xd1b2d4527d518b0e345f4bc343456ca8c7446fcb645b4ffa91f555e61b44248b claimNumberOnChain=1785055688365502
2026-07-31T07:07:56.886Z OK claim_number=360523 claim_id=1e006125-8bdb-45d6-8b47-6bad0e43c099 use=claim fid=FID-29-117658-4 cr=CR4686598781823-1 scheme=SHIF amount=87.50 tx=0xe675207e0da7bbbd21bf6c4e30da24ca7b68289b60d66cdfa12a7434d7898c85 claimNumberOnChain=1785055688365503
2026-07-31T07:08:02.456Z OK claim_number=360524 claim_id=6099506e-3918-4ffe-99dc-cd779a7271f8 use=claim fid=FID-20-114807-9 cr=CR4270691220449-9 scheme=SHIF amount=375.00 tx=0xbb29c5be980ccac2aa240c4fc07006d4291b64c0433c184403ad3b2f6eed6d1c claimNumberOnChain=1785055688365504
2026-07-31T07:08:15.092Z OK claim_number=360525 claim_id=11491572-c386-4e0b-9ab6-90e72d1bdeca use=claim fid=FID-29-117658-4 cr=CR8727405005556-7 scheme=SHIF amount=100.00 tx=0xf67a5c77bde6a903a2767d6add3c263856a4d96f47e3233ac92b18eff0a278ee claimNumberOnChain=1785055688365505
2026-07-31T07:08:20.828Z OK claim_number=360526 claim_id=584d6680-a4dd-45ed-96cf-77519ebd10bb use=claim fid=FID-20-114807-9 cr=CR0952895414790-2 scheme=SHIF amount=375.00 tx=0x4bed90729accbaf202defff3458fda331c6d4da7b3ca8495645153952d799ee9 claimNumberOnChain=1785055688365507
2026-07-31T07:08:35.938Z OK claim_number=360527 claim_id=f847fe48-f123-4271-84de-d280d031dbb2 use=claim fid=FID-29-117658-4 cr=BZ29728796-3 scheme=SHIF amount=625.00 tx=0x7e6f24fd413f1f57b03e1a236b9f04609c826890b178ddc996643e3e83d7907a claimNumberOnChain=1785055688365508
2026-07-31T07:08:41.541Z OK claim_number=360528 claim_id=9d677e27-16ab-41d4-9c87-5a22adb3391b use=claim fid=FID-29-117658-4 cr=CR4554255301235-5 scheme=SHIF amount=125.00 tx=0x7e1e98dafea694c9b89e90489fdc571e052bef600ea64a61985a633c3f7f244f claimNumberOnChain=1785055688365509
2026-07-31T07:08:53.960Z OK claim_number=360529 claim_id=6673321e-900c-4925-8c85-38aad47bf895 use=claim fid=FID-29-117658-4 cr=CR6509895938248-3 scheme=SHIF amount=100.00 tx=0xaff39f154143ba0a66b2128fddb4687651d2ab7bab5c43d2e66da7da52f408ac claimNumberOnChain=1785055688365510
2026-07-31T07:08:59.603Z OK claim_number=360530 claim_id=39707193-76ce-4cda-8f2e-f539f6474d00 use=claim fid=FID-20-114807-9 cr=CR6664185927503-1 scheme=SHIF amount=125.00 tx=0x7fc8a1048a8cf5f3ba9f27904454e82a2aceae8b64ad892121b9f372e1dec90f claimNumberOnChain=1785055688365511
2026-07-31T07:09:08.176Z OK claim_number=360531 claim_id=35eb7bd1-318b-4cd8-b21b-f441fd63c727 use=claim fid=FID-29-117658-4 cr=CR4686598781823-1 scheme=SHIF amount=46.95 tx=0x24b2dce9f992862d919628e63aee5788fe3103b2d8ff59cc5a116e7fc5912e3c claimNumberOnChain=1785055688365512
2026-07-31T07:09:13.811Z OK claim_number=360532 claim_id=9804336a-ca07-4e2e-8a74-085604f5f66a use=claim fid=FID-20-114807-9 cr=CR0128273485160-1 scheme=SHIF amount=625.00 tx=0xaa196dd8d6ca1c8401fbb1daf8fa5d783abe9d54ae8781452750d4595b1b32dd claimNumberOnChain=1785055688365513
2026-07-31T07:09:31.374Z OK claim_number=360533 claim_id=9801b2eb-a37f-4155-941f-8cb43000fb32 use=claim fid=FID-29-117658-4 cr=CR4686598781823-1 scheme=SHIF amount=87.50 tx=0x1f3ac8075ee13e89c1e811059e0843682caf09c5e3fefd3ba9d3fe728f1b226c claimNumberOnChain=1785055688365515
2026-07-31T07:09:39.608Z OK claim_number=360534 claim_id=53d6a990-a1cb-4ca3-9265-0003c49e9ab3 use=claim fid=FID-29-117658-4 cr=CR4686598781823-1 scheme=SHIF amount=46.95 tx=0xc278b77a8070632a3921f7aceaf94db3156b572df792925b9c83aeab5aec1002 claimNumberOnChain=1785055688365516
2026-07-31T07:09:45.215Z OK claim_number=360535 claim_id=00bdae37-9873-4b9f-8cca-8e8873607c3d use=claim fid=FID-20-114807-9 cr=CR9267247346972-4 scheme=SHIF amount=250.00 tx=0xc62bd995b3651aa28884150f9fa8b997bd736dd4b9d8b6c88909672e816293bc claimNumberOnChain=1785055688365517
2026-07-31T07:09:57.615Z OK claim_number=360536 claim_id=4c00cded-4fe0-46aa-87de-c45c8451ecd8 use=claim fid=FID-29-117658-4 cr=CR4686598781823-1 scheme=SHIF amount=87.50 tx=0x05d6499e28d8e80f927d0f8de45b43fd501a980bb2c3a6fb62c4418dd29dd104 claimNumberOnChain=1785055688365518
2026-07-31T07:10:03.360Z OK claim_number=360537 claim_id=0244076c-a157-435e-96c8-68d2fa0f5d67 use=claim fid=FID-29-117658-4 cr=CR3581624256765-2 scheme=SHIF amount=125.00 tx=0x7e2235d63734d46185f7b2b6486751b90cfec4dd108ac9e072bac0c5623af299 claimNumberOnChain=1785055688365519
2026-07-31T07:10:17.197Z OK claim_number=360538 claim_id=c58e905a-a15f-4e75-bf81-0e35890cff57 use=claim fid=FID-29-117658-4 cr=CR4686598781823-1 scheme=SHIF amount=46.95 tx=0x57f8a982055352a20738d87188e5f8146861f87643553e0f9ee54461ddb00739 claimNumberOnChain=1785055688365520
2026-07-31T07:10:20.770Z OK claim_number=360539 claim_id=ba7b519a-72dc-473a-b5d4-3cc4d419e059 use=claim fid=FID-29-117658-4 cr=CR4686598781823-1 scheme=SHIF amount=87.50 tx=0x3615abbce9037895d88ce928a268d0a36392dbc2d30232be302f857e1d6848ae claimNumberOnChain=1785055688365521
2026-07-31T07:10:26.824Z OK claim_number=360540 claim_id=b1947820-9c9c-4aac-b245-530181e449e9 use=claim fid=FID-29-117658-4 cr=CR6669968947531-2 scheme=SHIF amount=125.00 tx=0x5ea3019cf81d994ba313dac34effbe92eafd7a4bf65bed519a11685de5e9d9ca claimNumberOnChain=1785055688365522
2026-07-31T07:10:39.562Z OK claim_number=360541 claim_id=ef26f552-1511-4e3f-aab6-001c922b8579 use=claim fid=FID-29-117658-4 cr=CR4686598781823-1 scheme=SHIF amount=46.95 tx=0x004ce57089054723b51cc48aa604a5ed58925ea009564b8ad1dac095fb8ac3c0 claimNumberOnChain=1785055688365523
2026-07-31T07:10:45.251Z OK claim_number=360542 claim_id=cf1984b8-fd83-4737-b937-8cf6b0985137 use=claim fid=FID-29-117658-4 cr=CR4686598781823-1 scheme=SHIF amount=87.50 tx=0x8de183b2b21440621da2cc084b12c5256929b90446455870f6d5b413d9a2f2fb claimNumberOnChain=1785055688365525
2026-07-31T07:10:53.715Z OK claim_number=360543 claim_id=1a816823-48cf-4631-b84c-d6825343a73e use=claim fid=FID-20-114807-9 cr=CR8749818247389-9 scheme=SHIF amount=250.00 tx=0xc57a765ee643c488c06882838ab732dd14e2788d8ec79d5c1adf5c6c74facdaf claimNumberOnChain=1785055688365526
2026-07-31T07:11:06.391Z OK claim_number=360544 claim_id=03b8e213-81ec-4486-9ccf-e22e1ead60d2 use=claim fid=FID-29-117658-4 cr=CR8727405005556-7 scheme=SHIF amount=625.00 tx=0x1472d92fc160ee4084d47bd98759213b0336adbc7edac34affa4e3ba8a7cc02c claimNumberOnChain=1785055688365527
2026-07-31T07:11:12.171Z OK claim_number=360545 claim_id=29f96282-2c7d-4816-adc9-53dd6bcde7ad use=claim fid=FID-29-117658-4 cr=CR6101200171182-5 scheme=SHIF amount=125.00 tx=0xcd25cdac49ce54094aabc43c8101833a0900102eb0c061d4a51273423f0b1aea claimNumberOnChain=1785055688365528
2026-07-31T07:11:24.891Z OK claim_number=360546 claim_id=d3094cf3-8fef-48d5-be4e-1dd7169bc012 use=claim fid=FID-29-117658-4 cr=CR8727405005556-7 scheme=SHIF amount=600.00 tx=0xcd4d512d93cd7917dbe32355096498dc7b50db7a85f67ca4b78e12504c5172eb claimNumberOnChain=1785055688365529
2026-07-31T07:11:30.466Z OK claim_number=360547 claim_id=be5b4d35-b54a-4468-88dc-d25f621a3b53 use=claim fid=FID-29-117658-4 cr=CR0759523407952-0 scheme=SHIF amount=125.00 tx=0x3cfbf1d55ca841c32bcfc0cee59021f519b7186b5625710be9a152fb5d1f507d claimNumberOnChain=1785055688365530
2026-07-31T07:11:39.637Z OK claim_number=360548 claim_id=26fea0ca-7733-466a-9956-891bbb5a8654 use=claim fid=FID-29-117658-4 cr=CR8727405005556-7 scheme=SHIF amount=500.00 tx=0x6edd9f172d82fb2e0f30bfef75378d43d07928281efa5dd00254042dcf9a0e1e claimNumberOnChain=1785055688365531
2026-07-31T07:11:45.270Z OK claim_number=360549 claim_id=7ba4ad8c-1c63-4595-a837-f13fe2848032 use=claim fid=FID-29-117658-4 cr=CR2855359441362-8 scheme=SHIF amount=125.00 tx=0x1713d2b693857c2141ebd0b62ff28fc1e399f79ad67f2a10de4e4bbd8f012013 claimNumberOnChain=1785055688365532
2026-07-31T07:11:57.730Z OK claim_number=360550 claim_id=8d93a01a-4773-45c5-b003-949c42a4292e use=claim fid=FID-29-117658-4 cr=CR3928672760384-2 scheme=SHIF amount=100.00 tx=0x4538301c6aeb26d5bc38814d8dc31ce61c81180227e94cb1a0dd3e1da3cee453 claimNumberOnChain=1785055688365533
2026-07-31T07:12:03.584Z OK claim_number=360551 claim_id=68172e8d-86a8-4209-acb8-6ba2f25b066c use=claim fid=FID-29-117658-4 cr=CR7860562929831-4 scheme=SHIF amount=100.00 tx=0x4e5d34ec4086d9758e55b1d37cd32920a747db562fcadc635d366a50783f84f5 claimNumberOnChain=1785055688365534
2026-07-31T07:12:09.317Z OK claim_number=360552 claim_id=d5452991-ad4d-4aa9-bc1c-3f167434b9d1 use=claim fid=FID-20-114807-9 cr=CR5610327816296-1 scheme=SHIF amount=250.00 tx=0xab350e9a7f5c970d621e7943432b1ba7028df2b82ee1b2efcaa0954ce70b4507 claimNumberOnChain=1785055688365535
2026-07-31T07:12:21.913Z OK claim_number=360553 claim_id=a961f046-f6e8-40bb-bac7-9a23c8d33386 use=claim fid=FID-29-117658-4 cr=CR8727405005556-7 scheme=SHIF amount=266.05 tx=0x6a8f7a84ea1a328054c7d1bfc57e6a9ba7d677a358ad523d9c7026eb4c141222 claimNumberOnChain=1785055688365536
2026-07-31T07:12:27.509Z OK claim_number=360554 claim_id=cf20802f-c59e-4ed3-bc83-3ccd47d9cc83 use=claim fid=FID-29-117658-4 cr=CR0998760759269-2 scheme=SHIF amount=125.00 tx=0xe031fc133e9347c1b17fa6eee887f03afc98732187a18489fa09970c31d4fa10 claimNumberOnChain=1785055688365537
2026-07-31T07:12:40.856Z OK claim_number=360555 claim_id=fca9e1a3-d22f-4c24-93a2-377f083bbac0 use=claim fid=FID-29-117658-4 cr=CR8727405005556-7 scheme=SHIF amount=266.05 tx=0x7556f750a9a680378883e7d22891a5f084e66bcb7ea6f4a74ac41218e1fd08cd claimNumberOnChain=1785055688365538
2026-07-31T07:12:46.433Z OK claim_number=360556 claim_id=0225e6f2-524e-4326-b240-e0aacbae4bb3 use=claim fid=FID-29-117658-4 cr=CR8706882107674-0 scheme=SHIF amount=100.00 tx=0x209ab9d50b2e042c2d3384613e33fb0c3d4fbe8cd3f1e265380d708f70f505a4 claimNumberOnChain=1785055688365539
2026-07-31T07:12:52.082Z OK claim_number=360557 claim_id=e51aa5ae-35a4-44c4-a519-562b7f9e8727 use=claim fid=FID-20-114807-9 cr=CR5534025449694-5 scheme=SHIF amount=250.00 tx=0xfb53649dcf57f74c94e490ebf165ef39924ce5d7a7388bec7cc80e9617b3b6bf claimNumberOnChain=1785055688365541
2026-07-31T07:13:12.597Z OK claim_number=360558 claim_id=b2353190-7801-4dea-b108-9c9c74eb25cb use=claim fid=FID-29-117658-4 cr=CR4107917241884-0 scheme=SHIF amount=125.00 tx=0x572e001517536e6cfb9590a5394f39f40b2a0b886015636e05f49e278b994bfe claimNumberOnChain=1785055688365542
2026-07-31T07:13:25.417Z OK claim_number=360559 claim_id=4e11176d-bca4-4bee-9836-7215183c3498 use=claim fid=FID-29-117658-4 cr=CR4195890425516-8 scheme=SHIF amount=75.00 tx=0x6567479fed75fe694e04c7dde57b2de26573bf627acaff96419b85d9ab783c33 claimNumberOnChain=1785055688365543
2026-07-31T07:13:30.933Z OK claim_number=360560 claim_id=e8cc86ce-2445-4c8a-a5d3-7efb6215db25 use=claim fid=FID-29-117658-4 cr=CR4195890425516-8 scheme=SHIF amount=22.50 tx=0x4a66ceeda16ea006e6c9ccb6781d8c0389c6a59cce7d573561f4f448da791f80 claimNumberOnChain=1785055688365544
2026-07-31T07:13:36.526Z OK claim_number=360561 claim_id=f8e15ceb-88d7-4ebf-b396-eeebdbb53fee use=claim fid=FID-29-117658-4 cr=CR4195890425516-8 scheme=SHIF amount=75.00 tx=0x15a3c963e87f7d41aae565dda259fea4684e79237463933c04c181ef4f6684e3 claimNumberOnChain=1785055688365545
2026-07-31T07:13:39.224Z OK claim_number=360562 claim_id=011d43b1-0e36-4622-95c4-7d1152c3d105 use=claim fid=FID-20-114807-9 cr=CR7179770504349-5 scheme=SHIF amount=150.00 tx=0xf988dc28d468b1328f64363b3901e3544f0f8c86ef30ce5716a4b1d8383e228c claimNumberOnChain=1785055688365546
2026-07-31T07:13:52.170Z OK claim_number=360563 claim_id=bd5983a7-063e-4d46-8758-ca4205e3ce60 use=claim fid=FID-29-117658-4 cr=CR4195890425516-8 scheme=SHIF amount=22.50 tx=0x61721cc49e31c48a03c281d39c556bd02754db4c014ff9bf82b50a5d03579c4c claimNumberOnChain=1785055688365547
2026-07-31T07:13:57.761Z OK claim_number=360564 claim_id=d2109111-6771-455d-91a0-da2fcbdaacd8 use=claim fid=FID-29-117658-4 cr=CR0428543017568-5 scheme=SHIF amount=125.00 tx=0x71a49f597df12daec5b625779d1f8dcd5167eff6ce4ac59687e73bc0f2a8ecb4 claimNumberOnChain=1785055688365548
2026-07-31T07:14:10.181Z OK claim_number=360565 claim_id=12864c8b-e3a1-489a-ae8e-8ed36f737117 use=claim fid=FID-29-117658-4 cr=CR4195890425516-8 scheme=SHIF amount=75.00 tx=0x73554ba69d675035a22ff7604c8f96085c9f82ab3f8391a0e7a7e5f1852a66d7 claimNumberOnChain=1785055688365549
2026-07-31T07:14:15.786Z OK claim_number=360566 claim_id=5de444ad-b863-41f7-9f0c-8d8a73cc5ba2 use=claim fid=FID-29-117658-4 cr=CR8421018581329-1 scheme=SHIF amount=125.00 tx=0xded149f099ea33dd8566b6e8724517e47654fbe2775aee98acbf2ddb77d0245f claimNumberOnChain=1785055688365550
2026-07-31T07:14:28.866Z OK claim_number=360567 claim_id=6b0430a0-b605-42ab-8813-f9638b8f85e9 use=claim fid=FID-29-117658-4 cr=CR4195890425516-8 scheme=SHIF amount=22.50 tx=0xb95266718d34c2ac8ba8d37c95d42fdc186d532764757ec1c57b46c377baf12c claimNumberOnChain=1785055688365551
2026-07-31T07:14:34.402Z OK claim_number=360568 claim_id=a3714d30-e6d3-4f45-b643-9fada06225df use=claim fid=FID-29-117658-4 cr=CR4195890425516-8 scheme=SHIF amount=75.00 tx=0xdd87abcebf8e6720f882d7c4af0ac3295669a5c2321a02eaaaf4479551fdb617 claimNumberOnChain=1785055688365552
2026-07-31T07:14:40.016Z OK claim_number=360569 claim_id=4e7d0915-96be-4457-9f2e-039706530aed use=claim fid=FID-29-117658-4 cr=CR0990327331330-5 scheme=SHIF amount=125.00 tx=0xbd612a5725decf9a7e757c50030dc155fbe183e0299e209ce66c90758d740368 claimNumberOnChain=1785055688365553
2026-07-31T07:14:52.479Z OK claim_number=360570 claim_id=58d9c6ff-41df-4f33-a3f2-325b5b210289 use=claim fid=FID-29-117658-4 cr=CR4195890425516-8 scheme=SHIF amount=22.50 tx=0x639a6338028cedd123575279e3956292c608dad90d839e57b557582276e1ba63 claimNumberOnChain=1785055688365554
2026-07-31T07:14:58.107Z OK claim_number=360571 claim_id=d4e53426-cc4f-4797-9f1d-138a5fad60d8 use=claim fid=FID-20-114807-9 cr=CR4084263677128-1 scheme=SHIF amount=812.50 tx=0x4ddf8da5036405df4907edaca5f2212dd5a3ab9f71e025ac3c49fc50ca1c8f7d claimNumberOnChain=1785055688365555
2026-07-31T07:15:10.556Z OK claim_number=360572 claim_id=d5377784-f4c9-41fb-85b8-eb5d872d940d use=claim fid=FID-29-117658-4 cr=CR4195890425516-8 scheme=SHIF amount=75.00 tx=0x06c5ba11bb96e960e5ef28cb8247a60366eb6d19134b3c4cedb7c6012f12fe25 claimNumberOnChain=1785055688365556
2026-07-31T07:15:16.893Z OK claim_number=360573 claim_id=6ad9f0a6-4947-4b3a-b319-5f6ab27f02a1 use=claim fid=FID-29-117658-4 cr=CR4195890425516-8 scheme=SHIF amount=22.50 tx=0x1dd23d06e03d0dd02386a076c47bbe034b44de660a1c661e86d6c4d1d9f5df0a claimNumberOnChain=1785055688365557
2026-07-31T07:15:22.626Z OK claim_number=360574 claim_id=09c4e09d-ec35-4a4b-9624-84826828fdd6 use=claim fid=FID-20-114807-9 cr=CR0876008986796-0 scheme=SHIF amount=1000.00 tx=0x8b7b4cc64580ac3baf2d703db7308fdde9ffaaeb00fa59ca15d2e0cb50eba329 claimNumberOnChain=1785055688365558
2026-07-31T07:15:48.889Z OK claim_number=360575 claim_id=477205b1-8707-4863-9c52-1d555b552980 use=claim fid=FID-29-117658-4 cr=CR0597975760735-8 scheme=SHIF amount=100.00 tx=0x1aa803365bdc8cb2dd5ba46c7bbf1f8cf402411754da619992affbc5d541a192 claimNumberOnChain=1785055688365559
2026-07-31T07:15:54.544Z OK claim_number=360576 claim_id=ae510c47-0a33-4b6b-a728-49b3f8c9a1af use=claim fid=FID-29-117658-4 cr=CR9645760706984-8 scheme=SHIF amount=100.00 tx=0x2e28098a98f431c1e124433ad8bf80168db1d30007e384e57372ef08d7d5058f claimNumberOnChain=1785055688365560
2026-07-31T07:16:00.863Z OK claim_number=360577 claim_id=3586ce52-bc28-4142-85ff-032e29558bf5 use=claim fid=FID-20-114807-9 cr=CR8100546944204-6 scheme=SHIF amount=375.00 tx=0xf813a6e9f0c38acab1ac6d94c685d7b6d5d7659222af38311911799bef658054 claimNumberOnChain=1785055688365561
2026-07-31T07:16:13.744Z OK claim_number=360578 claim_id=f88d5bb9-cf62-4da4-aec1-bdaba32e889e use=claim fid=FID-29-117658-4 cr=CR4195890425516-8 scheme=SHIF amount=100.00 tx=0x03b744932434d854f5a49ffadfb4336dbfd37610e49e4515ecddaccb2ebe8923 claimNumberOnChain=1785055688365562
2026-07-31T07:16:19.325Z OK claim_number=360579 claim_id=cc6ab96c-c09d-451b-bf60-c7455954d1c8 use=claim fid=FID-20-114807-9 cr=CR4001131311615-8 scheme=SHIF amount=250.00 tx=0xf719e8bdc76cf927243104f604b90b2e4e1b856e0ea93d52462a1077ca2da529 claimNumberOnChain=1785055688365563
2026-07-31T07:16:31.726Z OK claim_number=360580 claim_id=2e993866-0ea1-46d4-8c50-076850f40a96 use=claim fid=FID-29-117658-4 cr=CR5741431600340-9 scheme=SHIF amount=100.00 tx=0xd2bfa62f8dc0d46cbfb6a04b963a659a8958e3470c58f0c97480c3ebb47d38ff claimNumberOnChain=1785055688365564
2026-07-31T07:16:37.305Z OK claim_number=360581 claim_id=1e97a4be-3280-4ad8-a5c6-084dae49b6ac use=claim fid=FID-29-117658-4 cr=CR2171753295353-5 scheme=SHIF amount=125.00 tx=0x6e30a5b1545bba2136fc9a584e7cadb676139e2c9cbc07410ab037dec397c667 claimNumberOnChain=1785055688365565
2026-07-31T07:16:49.667Z OK claim_number=360582 claim_id=4e85772b-d102-4420-b28b-75606bfc0740 use=claim fid=FID-29-117658-4 cr=CR8706882107674-0 scheme=SHIF amount=100.00 tx=0x7683675c6a4a9944ae1b2ca44e1649355dcb55b2a7522482a04dac03f73e8a04 claimNumberOnChain=1785055688365566
2026-07-31T07:16:55.398Z OK claim_number=360583 claim_id=726acef1-05dc-4d6b-bdae-d65fe43203d3 use=claim fid=FID-29-117658-4 cr=CR5133351838373-0 scheme=SHIF amount=125.00 tx=0x2a7fe30fdba7bccdf724f84ff4306618e37d62d706e6c002a5f9120f849cc642 claimNumberOnChain=1785055688365567
2026-07-31T07:17:07.919Z OK claim_number=360584 claim_id=fbf7dba5-5836-44ed-a809-37a4926e7cb0 use=claim fid=FID-29-117658-4 cr=CR8706882107674-0 scheme=SHIF amount=100.00 tx=0xefa666d9368b81d381dc9efba71ca2edda96945c3b85f1dfb6ad13f552098557 claimNumberOnChain=1785055688365568
2026-07-31T07:17:13.480Z OK claim_number=360585 claim_id=7aadc873-e398-40fc-803f-b4abb609e204 use=claim fid=FID-29-117658-4 cr=CR0618024303760-2 scheme=SHIF amount=125.00 tx=0x243968738f860f8324d1c3ba10b770b521cb8169e1a13762699a8c091ae85bbd claimNumberOnChain=1785055688365570
2026-07-31T07:17:28.302Z OK claim_number=360586 claim_id=ca61a08e-9c03-473c-94d3-0d7ce7044524 use=claim fid=FID-29-117658-4 cr=CR8706882107674-0 scheme=SHIF amount=100.00 tx=0xf7bb0c13c993a5fd5519ab40c7c58134d9005f16ab67cb6602815413a507446f claimNumberOnChain=1785055688365571
2026-07-31T07:17:33.870Z OK claim_number=360587 claim_id=ae2067fd-a834-447f-9524-f948a8a26c3a use=claim fid=FID-29-117658-4 cr=CR7400004069070-9 scheme=SHIF amount=100.00 tx=0x65d307979d7f4646145edab47a6c9dcd0800087155986d16556eb7b68498a346 claimNumberOnChain=1785055688365572
2026-07-31T07:17:39.487Z OK claim_number=360588 claim_id=0e5fa391-c316-4f58-a088-70ccaaf86345 use=claim fid=FID-29-117658-4 cr=CR7232400566541-1 scheme=SHIF amount=125.00 tx=0x15ce428074d050e9519130fe0b48f0de69791ddd4be9201e2b902d87572bb935 claimNumberOnChain=1785055688365573
2026-07-31T07:17:51.869Z OK claim_number=360589 claim_id=6351dfe7-c923-4573-a838-9ea9ded13558 use=claim fid=FID-29-117658-4 cr=CR8727405005556-7 scheme=SHIF amount=625.00 tx=0xe78156c1dc4f330d0a6d7fe268cc1c89d5fc7c9e3685988933dc6ffa251802d6 claimNumberOnChain=1785055688365574
2026-07-31T07:17:57.478Z OK claim_number=360590 claim_id=34e84c56-9d86-4a70-a26b-0985dc802eae use=claim fid=FID-20-114807-9 cr=CR7937046044509-9 scheme=SHIF amount=375.00 tx=0xdf00a1427bd1c28a934812e4b80094bba5e50129a2a284f98799d19deee4f52e claimNumberOnChain=1785055688365575
2026-07-31T07:18:09.856Z OK claim_number=360591 claim_id=735581fc-2501-46bd-8d4f-9fed33e8964d use=claim fid=FID-29-117658-4 cr=CR8727405005556-7 scheme=SHIF amount=625.00 tx=0xd0aa6c88ca4a45c1a1256a62d50336c6b52c237ba3071267ab94e763d6cbbdb6 claimNumberOnChain=1785055688365576
2026-07-31T07:18:15.481Z OK claim_number=360592 claim_id=ed3c7d80-7874-416f-8bb0-49d0ff53adaf use=claim fid=FID-20-114807-9 cr=CR9608276496902-6 scheme=SHIF amount=500.00 tx=0xcbb32401026c06268269035d69deac07ac5c8a24d7effb747880c4c468b5a408 claimNumberOnChain=1785055688365577
2026-07-31T07:18:34.266Z OK claim_number=360593 claim_id=c188b818-6ed1-4e49-ad0e-530cc10fde59 use=claim fid=FID-29-117658-4 cr=CR8727405005556-7 scheme=SHIF amount=62.50 tx=0x3cacfa5612c6969aa94233389fd2a329bac5594649fbbf7a2558e70bf978b8e9 claimNumberOnChain=1785055688365578
2026-07-31T07:18:39.951Z OK claim_number=360594 claim_id=e6ace86d-eac9-47ce-ad8b-637b873c15ca use=claim fid=FID-20-114807-9 cr=CR6556837089268-2 scheme=SHIF amount=375.00 tx=0x6a8c9743e9f56a761ddc3548dfda1e8cfbf3359a1d4d5fa8bfc4e46d351c856e claimNumberOnChain=1785055688365579
2026-07-31T07:18:52.465Z OK claim_number=360595 claim_id=7e9c0e08-217e-49c6-a1cb-c652934dfeb6 use=claim fid=FID-29-117658-4 cr=CR8727405005556-7 scheme=SHIF amount=37.50 tx=0xe6ac780f13c192683311e8ed131ca026a332fed7f842e12c52ae4b974b29f0fe claimNumberOnChain=1785055688365580
2026-07-31T07:18:58.074Z OK claim_number=360596 claim_id=e4c32f09-d21e-430f-a7fc-72896db0ed56 use=claim fid=FID-29-117658-4 cr=CR8727405005556-7 scheme=SHIF amount=62.50 tx=0x516cef3f687dde795dd42aca8809960ecd645eb7e0805278b66242d608a07a77 claimNumberOnChain=1785055688365581
2026-07-31T07:19:03.855Z OK claim_number=360597 claim_id=f26d85a5-4b7b-484f-b562-7e6aeaca09cb use=claim fid=FID-29-117658-4 cr=CR9876644321929-4 scheme=SHIF amount=125.00 tx=0xb0567afb3614f50e2386f8d4c59b8f9147ca81c49de4d4fecc0bafc203c21c02 claimNumberOnChain=1785055688365582
2026-07-31T07:19:17.065Z OK claim_number=360598 claim_id=ca909faf-b42d-420b-9976-c6c0c8160f25 use=claim fid=FID-29-117658-4 cr=CR8727405005556-7 scheme=SHIF amount=37.50 tx=0x81739d7555e419918698389c985c91b1fc65a3adc0df4e67458ad298158ba80b claimNumberOnChain=1785055688365583
2026-07-31T07:19:22.788Z OK claim_number=360599 claim_id=f2b86900-21ae-4693-961c-416c8c521d13 use=claim fid=FID-20-114807-9 cr=CR7766680863847-3 scheme=SHIF amount=250.00 tx=0x1d73a85f2dfd2bfef681c82258a4eb7252ed9b9c5eedeea26ffc1f210dddf2a3 claimNumberOnChain=1785055688365584
2026-07-31T07:19:35.607Z OK claim_number=360600 claim_id=0b3aadc2-f90d-48b5-b0b8-dab6991253de use=claim fid=FID-29-117658-4 cr=CR8727405005556-7 scheme=SHIF amount=100.00 tx=0xd6d361f8148310f0649ec82ca9d6943f69aaed9257da65e09e4d6a29b2164a45 claimNumberOnChain=1785055688365585
2026-07-31T07:19:41.218Z OK claim_number=360601 claim_id=5922829b-b28b-40eb-be7a-9163a3c1068e use=claim fid=FID-29-117658-4 cr=CR7400004069070-9 scheme=SHIF amount=100.00 tx=0xa979155f828ded2888f8945c3bafd19fb338b1d1bcfec99775b10a6afe928cef claimNumberOnChain=1785055688365586
2026-07-31T07:19:46.923Z OK claim_number=360602 claim_id=a1115a3a-1685-4191-945a-659dd1a669e2 use=claim fid=FID-29-117658-4 cr=CR7146731672392-3 scheme=SHIF amount=125.00 tx=0x010da5dc5b9bf593238df96bef3c11eaceb18aff03db45ae43c46623e4a7c4b5 claimNumberOnChain=1785055688365587
2026-07-31T07:20:00.014Z OK claim_number=360603 claim_id=f548d319-7fcc-4de1-b491-a6369b0186d3 use=claim fid=FID-29-117658-4 cr=CR3256370334707-4 scheme=SHIF amount=625.00 tx=0xad36710f6649614d6e2ad78e76e0fa0acf17954dff24919623f40878d8c52cf6 claimNumberOnChain=1785055688365588
2026-07-31T07:20:05.758Z OK claim_number=360604 claim_id=f5ee9795-323c-4dec-8559-ef390f436056 use=claim fid=FID-29-117658-4 cr=CR1937195442343-9 scheme=SHIF amount=125.00 tx=0x95efe705a1bbc4fd38339334c00badf718fccc6a76d8a5e3a48905ce5cad6aea claimNumberOnChain=1785055688365589
2026-07-31T07:20:18.535Z OK claim_number=360605 claim_id=c20bd4b1-8684-4306-a408-96828972d654 use=claim fid=FID-29-117658-4 cr=CR3928672760384-2 scheme=SHIF amount=6.25 tx=0x69cfb3ccf82df6c525883495aec5fa2b3f99329e96d47bcd71a8f777b599196b claimNumberOnChain=1785055688365590
2026-07-31T07:20:21.759Z OK claim_number=360606 claim_id=2f423ee2-ff0a-4cda-8ada-955c2d5dbada use=claim fid=FID-29-117658-4 cr=CR2411853598698-5 scheme=SHIF amount=125.00 tx=0x8d6e22128bf0a2f93a6334ec1bad2bf13cbb048d0f6baac45d31bfc6502f2f74 claimNumberOnChain=1785055688365591
2026-07-31T07:20:34.137Z OK claim_number=360607 claim_id=8e0f7582-febc-4a61-8479-cd4992330415 use=claim fid=FID-29-117658-4 cr=CR3928672760384-2 scheme=SHIF amount=6.25 tx=0x4c0d2f5bce4516a481fb9d4f3e266a17ddf8ed6292d51d7d4f1a5b6e913f629a claimNumberOnChain=1785055688365592
2026-07-31T07:20:40.064Z OK claim_number=360608 claim_id=3dd356df-3805-4fce-be78-738cc5988030 use=claim fid=FID-20-114807-9 cr=CR3560479685346-6 scheme=SHIF amount=250.00 tx=0xad72d435113dfc5e3e2ec1f8b0a77b71b94bdfb90614fb25685e3b967ca5d756 claimNumberOnChain=1785055688365593
2026-07-31T07:21:01.852Z OK claim_number=360609 claim_id=0537813f-93dd-4bc3-a962-8538c794083a use=claim fid=FID-29-117658-4 cr=CR4925764247277-7 scheme=SHIF amount=100.00 tx=0xefa4ef565a55e261d567e91c24898156736f4d8f3c6828d8da3efe13d0d15e8b claimNumberOnChain=1785055688365594
2026-07-31T07:21:07.916Z OK claim_number=360610 claim_id=318b3fc8-5548-4fed-84f0-e55fcb745b1a use=claim fid=FID-29-117658-4 cr=CR4037947014271-7 scheme=SHIF amount=46.95 tx=0x7cf127e98dd4e34ba54b9d7638366b5571483d6e7d2c3ef7b802557fa6ddfd2e claimNumberOnChain=1785055688365595
2026-07-31T07:21:13.879Z OK claim_number=360611 claim_id=b153f5c5-5816-4433-8620-bc6e752ae201 use=claim fid=FID-29-117658-4 cr=CR2463035872911-0 scheme=SHIF amount=125.00 tx=0x390d28287a68f921cd63fd2d6f93432427914f10e74c73bfee5671aa8ca534ac claimNumberOnChain=1785055688365596
2026-07-31T07:21:26.534Z OK claim_number=360612 claim_id=092f4550-9e8d-4f55-a373-b5f53c397446 use=claim fid=FID-29-117658-4 cr=CR4037947014271-7 scheme=SHIF amount=250.00 tx=0x648d0ee4d1bbb518386ef0690565b431a9923018b959427b3e9944dc6623fc6b claimNumberOnChain=1785055688365597
2026-07-31T07:21:32.132Z OK claim_number=360613 claim_id=40d3c495-f819-428f-bded-68e510fed697 use=claim fid=FID-20-114807-9 cr=CR4563324546086-0 scheme=SHIF amount=17375.00 tx=0x3ecffaa3e1d964fa3ab68d843fbf7a28ce50e115e9ea5b29101f8f28b4047edc claimNumberOnChain=1785055688365598
2026-07-31T07:21:44.661Z OK claim_number=360614 claim_id=d879725f-5dcc-4e41-af67-8849ae905b73 use=claim fid=FID-29-117658-4 cr=CR4037947014271-7 scheme=SHIF amount=46.95 tx=0xce7e08f80cd0c1dbcf32fdb8867abd0bb365e04944854f831b2bb0570951b0fe claimNumberOnChain=1785055688365599
2026-07-31T07:21:50.357Z OK claim_number=360615 claim_id=f86eca08-751b-4485-b8d2-a3c79b384fbe use=claim fid=FID-29-117658-4 cr=CR4037947014271-7 scheme=SHIF amount=250.00 tx=0x620424e06cce156d292a54340f8520e6e9951e61d7626e69f9c15ce3e4d2d825 claimNumberOnChain=1785055688365600
2026-07-31T07:21:55.959Z OK claim_number=360616 claim_id=848c6b66-09a3-4d58-bc6a-6e68916e3f09 use=claim fid=FID-29-117658-4 cr=CR6379098838638-4 scheme=SHIF amount=125.00 tx=0x1b1bbd92f0c489f8d7878837cdab71428684d6fcf298723734613b3f48f918a8 claimNumberOnChain=1785055688365601
2026-07-31T07:22:08.707Z OK claim_number=360617 claim_id=1467c65f-92f1-4184-bec6-fe12ab9b7d99 use=claim fid=FID-29-117658-4 cr=CR7400584309629-3 scheme=SHIF amount=100.00 tx=0xc8f2969cbb848833f4a41663041b438aec44bd92a85bf5b1a5404a450790f098 claimNumberOnChain=1785055688365602
2026-07-31T07:22:14.351Z OK claim_number=360618 claim_id=b9533153-4f2d-4317-925c-6edd9ec2d4b4 use=claim fid=FID-20-114807-9 cr=CR5341521146975-5 scheme=SHIF amount=500.00 tx=0x8c78574c0b64a86b07daa38e7b565ef2d37647e6ee3cd1585321685f9341e8b3 claimNumberOnChain=1785055688365603
2026-07-31T07:22:27.011Z OK claim_number=360619 claim_id=5e8490a5-568f-46d0-8ac4-f625e5652ae4 use=claim fid=FID-29-117658-4 cr=CR1549169060409-4 scheme=SHIF amount=125.00 tx=0x52f21067e694f95a1b08bad9c761c9806734c728e8b557e0aa3b7d9ab51f0c00 claimNumberOnChain=1785055688365604
2026-07-31T07:22:39.551Z OK claim_number=360620 claim_id=11fd2038-fede-490b-8c34-47c5b864fb08 use=claim fid=FID-29-117658-4 cr=CR5155440316225-7 scheme=SHIF amount=125.00 tx=0xf8c22896a4e5d141a5484bce3040fae9dd0dcf62cc34846225e86dcfd00ae0a0 claimNumberOnChain=1785055688365605
2026-07-31T07:22:52.028Z OK claim_number=360621 claim_id=b124396b-8bca-4d25-9628-a3f340ed26da use=claim fid=FID-29-117658-4 cr=CR9983588097923-8 scheme=SHIF amount=125.00 tx=0x7f597716d013056e08afe4864e30416eecba5b4ecd7de211211644f1a8e0d088 claimNumberOnChain=1785055688365606
2026-07-31T07:22:57.657Z OK claim_number=360622 claim_id=1f2e49d2-a6c4-4367-a813-8fdba4e0bf72 use=claim fid=FID-20-114807-9 cr=CR2300339042168-5 scheme=SHIF amount=156.25 tx=0xf85727bebf27554d3b1aa79a49b539aaec4166729abab6053c1705b6fa77a46a claimNumberOnChain=1785055688365607
2026-07-31T07:23:15.312Z OK claim_number=360623 claim_id=77fe8739-401f-4c12-984b-faff39d209bd use=claim fid=FID-20-114807-9 cr=CR2348965625883-0 scheme=SHIF amount=250.00 tx=0x84d8adbce50d7e849d5257f0e91cf1a30f00384cc9caf5230cc3387295c7e094 claimNumberOnChain=1785055688365608
2026-07-31T07:23:28.068Z OK claim_number=360624 claim_id=b7008598-facc-401b-89d7-81f9b677b8e3 use=claim fid=FID-29-117658-4 cr=CR9983588097923-8 scheme=SHIF amount=125.00 tx=0xd4e3f3b68424be619e5e21dc51214771533a8abb4e7bc93a188a64595a6841b5 claimNumberOnChain=1785055688365609
2026-07-31T07:23:33.800Z OK claim_number=360625 claim_id=718440d8-ee7e-401d-a7e4-2e0a53e00ec5 use=claim fid=FID-20-114807-9 cr=CR0589459069493-7 scheme=SHIF amount=250.00 tx=0x19ae1f45c9d7171699f5116502b174516f5076422e8794c71d7b7ba49fa6366f claimNumberOnChain=1785055688365610
2026-07-31T07:23:46.247Z OK claim_number=360626 claim_id=ef7f9573-14d1-4920-98d8-0f6ae63c8fb0 use=claim fid=FID-29-117658-4 cr=CR9983588097923-8 scheme=SHIF amount=100.00 tx=0x7292689b48c2c58bba0ad7e784730694e78f14e66b731fcb474db3a8b82a4439 claimNumberOnChain=1785055688365611
2026-07-31T07:23:52.041Z OK claim_number=360627 claim_id=be48de09-8200-4a20-8b2b-9fa80fefa92d use=claim fid=FID-29-117658-4 cr=CR6817527383566-4 scheme=SHIF amount=125.00 tx=0xf45dc204c52f1a7ff2e40b3301a9a7d64c3515693fc3ed8a93648bda819d7a73 claimNumberOnChain=1785055688365612
2026-07-31T07:23:57.688Z OK claim_number=360628 claim_id=1768a1de-0b31-4af4-adde-e4cb0e8dd09a use=claim fid=FID-29-117658-4 cr=CR9983588097923-8 scheme=SHIF amount=100.00 tx=0x159916969b84d006665e43448348830456926daa045b47a35ab0c7f7c66a53ca claimNumberOnChain=1785055688365613
2026-07-31T07:24:03.341Z OK claim_number=360629 claim_id=6a7abda3-3e3f-47eb-b3bb-c499afd8a338 use=claim fid=FID-29-117658-4 cr=CR0622045880069-8 scheme=SHIF amount=125.00 tx=0xa712cb8ec1eda30eca0f25592437df92a0e884d773b0d8bdb1cf1d808f159e16 claimNumberOnChain=1785055688365614
2026-07-31T07:24:26.287Z OK claim_number=360630 claim_id=fc021f09-c7de-4c08-b4e7-116e12206b02 use=claim fid=FID-29-117658-4 cr=CR9983588097923-8 scheme=SHIF amount=625.00 tx=0xc4cb531d076439fe1a12727d81a405548ad1dec4f61617f488753a6aadd90ffe claimNumberOnChain=1785055688365615
2026-07-31T07:24:31.852Z OK claim_number=360631 claim_id=b3300e0d-e036-41d5-8620-c22ba87acc7d use=claim fid=FID-20-114807-9 cr=CR1666999428213-4 scheme=SHIF amount=250.00 tx=0x1c1a783c115ac7810d12e0f5992509ee363049665ef96b0aef0f20abe572d7d6 claimNumberOnChain=1785055688365616
2026-07-31T07:24:44.196Z OK claim_number=360632 claim_id=f84b68b0-9a87-4783-9ad4-d66dd4679e84 use=claim fid=FID-29-117658-4 cr=CR9983588097923-8 scheme=SHIF amount=100.00 tx=0xce3aca409812cd37f63b2fc22f4c255d113f76be1f40d206a4c909a57b334127 claimNumberOnChain=1785055688365617
2026-07-31T07:24:50.346Z OK claim_number=360633 claim_id=11742e35-f4ce-4e4c-bb49-1aa156232d00 use=claim fid=FID-29-117658-4 cr=CR4637243143342-8 scheme=SHIF amount=125.00 tx=0xc1a24fef342ff655882d04d94eceb465294e9f6c1728d4d2adf488790cf769ba claimNumberOnChain=1785055688365618
2026-07-31T07:24:55.950Z OK claim_number=360634 claim_id=c6cd926e-4d76-41e7-803d-195e2668d912 use=claim fid=FID-20-114807-9 cr=CR0947882309708-8 scheme=SHIF amount=125.00 tx=0x0dde48f7ac3bbd482607defb1cdc7c3c0453159a29fefd7565fcacf69251ef23 claimNumberOnChain=1785055688365619
2026-07-31T07:25:08.977Z OK claim_number=360635 claim_id=ea810c9d-2eaf-47f6-8865-1343602fc021 use=claim fid=FID-29-117658-4 cr=CR4637243143342-8 scheme=SHIF amount=125.00 tx=0x2604fa873da3ffafd26cd943a5f52a3f2f62ba9631cf0cc335bc65066e8abde6 claimNumberOnChain=1785055688365620
2026-07-31T07:25:14.575Z OK claim_number=360636 claim_id=2eb28315-058f-4c42-80d5-f2fff50abcba use=claim fid=FID-20-114807-9 cr=CR9178005424960-4 scheme=SHIF amount=500.00 tx=0xcbd0a809a7109d11492e83fb8ca27a862949451e02e5577269313cfd652953b5 claimNumberOnChain=1785055688365621
2026-07-31T07:25:38.231Z OK claim_number=360637 claim_id=2b7436bd-9cc5-4ed6-b4e5-1464a75f2a84 use=claim fid=FID-29-117658-4 cr=CR7400584309629-3 scheme=SHIF amount=125.00 tx=0x73c347822e390c3986d9ae2ec030015c64b6512fca7ee95bd69a351c018ba9b0 claimNumberOnChain=1785055688365622
2026-07-31T07:25:43.794Z OK claim_number=360638 claim_id=966260a7-8017-4a20-9fe3-f1e4789bd6db use=claim fid=FID-29-117658-4 cr=CR4332837261684-6 scheme=SHIF amount=125.00 tx=0x17d66192d9241b5f48e4bf90c97a484b2fe38a18c3a1ba28310c648514a52a78 claimNumberOnChain=1785055688365623
2026-07-31T07:25:49.533Z OK claim_number=360639 claim_id=84cbc3aa-d822-4480-99c8-139e0eca9c8a use=claim fid=FID-20-114807-9 cr=CR8774061437894-3 scheme=SHIF amount=250.00 tx=0x35a010ca54fc78482681d75af01543225c5a829181ef76a86501588025380f17 claimNumberOnChain=1785055688365624
2026-07-31T07:26:01.867Z OK claim_number=360640 claim_id=3dd555ae-f4f2-46f8-b308-3387230265c4 use=claim fid=FID-29-117658-4 cr=CR2639559956448-0 scheme=SHIF amount=125.00 tx=0x9b37b246aab471e353cfecff465925866ad4661f0934f456224762feccafe6d8 claimNumberOnChain=1785055688365625
2026-07-31T07:26:07.456Z OK claim_number=360641 claim_id=846ca2ef-2823-4c82-8d39-f224f3c3c3f3 use=claim fid=FID-29-117658-4 cr=CR5741431600340-9 scheme=SHIF amount=125.00 tx=0x196146d84668a0a649ced0eec1dda2352175091d24f79b6a6f44db6f4c5809fc claimNumberOnChain=1785055688365626
2026-07-31T07:26:13.164Z OK claim_number=360642 claim_id=2bff2a1c-fe60-409c-889d-4f63e6bcba22 use=claim fid=FID-20-114807-9 cr=CR1583047475949-3 scheme=SHIF amount=902.45 tx=0xb5820fe21438e87d6f0b44c8a8bf9d50b285598da50b2399ab7c0dfbaa557fe8 claimNumberOnChain=1785055688365627
2026-07-31T07:26:25.504Z OK claim_number=360643 claim_id=8c6842a8-c618-4ce5-9e81-18c6a4b2c3ab use=claim fid=FID-29-117658-4 cr=CR0017318691253-1 scheme=SHIF amount=125.00 tx=0xcc0eca78a0867002d9fe80aefd3a189bf25d615f076b5ce984479d42c73e5d15 claimNumberOnChain=1785055688365629
2026-07-31T07:26:33.648Z OK claim_number=360644 claim_id=e94e7c51-6bb3-40ce-8110-7a9d4272f909 use=claim fid=FID-20-114807-9 cr=CR7713696100150-5 scheme=SHIF amount=250.00 tx=0x2e33fc26ba16ca4735efaa8a084b6bd0de12a2c96b48f93379e05753b2144e7e claimNumberOnChain=1785055688365631
2026-07-31T07:26:54.134Z OK claim_number=360645 claim_id=9074b5cc-b27c-49f0-aba0-26e7b4f26292 use=claim fid=FID-29-117658-4 cr=CR0299296159230-1 scheme=SHIF amount=125.00 tx=0x993826435294e1b4d3f19ebfc779f37437ad46c90e757c145082e8b6b91d9574 claimNumberOnChain=1785055688365632
2026-07-31T07:26:59.764Z OK claim_number=360646 claim_id=ac182d88-b8c6-4866-9601-336cdbcf4b00 use=claim fid=FID-20-114807-9 cr=CR7342168684035-1 scheme=SHIF amount=500.00 tx=0x5b1fafbdcd526bb7284156cd8726d6a519c6c9e34f58c47e13eb639c2c0adc90 claimNumberOnChain=1785055688365633
2026-07-31T07:27:12.235Z OK claim_number=360647 claim_id=4d7b0456-d076-4121-81d3-45a4ad4d4908 use=claim fid=FID-29-117658-4 cr=BZ29728796-3 scheme=SHIF amount=125.00 tx=0x3b51efef956cd7b8626e510c659dc4b76bb8b875d0cea3ff0f21fc208f5c1f57 claimNumberOnChain=1785055688365634
2026-07-31T07:27:17.813Z OK claim_number=360648 claim_id=532771d7-d38f-4c26-bb05-98a83a6b669d use=claim fid=FID-29-117658-4 cr=CR0017318691253-1 scheme=SHIF amount=125.00 tx=0x4b5c25c0f3765844396a5192f68e13742b957bfe9d49cf5319af8e4c2618a104 claimNumberOnChain=1785055688365635
2026-07-31T07:27:23.392Z OK claim_number=360649 claim_id=12fb1210-9c5a-4c3b-b6cf-06e99729ec2e use=claim fid=FID-20-114807-9 cr=CR2198699040659-7 scheme=SHIF amount=250.00 tx=0x180656ef5c4d3552066edb19c59685e647b51fb59501059595a19f479970d7df claimNumberOnChain=1785055688365636
2026-07-31T07:27:35.771Z OK claim_number=360650 claim_id=c60dc426-2a69-42e5-955e-93bc696bf80a use=claim fid=FID-29-117658-4 cr=CR2159806342357-1 scheme=SHIF amount=125.00 tx=0xa65a85c83d5dca7c6a4a5761bee52b3542a66c61b2b1a3a428072fe25cf5941b claimNumberOnChain=1785055688365637
2026-07-31T07:27:48.977Z OK claim_number=360651 claim_id=71da0f92-2aab-4ecb-91ef-12ee00e04f8d use=claim fid=FID-20-114807-9 cr=CR9458599057284-6 scheme=SHIF amount=875.00 tx=0x16d218c81e93d802e0144e2f176428765562df273511694282bcf2895c0fe57c claimNumberOnChain=1785055688365639
2026-07-31T07:28:04.140Z OK claim_number=360652 claim_id=a8b2048a-626c-4578-94f1-000db6a2104a use=claim fid=FID-29-117658-4 cr=CR0876008986796-0 scheme=SHIF amount=125.00 tx=0x02df9f12f75625975032c9d7489bec78a36761a17bff571ba7220921cd244858 claimNumberOnChain=1785055688365640
2026-07-31T07:28:09.761Z OK claim_number=360653 claim_id=4911e2ce-254b-477f-b807-fc12ec5c69e1 use=claim fid=FID-29-117658-4 cr=CR6264798848047-9 scheme=SHIF amount=125.00 tx=0x7a21174137cbed79d7d1bcf69d36249e85bfcdc1fe5bce935f7c5e6da537041c claimNumberOnChain=1785055688365641
2026-07-31T07:28:22.146Z OK claim_number=360654 claim_id=5359a958-0d15-44b8-b1f6-38ffcd8937f3 use=claim fid=FID-20-114807-9 cr=CR9467769367531-3 scheme=SHIF amount=250.00 tx=0x63edb0f738bfdb03d9c108b451f2ff5bcf7dd4395bda7cfc9feb109bc0d0d063 claimNumberOnChain=1785055688365642
2026-07-31T07:28:34.553Z OK claim_number=360655 claim_id=1cd7b201-925f-4eda-9a98-6ec5ccb89d34 use=claim fid=FID-29-117658-4 cr=CR5403063007392-9 scheme=SHIF amount=125.00 tx=0x98c0f1dbd846b67c5a7c2caa88d9dacb9dd2d9d1abc487e57b427d1e416616a0 claimNumberOnChain=1785055688365643
2026-07-31T07:28:47.166Z OK claim_number=360656 claim_id=a7bd6938-4f64-4773-87f9-a77efda7e7f2 use=claim fid=FID-29-117658-4 cr=CR8283480345064-0 scheme=SHIF amount=125.00 tx=0x1bc3b301b6bfedaf4a1f454541bef6961fb6ebf0ae95167159e59cc1d6cbe715 claimNumberOnChain=1785055688365644
2026-07-31T07:28:59.539Z OK claim_number=360657 claim_id=135a0c12-d200-479e-a742-3a8556f44b65 use=claim fid=FID-29-117658-4 cr=CR0797651063226-7 scheme=SHIF amount=125.00 tx=0x1ce520133203ca30a6fb637b8a13678b2f28d1a52a2f9e1dd0d628d5cf0663d9 claimNumberOnChain=1785055688365645
2026-07-31T07:29:11.984Z OK claim_number=360658 claim_id=66e4b2c1-4075-49f4-b13e-318d949d7066 use=claim fid=FID-29-117658-4 cr=CR0694352399681-7 scheme=SHIF amount=625.00 tx=0x55885491103d7b350af0fb593a69028dcfd274ac917630245a81bd7e2e9fe974 claimNumberOnChain=1785055688365646
2026-07-31T07:29:34.687Z OK claim_number=360659 claim_id=733fcf82-0d68-4b67-ab29-282c4a02dfcf use=claim fid=FID-29-117658-4 cr=CR4036707191444-4 scheme=SHIF amount=125.00 tx=0x05fb93cbe4798a190a2b89208e0ca2d4e5a7be0f74e5223b71f1f6e71b44ceb0 claimNumberOnChain=1785055688365647
2026-07-31T07:29:47.241Z OK claim_number=360660 claim_id=7994b4f9-1be8-4692-9dcb-344be9ee62fd use=claim fid=FID-20-114807-9 cr=CR8203300544708-8 scheme=SHIF amount=125.00 tx=0x25d84ee4d515b26884d0b8e71ac23d87727ca2cd471a1d60cdbb44865080e7f5 claimNumberOnChain=1785055688365648
2026-07-31T07:29:59.621Z OK claim_number=360661 claim_id=84252853-b037-49c2-96b6-26c4841e7360 use=claim fid=FID-29-117658-4 cr=CR4798182882885-6 scheme=SHIF amount=10.00 tx=0x52e4246f973e8fd86ea4e9189933ba376eabd32f2b6c05d57cfbafbbd2935f46 claimNumberOnChain=1785055688365649
2026-07-31T07:30:05.663Z SKIP claim_number=360662 claim_id=4dff3e68-c4cf-45e7-b284-4086241ccc2d reason=zero_amount claimed_total_raw=0.00
2026-07-31T07:30:05.693Z OK claim_number=360663 claim_id=23805a22-8056-4a61-ad48-23b3cbbd9832 use=claim fid=FID-29-117658-4 cr=CR1629530343003-0 scheme=SHIF amount=125.00 tx=0x9cbc7d59a5f85c8f965d1a1b63e6530adb1b47b1eef9b6306419dc199b86bfca claimNumberOnChain=1785055688365650
2026-07-31T07:30:18.081Z OK claim_number=360664 claim_id=5b7ea8ac-1c9e-49ee-a3d4-99a493307fd4 use=claim fid=FID-29-117658-4 cr=CR8886594578046-4 scheme=SHIF amount=100.00 tx=0x9a9409d24ff235b819692c3473bfe58764987c7abf49a5b7fbee70c07cb2bb5b claimNumberOnChain=1785055688365651
2026-07-31T07:30:23.686Z OK claim_number=360665 claim_id=ffab8c93-d4fd-44df-9a24-64fc8b7e012c use=claim fid=FID-29-117658-4 cr=CR8057743441950-8 scheme=SHIF amount=125.00 tx=0xff22f9908c917316ec02274076724ab22cfc66b8d2bd312f3d6ec7b7adaf5928 claimNumberOnChain=1785055688365652
2026-07-31T07:30:32.543Z OK claim_number=360666 claim_id=24174d80-e59d-4bd1-b41b-6144af9a7dac use=claim fid=FID-29-117658-4 cr=CR4199394261218-7 scheme=SHIF amount=100.00 tx=0xe71bfddf29a52fc6b4ea346bff5923f937819a8be48278f75930254c51f4ced9 claimNumberOnChain=1785055688365653
2026-07-31T07:30:38.261Z OK claim_number=360667 claim_id=3e858d9f-eb35-4302-b39f-24c822a9b7e8 use=claim fid=FID-29-117658-4 cr=CR9021369092618-8 scheme=SHIF amount=125.00 tx=0x865fdcce6f2103f68553117a6bd55f3eb2bec244323f83e52bcc43429c24fd4e claimNumberOnChain=1785055688365654
2026-07-31T07:30:53.132Z OK claim_number=360668 claim_id=76a08cff-c166-476e-aa24-8d8d597604dc use=claim fid=FID-29-117658-4 cr=CR4199394261218-7 scheme=SHIF amount=100.00 tx=0x918be4e56391c3d0e88994d8748ca12f355716097019e03994e5481018e2da73 claimNumberOnChain=1785055688365655
2026-07-31T07:30:58.759Z OK claim_number=360669 claim_id=14e0dbef-35ce-4190-8794-bdd3707d6477 use=claim fid=FID-29-117658-4 cr=CR9639951692725-4 scheme=SHIF amount=10000.00 tx=0xce388fc593dea333f5b4da3f7f088c0cf5077f93a6ddc7efff39dd964efbc037 claimNumberOnChain=1785055688365656
2026-07-31T07:31:04.395Z OK claim_number=360670 claim_id=55ecf479-95d4-4493-a600-5f0f5678625a use=claim fid=FID-29-117658-4 cr=CR1768999970544-1 scheme=SHIF amount=125.00 tx=0x032b9529af2137ffca652705b38d7145459c1690e88cc483f7121c583cdb9a7d claimNumberOnChain=1785055688365657
2026-07-31T07:31:16.846Z OK claim_number=360671 claim_id=679ae528-382b-401d-99ee-4cdd7295e2d8 use=claim fid=FID-29-117658-4 cr=CR4457080300364-4 scheme=SHIF amount=100.00 tx=0xbce2e3680373fcca3fe8932d55892b5222946e137d6c38486547a52bd85b2ca9 claimNumberOnChain=1785055688365658
2026-07-31T07:31:22.486Z OK claim_number=360672 claim_id=b2c3473c-94c9-4c17-aa0c-a9281654e104 use=claim fid=FID-29-117658-4 cr=CR3140667963942-4 scheme=SHIF amount=125.00 tx=0x5b488e73c16cf0c43ee043abcb3bb2f6a5755a0c5cbd905e2021b41c2b1fad76 claimNumberOnChain=1785055688365659
2026-07-31T07:31:34.889Z OK claim_number=360673 claim_id=d00bd769-71de-499c-86d1-7e5c6e8f30ed use=claim fid=FID-20-114807-9 cr=CR9919551043824-0 scheme=SHIF amount=1225.00 tx=0x9947875d04f9fb06910639c23918ffb6fb87d861aa6d54ac0d0af6aaea3d535f claimNumberOnChain=1785055688365660
2026-07-31T07:31:47.335Z OK claim_number=360674 claim_id=28f3c7de-9583-459c-86ab-022702882390 use=claim fid=FID-29-117658-4 cr=CR0587521523759-0 scheme=SHIF amount=300.00 tx=0x359aa6994fbfe675269016840fac6d62713b13770e12fca9d4a5a350dc3d5ebb claimNumberOnChain=1785055688365661
2026-07-31T07:31:53.046Z OK claim_number=360675 claim_id=a4aa1da0-b284-4dfc-8068-dcfb1ed50eff use=claim fid=FID-29-117658-4 cr=CR6568953229339-3 scheme=SHIF amount=125.00 tx=0xf4f28617362698dfd59a98b50563ddaf55c314fb1868c793b891fc6f0d14b56e claimNumberOnChain=1785055688365662
2026-07-31T07:32:05.757Z OK claim_number=360676 claim_id=24b9631c-1796-491b-b869-c86ae5cc2da6 use=claim fid=FID-29-117658-4 cr=CR4199394261218-7 scheme=SHIF amount=625.00 tx=0x40e7acfbc519489c9436c09b3cc0a0edce87e11000981b174a5e36ce1ccd9d16 claimNumberOnChain=1785055688365663
2026-07-31T07:32:11.394Z OK claim_number=360677 claim_id=1ec56089-b807-485c-ac01-01d890090674 use=claim fid=FID-29-117658-4 cr=CR7400004069070-9 scheme=SHIF amount=100.00 tx=0xda66aedccdf60a6f8648e86bea2d189cf3ad71be23d8d83a5f80c5f848b00684 claimNumberOnChain=1785055688365664
2026-07-31T07:32:17.061Z OK claim_number=360678 claim_id=a6ba1dc9-d29d-4784-a13d-22815b41e07c use=claim fid=FID-29-117658-4 cr=CR4457080300364-4 scheme=SHIF amount=500.00 tx=0xcd1fe61db7496159005d8209fa3458072c0cdfab3d935bf89b36ec7edd6d244d claimNumberOnChain=1785055688365665
2026-07-31T07:32:22.726Z OK claim_number=360679 claim_id=cdd0e5db-e73a-401c-9ce0-e3d7ba1bc999 use=claim fid=FID-29-117658-4 cr=CR4417099213853-1 scheme=SHIF amount=125.00 tx=0xd1ea686b8a060a70a4b038cdd26aee313e4f21ec0ed713fb11a5b07853419b86 claimNumberOnChain=1785055688365666
2026-07-31T07:32:39.467Z OK claim_number=360680 claim_id=128eac06-8fb8-45b2-ad3b-f35f29288bff use=claim fid=FID-20-114807-9 cr=CR0953373570632-3 scheme=SHIF amount=812.50 tx=0xb216d4c5c3fe1f4efba8cefd32621f71f977476bad35a2285b2507e4a9deba5e claimNumberOnChain=1785055688365667
2026-07-31T07:32:52.261Z OK claim_number=360681 claim_id=8a0cfc32-7dce-4db1-8c2c-ba8e9ba392ec use=claim fid=FID-29-117658-4 cr=CR9645760706984-8 scheme=SHIF amount=100.00 tx=0x20efb0769977626b088d5d924a05fa8a25363cbef413ce21405f28e1c6a98288 claimNumberOnChain=1785055688365668
2026-07-31T07:32:58.036Z OK claim_number=360682 claim_id=595f87df-9592-47a1-a846-efc586d54cab use=claim fid=FID-20-114807-9 cr=CR7920495872620-9 scheme=SHIF amount=250.00 tx=0xedf640b2cd85f64d7a817286aa40055a9d3346455a0379aa4624e1c891f5ba9e claimNumberOnChain=1785055688365669
2026-07-31T07:33:10.745Z OK claim_number=360683 claim_id=2f3a9d16-050d-47cd-9e3a-71189981ad6e use=claim fid=FID-29-117658-4 cr=CR9645760706984-8 scheme=SHIF amount=125.00 tx=0xdeb43c7453c022c76560d1ee17008c2d84acc9ab2177caf621bc23c14ab29327 claimNumberOnChain=1785055688365670
2026-07-31T07:33:16.511Z OK claim_number=360684 claim_id=8b6de2a3-99b0-4ccd-af47-8700287c958c use=claim fid=FID-20-114807-9 cr=CR2062240198847-4 scheme=SHIF amount=250.00 tx=0x864c1b9139d9aa9fc73e91c2bfdb6fbe3f65de303e7527c26f6cf968353f25e3 claimNumberOnChain=1785055688365671
2026-07-31T07:33:28.954Z OK claim_number=360685 claim_id=52777546-ec96-4fb5-b6f2-fda5e9b44903 use=claim fid=FID-29-117658-4 cr=CR7860562929831-4 scheme=SHIF amount=1312.50 tx=0x5deb6358997c00d0e883d9c544779698812f986ca6b0cca1826919ee5366d632 claimNumberOnChain=1785055688365672
2026-07-31T07:33:34.609Z OK claim_number=360686 claim_id=fe49a69c-ffc1-4332-8d16-d4cf44c90625 use=claim fid=FID-29-117658-4 cr=CR7860562929831-4 scheme=SHIF amount=218.75 tx=0x930617d9083e4cb9dfb6ff1702c3cf7ee4484bb602690469cb2f7967b13aa101 claimNumberOnChain=1785055688365673
2026-07-31T07:33:40.235Z OK claim_number=360687 claim_id=b1a0e00f-19bd-45a7-ad9b-3637e8a4ad75 use=claim fid=FID-29-117658-4 cr=CR7860562929831-4 scheme=SHIF amount=34.40 tx=0x16de0da729bf390bcf9827796d7e0f87a2c8bbe712077148130d296c9666d05a claimNumberOnChain=1785055688365674
2026-07-31T07:33:45.892Z OK claim_number=360688 claim_id=bb920cdb-8df4-45db-bc23-8c9b0084d833 use=claim fid=FID-20-114807-9 cr=CR3927994239791-0 scheme=SHIF amount=250.00 tx=0x7c7792fe66cd976620c8ffe32337b212456340c338d353f872f8850f135a4bb9 claimNumberOnChain=1785055688365675
2026-07-31T07:33:58.516Z OK claim_number=360689 claim_id=bc43f0dd-0ff4-4006-922c-4337adaf2862 use=claim fid=FID-29-117658-4 cr=CR7860562929831-4 scheme=SHIF amount=1312.50 tx=0x3bcfd92381f030f9df80e6a8a7fa02c4e25d0bc5bd1a7c7ea01db7100c4b0da9 claimNumberOnChain=1785055688365676
2026-07-31T07:34:41.438Z OK claim_number=360690 claim_id=af629d43-a016-4b83-8127-ee1d5f157f01 use=claim fid=FID-29-117658-4 cr=CR7860562929831-4 scheme=SHIF amount=218.75 tx=0x083592458c21fc12b8bace39320557e915adac224d856ef9a0211abcd3669c2a claimNumberOnChain=1785055688365677
2026-07-31T07:34:47.057Z OK claim_number=360691 claim_id=c755faa0-88bf-4400-a16e-e5b1c7541a10 use=claim fid=FID-29-117658-4 cr=CR7860562929831-4 scheme=SHIF amount=34.40 tx=0x339f546f40d52be2539a135b703b66946b63200d59fe961838e60323bfd2b385 claimNumberOnChain=1785055688365678
2026-07-31T07:34:52.751Z OK claim_number=360692 claim_id=ef8b8e49-cd34-4b01-9d83-0d5830d3c6d4 use=claim fid=FID-20-114807-9 cr=CR6383176864614-0 scheme=SHIF amount=632.81 tx=0x423761bfe4fd2ed678426cba72c15abff49de869477a1de463da00b8f2db536b claimNumberOnChain=1785055688365679
2026-07-31T07:35:15.871Z OK claim_number=360693 claim_id=ab383abf-c335-48a9-b146-28f3e34bc1a3 use=claim fid=FID-29-117658-4 cr=BZ22334289-0 scheme=SHIF amount=192.64 tx=0xd3cbb0ced24ec803946ada51e523cb008b2d541d404575a85bf37c1167c90a61 claimNumberOnChain=1785055688365680
2026-07-31T07:35:21.611Z OK claim_number=360694 claim_id=0e4c6a90-dc37-414b-b14a-e773bca73a60 use=claim fid=FID-29-117658-4 cr=BZ22334289-0 scheme=SHIF amount=250.00 tx=0xe88d994d85ec53f4aed5f3d654308feb774e693e0b7f275bf0a7a47f32410a71 claimNumberOnChain=1785055688365681
2026-07-31T07:35:27.186Z OK claim_number=360695 claim_id=08c86514-3ce8-4e08-977c-570002c93ad2 use=claim fid=FID-29-117658-4 cr=BZ22334289-0 scheme=SHIF amount=192.64 tx=0xc1ef45676f476f53ab2c63e4c1418b730ab71ceeab9f5a3efb72a3fcbaca0ece claimNumberOnChain=1785055688365682
2026-07-31T07:35:32.775Z OK claim_number=360696 claim_id=92e169b4-ba2d-438c-9c83-662825ceed38 use=claim fid=FID-20-114807-9 cr=CR2214895743735-9 scheme=SHIF amount=500.00 tx=0xa7fb63a67ce9d4b1b021b61d50d91a69473bef73a88f1701110909bfdae79f86 claimNumberOnChain=1785055688365683
2026-07-31T07:35:45.216Z OK claim_number=360697 claim_id=8935cd1c-d56c-4be1-835f-c828c1f2d461 use=claim fid=FID-29-117658-4 cr=BZ22334289-0 scheme=SHIF amount=250.00 tx=0x6be8bb3dc8dcf3ad47fbb3c36b735b09b23abe3f707c183c782790780a9b392f claimNumberOnChain=1785055688365684
2026-07-31T07:35:50.830Z OK claim_number=360698 claim_id=5190fc25-c9e7-4e4f-bd26-0ebfd73eead4 use=claim fid=FID-29-117658-4 cr=CR2906890824146-5 scheme=SHIF amount=125.00 tx=0x1a190f9709f5ca8b702c302ae2a048bd06b1b14ffe25f4c8a0758ef52dfb5309 claimNumberOnChain=1785055688365685
2026-07-31T07:36:03.420Z OK claim_number=360699 claim_id=330be8c9-a258-406b-af04-577ca61e3533 use=claim fid=FID-29-117658-4 cr=BZ22334289-0 scheme=SHIF amount=192.64 tx=0x45edc2e43e1d0884f5b7d9289e5f282d4004d845d54c247be2fd8b468f99e180 claimNumberOnChain=1785055688365686
2026-07-31T07:36:09.069Z OK claim_number=360700 claim_id=711ba8d2-e0c6-4cd2-86f4-35d877b63d21 use=claim fid=FID-29-117658-4 cr=BZ22334289-0 scheme=SHIF amount=250.00 tx=0xb2fb352f36a9eb99597abcbc5efc2e58b3da37e2048b648e6abd444aebe62bc1 claimNumberOnChain=1785055688365687
2026-07-31T07:36:14.712Z OK claim_number=360701 claim_id=e0d3fa20-f395-4ce2-8846-707eb6001590 use=claim fid=FID-20-114807-9 cr=CR9655811800678-9 scheme=SHIF amount=375.00 tx=0x663258fb36b2f18c2f02c52fa4e19b16fed3d21c6e91bafd7c0c9e4e8dc7ee9b claimNumberOnChain=1785055688365688
2026-07-31T07:36:37.299Z OK claim_number=360702 claim_id=637746d3-3ac1-47e9-a33d-25c6a6e637bb use=claim fid=FID-29-117658-4 cr=BZ22334289-0 scheme=SHIF amount=192.64 tx=0xa30534a4e164728262873f5d63857c309f32a85c07abd9510540c6f604bfad04 claimNumberOnChain=1785055688365689
2026-07-31T07:36:43.131Z OK claim_number=360703 claim_id=a0e43822-24e8-4c03-be66-dab69537a4c0 use=claim fid=FID-29-117658-4 cr=BZ22334289-0 scheme=SHIF amount=250.00 tx=0xe57b981a24e2e4c0705cb250d4b520f4cfc30b8a8741dc3c7fb025b46846c529 claimNumberOnChain=1785055688365690
2026-07-31T07:36:49.026Z OK claim_number=360704 claim_id=880c36a4-a776-46be-b258-9f83abdd53e7 use=claim fid=FID-20-114807-9 cr=CR8156612195187-2 scheme=SHIF amount=125.00 tx=0x3e212a68b74997a263e187a7dbb664241ece9c2652088abbb2e4d1225901dfd1 claimNumberOnChain=1785055688365691
2026-07-31T07:37:01.572Z OK claim_number=360705 claim_id=892a834a-e117-4706-a7ab-018d9b766e01 use=claim fid=FID-29-117658-4 cr=BZ22334289-0 scheme=SHIF amount=192.64 tx=0x02a665bba5b5f55107f5aba45a3261712a98b546c1a0925e6d700cd666504ffb claimNumberOnChain=1785055688365692
2026-07-31T07:37:07.258Z OK claim_number=360706 claim_id=47ea8e44-b2c1-4121-a7de-b88eecf05288 use=claim fid=FID-29-117658-4 cr=BZ22334289-0 scheme=SHIF amount=250.00 tx=0xf26d4c1ffd22e721bd587040cbac9eadc7885355812ec0d81b81f6943cb50a8d claimNumberOnChain=1785055688365693
2026-07-31T07:37:12.894Z OK claim_number=360707 claim_id=5e5566c7-825d-492b-a4f7-25618b81c69d use=claim fid=FID-20-114807-9 cr=CR5065848032022-4 scheme=SHIF amount=500.00 tx=0x7936e7476f13f04422da8198820da2266237ed2272a4e228b47be1e3ec9815e6 claimNumberOnChain=1785055688365694
2026-07-31T07:37:33.540Z OK claim_number=360708 claim_id=af7035b3-ccfe-4020-97ab-79f5224942c6 use=claim fid=FID-29-117658-4 cr=CR4128706098084-3 scheme=SHIF amount=125.00 tx=0x13967d092ffb59587dadce7dec6e81fe5a9cb548bbd194186b55bc2931cf7cfd claimNumberOnChain=1785055688365695
2026-07-31T07:37:46.215Z OK claim_number=360709 claim_id=0db8b795-e8b2-4a69-a1db-2acc695bad13 use=claim fid=FID-29-117658-4 cr=BZ22334289-0 scheme=SHIF amount=192.64 tx=0xca8ffb9e9136deeba125d417e7afdf926a049dfc69fe5a70f6d8c9d85b1ca701 claimNumberOnChain=1785055688365696
2026-07-31T07:37:52.177Z OK claim_number=360710 claim_id=1b11cc2e-59f0-4389-abdb-32d99240882b use=claim fid=FID-29-117658-4 cr=BZ22334289-0 scheme=SHIF amount=250.00 tx=0x73deb9a361f1f9c9999725ed434090e603635dbffe774c07eb0392431175742e claimNumberOnChain=1785055688365697
2026-07-31T07:37:57.714Z SKIP claim_number=360711 claim_id=2b092b83-2711-4737-84f3-a1e998fa44c6 reason=zero_amount claimed_total_raw=0.00
2026-07-31T07:37:57.717Z OK claim_number=360712 claim_id=2a6c4127-7074-4bb8-9319-7d62ffbe5216 use=claim fid=FID-29-117658-4 cr=BZ22334289-0 scheme=SHIF amount=192.64 tx=0x06e3f1f04ddd8605153bb39142ef50d8a8ac4267c13b6bda1fe5a11c554ff5c1 claimNumberOnChain=1785055688365698
2026-07-31T07:38:03.411Z OK claim_number=360713 claim_id=e769b5cb-a262-424a-8b30-518384741afb use=claim fid=FID-29-117658-4 cr=BZ22334289-0 scheme=SHIF amount=250.00 tx=0x9ca048599a427bc615ddd798d6900f0c4df3fd68a9c02098bff53001f240123a claimNumberOnChain=1785055688365699
2026-07-31T07:38:09.084Z OK claim_number=360714 claim_id=c6472756-9478-43e7-8539-822168d5b077 use=claim fid=FID-20-114807-9 cr=CR7999304001129-5 scheme=SHIF amount=250.00 tx=0x3c82a4117d4965ebb7a804674a8ca54cf660e3cc70a97534c1ff1163141c6ba7 claimNumberOnChain=1785055688365700
2026-07-31T07:38:21.819Z OK claim_number=360715 claim_id=7fcf4b47-4af5-43b5-8e5b-7d034e4813ea use=claim fid=FID-29-117658-4 cr=BZ30970942-6 scheme=SHIF amount=625.00 tx=0x393e17725b21b85853bd76946709315aec70f4fcbb6d8aa5b7ec3a2a2ac2743c claimNumberOnChain=1785055688365701
2026-07-31T07:38:27.429Z OK claim_number=360716 claim_id=800b91ee-3c81-408c-9b1b-1f57d425dd1e use=claim fid=FID-29-117658-4 cr=CR1294010632276-9 scheme=SHIF amount=125.00 tx=0x151b8ccae01a9e861bc8b52b4ab7bb559e5a4d2f7a47c7170da8182e4fbd085f claimNumberOnChain=1785055688365702
2026-07-31T07:38:39.851Z OK claim_number=360717 claim_id=547f9511-21bd-4c26-a663-20dbd9dbd72f use=claim fid=FID-29-117658-4 cr=CR7860562929831-4 scheme=SHIF amount=1500.00 tx=0xf09d9e8285311b854898a982a05ae50b603242fd3121b784ecde52a7dd299f5e claimNumberOnChain=1785055688365703
2026-07-31T07:38:49.753Z OK claim_number=360718 claim_id=4a423985-da69-4eb6-ab10-3c0cd4659526 use=claim fid=FID-20-114807-9 cr=CR3660606704057-3 scheme=SHIF amount=250.00 tx=0x82b0c15be08054d13d7648c9fa905120199eaa38bcdafdcbcd8c3175acd94ad3 claimNumberOnChain=1785055688365704
2026-07-31T07:39:02.388Z SKIP claim_number=360719 claim_id=9a4b4bf7-e21c-4d70-9799-08ae30709cae reason=zero_amount claimed_total_raw=0.00
2026-07-31T07:39:02.397Z OK claim_number=360720 claim_id=576f1335-bf0c-4368-b6c2-5e0e47d5e842 use=claim fid=FID-29-117658-4 cr=CR9645760706984-8 scheme=SHIF amount=250.00 tx=0x5705fdf58ed9cfef9049add38462fe4549e3328a7be4dbbf592e7399f9fe33d0 claimNumberOnChain=1785055688365705
2026-07-31T07:39:08.496Z OK claim_number=360721 claim_id=9633c7a8-9be9-4c3e-88fb-daed32d25cf8 use=claim fid=FID-20-114807-9 cr=CR2673227036881-7 scheme=SHIF amount=375.00 tx=0x9d616ccf5e3b1bccd9c2e12baffb7b71eaef1192e096ac9934584665a42ff218 claimNumberOnChain=1785055688365706
2026-07-31T07:39:21.060Z OK claim_number=360722 claim_id=7f97df42-4098-4371-b494-7826c6a40a4d use=claim fid=FID-29-117658-4 cr=CR9645760706984-8 scheme=SHIF amount=250.00 tx=0xf73e1c6055f17320858af16494d2458270b0b2f6d4ddf00509b71d54b0acbce7 claimNumberOnChain=1785055688365707
2026-07-31T07:39:26.588Z OK claim_number=360723 claim_id=8645132b-fcdf-417c-b9e5-88d80fa81fe8 use=claim fid=FID-29-117658-4 cr=CR7987192720260-1 scheme=SHIF amount=125.00 tx=0xf56825f843b0a89d7d88430fd5bcc6e5c846a5c2a189f29d31803dd7f7d05529 claimNumberOnChain=1785055688365708
2026-07-31T07:39:39.058Z OK claim_number=360724 claim_id=81be15b4-2c02-4e28-871a-2e8f61c6c60a use=claim fid=FID-29-117658-4 cr=BZ29728796-3 scheme=SHIF amount=100.00 tx=0xf2b165f45ee57cdfa2719b3318964d71846755108227bea9de18080f64721c2c claimNumberOnChain=1785055688365709
2026-07-31T07:39:44.686Z OK claim_number=360725 claim_id=11f5df5c-3803-4127-827c-8f7e655f33d7 use=claim fid=FID-20-114807-9 cr=CR8857820876765-2 scheme=SHIF amount=625.00 tx=0x95be6cd3fb6ecdcfec7e235a17bb22f8d15b343aa0eccdac2c9d797493898813 claimNumberOnChain=1785055688365710
2026-07-31T07:39:57.398Z OK claim_number=360726 claim_id=29312edf-2b3e-456c-b664-52a95c26a20f use=claim fid=FID-29-117658-4 cr=CR0988122129354-0 scheme=SHIF amount=125.00 tx=0xbde8fac04633c638c743d4d77ecd3e392804e607aa9230e7bda7c51db11b4593 claimNumberOnChain=1785055688365711
2026-07-31T07:40:09.899Z OK claim_number=360727 claim_id=819f034e-2079-4287-900e-9504152386c9 use=claim fid=FID-29-117658-4 cr=CR7400004069070-9 scheme=SHIF amount=250.00 tx=0x386775569c26d9058edd6c5c0c53a9f7a271ef04ee6d5fa4e39af18a95408407 claimNumberOnChain=1785055688365712
2026-07-31T07:40:15.508Z OK claim_number=360728 claim_id=454847f0-036a-4f7d-9f36-d58fe76b524a use=claim fid=FID-29-117658-4 cr=CR7400004069070-9 scheme=SHIF amount=250.00 tx=0xcb578fa626fbda1c65256f8c658b25464da3b7a3f5dfa1579a77db2b0b4ecc9e claimNumberOnChain=1785055688365713
2026-07-31T07:40:21.073Z OK claim_number=360729 claim_id=e7cb3adf-66f2-416e-ba71-536977b061b1 use=claim fid=FID-29-117658-4 cr=CR7400004069070-9 scheme=SHIF amount=375.00 tx=0x75d675faae98a938e0bde836625d3a29b62ab44c412b394052384fa70d45337f claimNumberOnChain=1785055688365714
2026-07-31T07:40:26.649Z OK claim_number=360730 claim_id=af20d568-bd71-4ace-9ebf-39c5659199c7 use=claim fid=FID-29-117658-4 cr=CR7400004069070-9 scheme=SHIF amount=250.00 tx=0x8a41ad5021f7afe9a53453217bfd5ce9c0c7abd42cf417416dbd7507d865ec40 claimNumberOnChain=1785055688365715
2026-07-31T07:40:32.412Z OK claim_number=360731 claim_id=34c27474-3fa9-405f-9e2e-f044fd7db530 use=claim fid=FID-20-114807-9 cr=CR7760673974977-5 scheme=SHIF amount=625.00 tx=0x872e0bfc3df760e13ae1cb7464742d3fb36d1d9bf1722eaa4931423b2181ed9e claimNumberOnChain=1785055688365716
2026-07-31T07:40:44.830Z OK claim_number=360732 claim_id=760b8e70-5274-43a5-aee4-e5634f978c3b use=claim fid=FID-20-114807-9 cr=CR8956859706294-7 scheme=SHIF amount=250.00 tx=0xba97ffd77d16fe129a110f1b9e6180461600c73134a593f600ca66332911a4d3 claimNumberOnChain=1785055688365718
2026-07-31T07:40:59.863Z OK claim_number=360733 claim_id=a2482265-11c4-4b67-9ace-5c8a29fcb0b2 use=claim fid=FID-29-117658-4 cr=CR7400004069070-9 scheme=SHIF amount=250.00 tx=0x452df97b75fbc015398fe312b721d7eed18e959751e768c89dbe593ec6cad611 claimNumberOnChain=1785055688365720
2026-07-31T07:41:08.430Z OK claim_number=360734 claim_id=d3d5814e-a223-4974-9e12-cfc4379df708 use=claim fid=FID-29-117658-4 cr=CR7400004069070-9 scheme=SHIF amount=375.00 tx=0x71f7246fab6301d79f1a0e25c8b3a9c654f32ffb0e6617c996ec4fab1bd57043 claimNumberOnChain=1785055688365722
2026-07-31T07:41:16.554Z OK claim_number=360735 claim_id=a5c75926-9558-4413-a55c-b5bf16fe7d76 use=claim fid=FID-20-114807-9 cr=CR2280111240041-1 scheme=SHIF amount=250.00 tx=0x7eadfafe4afa0c849e0852759a4582a033c3b8119bc12cfdf191685fb8fe758e claimNumberOnChain=1785055688365723
2026-07-31T07:41:28.938Z OK claim_number=360736 claim_id=6f15a330-3e93-4ed2-9be7-ee5834d70d7f use=claim fid=FID-20-114807-9 cr=CR2606951164474-2 scheme=SHIF amount=125.00 tx=0x35cdd0548393ab0379cc17393cc0e6dfe1f0367d74b3626ae7328691099f7c1b claimNumberOnChain=1785055688365724
2026-07-31T07:41:37.228Z OK claim_number=360737 claim_id=3cdd5661-f95e-4231-9c8f-fe62c69f2ba2 use=claim fid=FID-29-117658-4 cr=CR2160817833121-1 scheme=SHIF amount=100.00 tx=0x859616e03a7716a45c63f73137d2c2a765736b4c24c16946888100ddf75601d1 claimNumberOnChain=1785055688365725
2026-07-31T07:41:42.849Z OK claim_number=360738 claim_id=c85b8f1e-497d-403b-9e22-f06dd28dae3f use=claim fid=FID-29-117658-4 cr=CR1281139802789-7 scheme=SHIF amount=125.00 tx=0x7479c4876d7569c849e8f284ad82f1d5bd12689d881ee2c155a86bfffb56b9fe claimNumberOnChain=1785055688365726
2026-07-31T07:41:55.307Z OK claim_number=360739 claim_id=8300b986-d420-4916-ac78-c946c49aa8ae use=claim fid=FID-29-117658-4 cr=CR7400004069070-9 scheme=SHIF amount=100.00 tx=0x05f8e76c565098532fe99cca13f47e6f58226bf201b656158b61fa196194c1eb claimNumberOnChain=1785055688365728
2026-07-31T07:42:03.792Z OK claim_number=360740 claim_id=1b384ccc-d276-4c85-a055-319de9a2a430 use=claim fid=FID-20-114807-9 cr=CR2131645211959-7 scheme=SHIF amount=250.00 tx=0x2f8924a9432ea839ceb4107cbee0453753ff646b67b2f2c786d5215e605c95c8 claimNumberOnChain=1785055688365730
2026-07-31T07:42:18.673Z OK claim_number=360741 claim_id=87c48858-7294-490a-82aa-0b3d43ec151f use=claim fid=FID-29-117658-4 cr=CR7400004069070-9 scheme=SHIF amount=100.00 tx=0x9da8843e965e6f1978af2f5d2af671200574953ab38a5dc5df90f73c1c2ea0f7 claimNumberOnChain=1785055688365731
2026-07-31T07:42:24.302Z OK claim_number=360742 claim_id=137f4042-9281-4de1-a530-882bc0e8df2a use=claim fid=FID-20-114807-9 cr=CR5362946754639-3 scheme=SHIF amount=375.00 tx=0xeebd33b144b31600c8c600e7bee6a6a11f8f09fb8c048ecf1fbc4dcbd901b136 claimNumberOnChain=1785055688365732
2026-07-31T07:42:36.971Z OK claim_number=360743 claim_id=b25cf70c-354e-4286-a197-146b9b61e127 use=claim fid=FID-29-117658-4 cr=CR2160817833121-1 scheme=SHIF amount=100.00 tx=0x03f30d52c79e4260c9acfed6c28c9b479b8181bbad6d3fd2ffe43bcb4d99a224 claimNumberOnChain=1785055688365733
2026-07-31T07:42:42.572Z SKIP claim_number=360744 claim_id=89cd6c89-6aac-4291-b79b-0fd0604a41c4 reason=zero_amount claimed_total_raw=0.00
2026-07-31T07:42:42.575Z OK claim_number=360745 claim_id=a983a83a-253b-48c6-9f47-9ff7606a31d8 use=claim fid=FID-29-117658-4 cr=CR3572231562600-5 scheme=SHIF amount=125.00 tx=0xb2327fb1d16df7aeed522537cc168225a8ad3036dced729b9bd71a849c46b1e9 claimNumberOnChain=1785055688365734
2026-07-31T07:42:54.956Z OK claim_number=360746 claim_id=d1ebb3f7-8e2b-445b-9e79-db1f1cda135b use=claim fid=FID-29-117658-4 cr=CR5749088994631-5 scheme=SHIF amount=100.00 tx=0x70c360e51ec482e8e5df1a3fa450a9375d7627f64700ed0cf0c93355b709b781 claimNumberOnChain=1785055688365735
2026-07-31T07:43:00.826Z OK claim_number=360747 claim_id=cbddb60e-cfa2-48a8-b6fc-d4ea16900412 use=claim fid=FID-29-117658-4 cr=CR2628181732781-1 scheme=SHIF amount=125.00 tx=0x5c543596ff51369c19f23c17ac6bb1c9d56142d724d3d652edd70bf997cc9089 claimNumberOnChain=1785055688365736
2026-07-31T07:43:13.530Z OK claim_number=360748 claim_id=9b902a12-8455-4b0c-b1dc-20a9fad2aecd use=claim fid=FID-29-117658-4 cr=CR4904944877318-9 scheme=SHIF amount=100.00 tx=0x688ec87e17174f0e997e58e71bd5a036b7c5ed72ff02e37639f16de45b4da2e1 claimNumberOnChain=1785055688365737
2026-07-31T07:43:16.594Z OK claim_number=360749 claim_id=dfb3ab10-31db-4f15-8f24-562f2d6e90f4 use=claim fid=FID-29-117658-4 cr=CR7400004069070-9 scheme=SHIF amount=100.00 tx=0x5724b67ea1fdad3df39e2b85cd867f91f2753c9cea7055b065e90689a691814e claimNumberOnChain=1785055688365738
2026-07-31T07:43:22.478Z OK claim_number=360750 claim_id=413ded6e-eb61-4ef0-9fe4-4b12c9e83c0c use=claim fid=FID-20-114807-9 cr=CR9196424062565-9 scheme=SHIF amount=1212.50 tx=0xeb339e2a423cea3d904952ce2cdbffb6943c1b6ea1422deb48f034e74c880436 claimNumberOnChain=1785055688365739
2026-07-31T07:43:34.906Z OK claim_number=360751 claim_id=cc0cb82d-720d-472b-829a-d5bb7f2a2686 use=claim fid=FID-29-117658-4 cr=CR7001900717050-9 scheme=SHIF amount=125.00 tx=0x69bafff6d71b6e1cc4d084913c571547cc22d302ca144807041277cce83e675e claimNumberOnChain=1785055688365740
2026-07-31T07:43:47.802Z OK claim_number=360752 claim_id=b3c1cdc6-efbe-4cc3-99c3-95ac33448bdb use=claim fid=FID-20-114807-9 cr=CR3243731211343-5 scheme=SHIF amount=2718.75 tx=0xb5732b10613480ad42bceac51cd87fe4714f11b3b3a8e336e011cde829496ed1 claimNumberOnChain=1785055688365742
2026-07-31T07:44:03.795Z OK claim_number=360753 claim_id=a056f0e8-d519-4794-8b01-b12ef144297f use=claim fid=FID-29-117658-4 cr=CR8727405005556-7 scheme=SHIF amount=625.00 tx=0x46e3c4a03cb3ee98d96ce98a813a63c1aae922a0079f4f829006ef2b5316fd88 claimNumberOnChain=1785055688365743
2026-07-31T07:44:09.423Z OK claim_number=360754 claim_id=1d81cbec-08d6-4082-bb9c-94c3ebb6c018 use=claim fid=FID-20-114807-9 cr=CR0371765891096-4 scheme=SHIF amount=625.00 tx=0xd332fd92a71cb0bc6c3f4573dcce5556bd9a91eb027e8d1f716c5b6f91045b76 claimNumberOnChain=1785055688365744
2026-07-31T07:44:22.500Z OK claim_number=360755 claim_id=cd5c7e01-5031-4d13-a4ae-4c92002867da use=claim fid=FID-29-117658-4 cr=CR4686598781823-1 scheme=SHIF amount=46.95 tx=0x13fdb3b7aa0dac6510d7bc653d5ad6c9a17c4e874b816a66471f6b3d5513cb96 claimNumberOnChain=1785055688365745
2026-07-31T07:44:28.078Z OK claim_number=360756 claim_id=de3ba956-5b80-4b47-b838-2b7183a2eeaf use=claim fid=FID-29-117658-4 cr=CR4686598781823-1 scheme=SHIF amount=87.50 tx=0x074b30255942b9d233e14261c0f0042c7b6051bb2bc7678d869b06b4ffcf5063 claimNumberOnChain=1785055688365746
2026-07-31T07:44:34.133Z OK claim_number=360757 claim_id=00bfe050-3b30-40a9-8419-d1e643d95f63 use=claim fid=FID-20-114807-9 cr=CR8089292173737-3 scheme=SHIF amount=250.00 tx=0x0237d496e4cd2738343f6214267fb9ac573282acb2ab99deae131f1bde64343f claimNumberOnChain=1785055688365747
2026-07-31T07:44:46.747Z OK claim_number=360758 claim_id=c2553f7e-f1ee-45a5-85a0-25d384c23294 use=claim fid=FID-29-117658-4 cr=CR4686598781823-1 scheme=SHIF amount=46.95 tx=0x4a6fa96a08b570a61a7c00359f06c9e610f657968e80c3d277245b12a7913553 claimNumberOnChain=1785055688365748
2026-07-31T07:44:52.431Z OK claim_number=360759 claim_id=cf2056a6-a107-4f0b-a1c9-114038b145da use=claim fid=FID-29-117658-4 cr=CR4686598781823-1 scheme=SHIF amount=87.50 tx=0x9598aa3ee05e77b904d35f4f8c5c11ffcfce5c897460d4e9c2be12fe54f0c088 claimNumberOnChain=1785055688365749
2026-07-31T07:44:58.100Z OK claim_number=360760 claim_id=33b3cf78-8c04-4aed-b69e-d75c727aed36 use=claim fid=FID-20-114807-9 cr=CR0745261029429-1 scheme=SHIF amount=250.00 tx=0xa2388feda713280d63b8e86405fbf05b461136af736cd7da475dd379c3082222 claimNumberOnChain=1785055688365750
2026-07-31T07:45:21.329Z OK claim_number=360761 claim_id=a7f0ef79-0e8a-41cc-b29f-3421bc430c91 use=claim fid=FID-29-117658-4 cr=CR4686598781823-1 scheme=SHIF amount=46.95 tx=0x3d0ad9ca733ab34511ad4eb16da4e53551179952928b5e0a67fa0b03aefe9ffd claimNumberOnChain=1785055688365751
2026-07-31T07:45:26.924Z OK claim_number=360762 claim_id=6eab73aa-ada7-40a1-9fd8-ac481220023d use=claim fid=FID-29-117658-4 cr=CR4686598781823-1 scheme=SHIF amount=87.50 tx=0xe2dfa9eeb432e08345f5fafc3dad79c42ee0fd8dc8ca83e6cf069c9a1e2cd23d claimNumberOnChain=1785055688365752
2026-07-31T07:45:32.535Z OK claim_number=360763 claim_id=141cffe1-92b1-41cd-883b-84e28915f939 use=claim fid=FID-29-117658-4 cr=CR4686598781823-1 scheme=SHIF amount=46.95 tx=0xace1397c2852b2bab6631fd9690a0dcd57d0664ad81ead6c6d9293577412c773 claimNumberOnChain=1785055688365753
2026-07-31T07:45:38.158Z OK claim_number=360764 claim_id=bb9458d5-09c7-43e7-94cc-ecdbe0e978ac use=claim fid=FID-20-114807-9 cr=CR0861578444959-9 scheme=SHIF amount=1875.00 tx=0x79fc8be8b9b6431d14ef7a825748aef16dbb8e63695233ce09051e0c1984243f claimNumberOnChain=1785055688365754
2026-07-31T07:45:53.137Z OK claim_number=360765 claim_id=a8b4fb00-aa02-479b-9dfe-11c70f9ed55b use=claim fid=FID-29-117658-4 cr=CR4686598781823-1 scheme=SHIF amount=87.50 tx=0x291e1945768685ea611a14d533d24d988a8e462d10c853824b986b5c3c22c46f claimNumberOnChain=1785055688365755
2026-07-31T07:45:58.729Z OK claim_number=360766 claim_id=23ebba81-fe4a-447f-a920-a1e6ede36157 use=claim fid=FID-29-117658-4 cr=CR0324416721197-4 scheme=SHIF amount=125.00 tx=0x448cde509db114ce7ca59b6490e28dc7020914352cc805dbf354472aea7f6c35 claimNumberOnChain=1785055688365756
2026-07-31T07:46:11.677Z OK claim_number=360767 claim_id=ffa09ed4-d7d4-4bef-a120-ceef130e5816 use=claim fid=FID-29-117658-4 cr=CR4686598781823-1 scheme=SHIF amount=46.95 tx=0xc29bc4a58420bcd674f15fc4834d70280873170e10a8b981ffc83a1a077052f2 claimNumberOnChain=1785055688365757
2026-07-31T07:46:17.281Z OK claim_number=360768 claim_id=dc2cfdf5-7739-4632-8b20-a29f7baaf94c use=claim fid=FID-20-114807-9 cr=CR5433142681187-2 scheme=SHIF amount=377.50 tx=0x3b7919624438718c7dc033f156de37e33ffc34b7a03e0b3c2b153defa72cabde claimNumberOnChain=1785055688365758
2026-07-31T07:46:29.616Z OK claim_number=360769 claim_id=9b7ce9ac-36fe-4e9b-afaf-54ffdb84f06f use=claim fid=FID-29-117658-4 cr=CR4686598781823-1 scheme=SHIF amount=87.50 tx=0x7055b828378d66ba6564bae14df55421d76f99bd2e40873dc2e531ff43141dca claimNumberOnChain=1785055688365759
2026-07-31T07:46:35.185Z OK claim_number=360770 claim_id=2ccc7693-e5d4-4538-9f5e-d9f7369809d8 use=claim fid=FID-20-114807-9 cr=CR3080989305719-3 scheme=SHIF amount=520.00 tx=0xba9d4944e07a8738edaa5c45a983de6befda8c84865edbe34476c12ea600a9ea claimNumberOnChain=1785055688365760
2026-07-31T07:46:47.761Z OK claim_number=360771 claim_id=a5236644-c669-4a1d-8744-53f919044eac use=claim fid=FID-29-117658-4 cr=CR4686598781823-1 scheme=SHIF amount=46.95 tx=0x715385cf46f7500ab263271902541c5fe77408e88c3af9ca386956dfdd45099a claimNumberOnChain=1785055688365762
2026-07-31T07:46:55.945Z OK claim_number=360772 claim_id=15c1854c-68dc-4a1f-8cd6-aa7003829e58 use=claim fid=FID-29-117658-4 cr=CR4686598781823-1 scheme=SHIF amount=87.50 tx=0x13dd98c5374b7fef138651206b042e81044e75ddd4efe58a923a06b781217364 claimNumberOnChain=1785055688365764
2026-07-31T07:47:04.290Z OK claim_number=360773 claim_id=b28880ed-b649-49ae-bad2-8ae9b67c5124 use=claim fid=FID-29-117658-4 cr=CR4686598781823-1 scheme=SHIF amount=46.95 tx=0x81cbfb1e38ea4523872c9dfe7d0b658f6d46ca371f9edb644eb277689d3be16f claimNumberOnChain=1785055688365765
2026-07-31T07:47:10.198Z OK claim_number=360774 claim_id=1bf6a24b-1ce7-4524-9439-f0d465c145c4 use=claim fid=FID-20-114807-9 cr=CR8865438981936-2 scheme=SHIF amount=875.00 tx=0x267b4305ee7b5a9b58673a9e6f30de72806993352891bd6f9c943adef18040d4 claimNumberOnChain=1785055688365766
2026-07-31T07:47:18.627Z OK claim_number=360775 claim_id=9baa72f5-1e33-423c-81e0-4f30a1928462 use=claim fid=FID-29-117658-4 cr=CR4686598781823-1 scheme=SHIF amount=87.50 tx=0xd700e2684613c2b819eef605b08bf02eeca6fba5cfbb531c322a045ec319075b claimNumberOnChain=1785055688365767
2026-07-31T07:47:24.178Z OK claim_number=360776 claim_id=01c2d1e7-88d6-4143-9bce-9bab391001da use=claim fid=FID-20-114807-9 cr=CR4702596423967-4 scheme=SHIF amount=921.97 tx=0xb29ab853552fc5d686db0a84335960ba845b557b12fb81cad4edbf70c5c14aa9 claimNumberOnChain=1785055688365768
2026-07-31T07:47:36.648Z OK claim_number=360777 claim_id=07d6ef90-6d3f-4c17-b780-a82416efa02e use=claim fid=FID-29-117658-4 cr=CR8727405005556-7 scheme=SHIF amount=100.00 tx=0xfd33666ace92d32b786cd1cffb0e34f9ad1913b987d62877066fe8cc3745fdce claimNumberOnChain=1785055688365769
2026-07-31T07:47:42.264Z OK claim_number=360778 claim_id=fce4c044-6709-4d4b-a174-96af1a8d6edc use=claim fid=FID-29-117658-4 cr=BZ29728796-3 scheme=SHIF amount=625.00 tx=0x0be9a5661c706984e1c16a3458dd8f6544c236d33385958900d7b5d7d713829f claimNumberOnChain=1785055688365770
2026-07-31T07:47:47.918Z OK claim_number=360779 claim_id=4348b28d-7f42-4b7c-b189-a520a193a90f use=claim fid=FID-29-117658-4 cr=CR4816680697145-1 scheme=SHIF amount=125.00 tx=0x7256db601948bde1fe565216be35fc09c2470a727c4f192528b942504f755d97 claimNumberOnChain=1785055688365771
2026-07-31T07:48:00.343Z OK claim_number=360780 claim_id=d8242256-d88c-462c-a8ce-e55165e1fda5 use=claim fid=FID-29-117658-4 cr=CR8237953083735-4 scheme=SHIF amount=125.00 tx=0x9da1ae4d360104fa76890e1142a53b8d8a3b8257f221c0dfc57b9b3c2359b01c claimNumberOnChain=1785055688365772
2026-07-31T07:48:12.877Z OK claim_number=360781 claim_id=e4b4ac16-6ccf-45bf-a321-3476691b4bda use=claim fid=FID-29-117658-4 cr=CR6509895938248-3 scheme=SHIF amount=100.00 tx=0x1dc3bd8503cdbe351dd7a720fb40e9b8960d0239ac93daf973b7daccdb79aa99 claimNumberOnChain=1785055688365773
2026-07-31T07:48:18.621Z OK claim_number=360782 claim_id=e2f76ba8-9f53-4260-ba30-f557a6507549 use=claim fid=FID-29-117658-4 cr=CR6658100563815-5 scheme=SHIF amount=125.00 tx=0x395c1cc919186724b4d6f56015178f0f822af2b263f70b1123d2932f7023f60d claimNumberOnChain=1785055688365775
2026-07-31T07:48:40.015Z OK claim_number=360783 claim_id=a16e5923-c06b-45aa-8a77-b98320d2bf03 use=claim fid=FID-29-117658-4 cr=CR4686598781823-1 scheme=SHIF amount=46.95 tx=0x4eca5001cb4942b8c518538f5faa174a19c9e29c100395c840444f878999f9ec claimNumberOnChain=1785055688365776
2026-07-31T07:48:45.581Z OK claim_number=360784 claim_id=cff30733-683c-44ad-91aa-1ee745774645 use=claim fid=FID-20-114807-9 cr=CR0454774390595-3 scheme=SHIF amount=250.00 tx=0xd572d109fcb52e5c8d14e4512028dc9a7d34eb774050a9205efe905f5a6873b1 claimNumberOnChain=1785055688365777
2026-07-31T07:48:58.043Z OK claim_number=360785 claim_id=7b8b2cce-a1ba-4588-a601-60fedbf943ee use=claim fid=FID-29-117658-4 cr=CR4686598781823-1 scheme=SHIF amount=87.50 tx=0x2ec0ad69fea9e610c1b801a8d9a417c8d028b1feedc1e946d36b4c54d62f401c claimNumberOnChain=1785055688365778
2026-07-31T07:49:03.869Z OK claim_number=360786 claim_id=160267ee-aadf-4e60-a48c-8cc156ac4fd1 use=claim fid=FID-29-117658-4 cr=CR4686598781823-1 scheme=SHIF amount=46.95 tx=0x3af6a5d2814c4274b9efd5feb61c5691b5da94e2bacf9906c47fc3a60f2847be claimNumberOnChain=1785055688365779
2026-07-31T07:49:09.823Z OK claim_number=360787 claim_id=c360b63d-35ea-4bb7-942c-76f2b289cdf9 use=claim fid=FID-29-117658-4 cr=CR9265964831744-1 scheme=SHIF amount=125.00 tx=0x93aeec9abb5eaca4aae6e739f07a2d8c1c521e3f389ee510cc60d38c5bc41536 claimNumberOnChain=1785055688365780
2026-07-31T07:49:22.278Z OK claim_number=360788 claim_id=96d5730d-fe81-4087-9f4f-bd7fcbdcbe5c use=claim fid=FID-29-117658-4 cr=CR4686598781823-1 scheme=SHIF amount=87.50 tx=0xa852d3b6ec84dc11da375d672109f17324a32fd2a0a7f9d000249e4dd6874195 claimNumberOnChain=1785055688365781
2026-07-31T07:49:27.884Z OK claim_number=360789 claim_id=bdda2b62-8e72-4bd7-a92c-d738a0ad778c use=claim fid=FID-29-117658-4 cr=CR4686598781823-1 scheme=SHIF amount=46.95 tx=0x7b3c59c0baca9fc7ad8bf1aeea96f8cccc450488153d6e70a228d9c7370faa76 claimNumberOnChain=1785055688365782
2026-07-31T07:49:33.488Z OK claim_number=360790 claim_id=17800181-c020-4af2-97c2-2f46d67ece96 use=claim fid=FID-20-114807-9 cr=CR9987720336706-3 scheme=SHIF amount=175.00 tx=0x83ba24d61b93d93fd720ac74487953efbb707e48fb3eebe20fe952573ef81dbd claimNumberOnChain=1785055688365783
2026-07-31T07:49:45.915Z OK claim_number=360791 claim_id=b55a0f5f-9472-4fb0-aedb-e705dc4419b0 use=claim fid=FID-29-117658-4 cr=CR4686598781823-1 scheme=SHIF amount=87.50 tx=0x6739925bbb64cae1c5a815c70189283fdc4503e912db011f0c71a75bfd28642a claimNumberOnChain=1785055688365784
2026-07-31T07:49:51.588Z OK claim_number=360792 claim_id=1d33798f-2a21-4a45-9db6-f3cd9df4d449 use=claim fid=FID-20-114807-9 cr=CR2553422667502-7 scheme=SHIF amount=125.00 tx=0x84388b2603ad4f0804805b6730a2ce1ac9fbed654b010a262d8a78f07acda74f claimNumberOnChain=1785055688365785
2026-07-31T07:50:09.130Z OK claim_number=360793 claim_id=e44e62bd-643f-40d8-81d8-e4974188e301 use=claim fid=FID-20-114807-9 cr=CR0549684498573-9 scheme=SHIF amount=200.00 tx=0x202834738f3492cb3ab701bd2c79c34eabc09a9f716a4efdfe820702a7fbdabe claimNumberOnChain=1785055688365786
2026-07-31T07:50:22.009Z OK claim_number=360794 claim_id=d6a0dd7d-75ee-4f47-8628-2b83eb738765 use=claim fid=FID-20-114807-9 cr=CR9472633964970-1 scheme=SHIF amount=750.00 tx=0x55450b516f517f28ad7cb101e27d559662077899109759802da823de2c7fbd88 claimNumberOnChain=1785055688365787
2026-07-31T07:50:45.546Z OK claim_number=360795 claim_id=383152f3-c1e1-4829-8b74-8bb6a1130241 use=claim fid=FID-29-117658-4 cr=CR4686598781823-1 scheme=SHIF amount=46.95 tx=0x614fc7ade76804b4fd2907c469a9ae07c62dbd1bb9db62ad1481116accb95f8c claimNumberOnChain=1785055688365788
2026-07-31T07:50:59.523Z OK claim_number=360796 claim_id=89e55700-d3e1-4a85-9716-540a374d2902 use=claim fid=FID-29-117658-4 cr=CR4686598781823-1 scheme=SHIF amount=87.50 tx=0xf04d7fe459760c36f1d3c4b36a3133f33b4a7e8b560d94ed750b78ff65d1e3ed claimNumberOnChain=1785055688365789
2026-07-31T07:51:05.384Z OK claim_number=360797 claim_id=20870251-ce0d-48ac-a3a4-883f4145732d use=claim fid=FID-20-114807-9 cr=CR4224619042772-8 scheme=SHIF amount=250.00 tx=0xeee425bd27df2bd76c36309cf41d201aa9e75cef3572152012f14a133785c18f claimNumberOnChain=1785055688365790
2026-07-31T07:51:18.407Z OK claim_number=360798 claim_id=37a61952-5115-43eb-afc8-455a627c0059 use=claim fid=FID-29-117658-4 cr=CR8727405005556-7 scheme=SHIF amount=625.00 tx=0x36bdf0de73a34be221812d060838108627625acf1882ff596b2fcc46c7f21286 claimNumberOnChain=1785055688365791
2026-07-31T07:51:24.114Z OK claim_number=360799 claim_id=9ffce4ef-0fbe-46d2-8f38-d9ef9ead0bcb use=claim fid=FID-29-117658-4 cr=CR8727405005556-7 scheme=SHIF amount=600.00 tx=0x93bd7b7625803ab6303faa7f9975d406f8951593cb5114980e70b866f01b4a63 claimNumberOnChain=1785055688365792
2026-07-31T07:51:31.182Z OK claim_number=360800 claim_id=64aa6270-5193-4a6a-9eea-4e83ae2aec31 use=claim fid=FID-29-117658-4 cr=CR6466974002340-3 scheme=SHIF amount=125.00 tx=0x2d07ceefaebcceced967816b8616c338bd8b63ac16eab80fac2f2e027cbdf4a1 claimNumberOnChain=1785055688365793
2026-07-31T07:51:44.905Z OK claim_number=360801 claim_id=9822fd50-d91c-42b6-803d-837385fdf26b use=claim fid=FID-29-117658-4 cr=CR0587263825063-1 scheme=SHIF amount=125.00 tx=0xd86bc9d4ab9410974dcadba38e75210778008fabd44b5fa56dd49279067db99e claimNumberOnChain=1785055688365794
2026-07-31T07:51:57.367Z OK claim_number=360802 claim_id=f43c7845-7733-4d5b-8a26-b5a1deb01df4 use=claim fid=FID-29-117658-4 cr=CR8727405005556-7 scheme=SHIF amount=500.00 tx=0x64b4eadfea03bd2e4c12c32172750bf9ead8266b59a9608a52afe452af55a054 claimNumberOnChain=1785055688365795
2026-07-31T07:52:03.001Z OK claim_number=360803 claim_id=85064471-08bb-4bd2-8f0c-2bda1499b0cb use=claim fid=FID-29-117658-4 cr=CR3928672760384-2 scheme=SHIF amount=100.00 tx=0xbaf311daa7de173ba3ece5aa96482cea2e82376431b58d5fe9fb1161c3059978 claimNumberOnChain=1785055688365796
2026-07-31T07:52:08.631Z OK claim_number=360804 claim_id=3021130b-73c8-4ac0-9a25-c935e56a3c5c use=claim fid=FID-20-114807-9 cr=CR6785033824008-1 scheme=SHIF amount=250.00 tx=0x9aa84e38eb9d9f0553e7e3c136a22491d1af2616687b4931c731fd31762ca37d claimNumberOnChain=1785055688365797
2026-07-31T07:52:21.230Z OK claim_number=360805 claim_id=136c5961-5a7a-4f46-8f5a-ec700e0229b7 use=claim fid=FID-29-117658-4 cr=CR7860562929831-4 scheme=SHIF amount=100.00 tx=0xe2b589d324491eee6994848128d514dafef579699f40572900c1ad27871f0b39 claimNumberOnChain=1785055688365799
2026-07-31T07:52:30.584Z OK claim_number=360806 claim_id=5c8878ef-efde-4db8-b7bf-5e381cccc99b use=claim fid=FID-29-117658-4 cr=CR8441597817583-8 scheme=SHIF amount=125.00 tx=0xbdedd75d361dbf873447e9f5f9f6cb497f72645602436dc52470d8a4292e5244 claimNumberOnChain=1785055688365800
2026-07-31T07:52:43.087Z OK claim_number=360807 claim_id=b9ead6d5-722d-4c8c-b347-a3ef5fac2e44 use=claim fid=FID-29-117658-4 cr=CR8727405005556-7 scheme=SHIF amount=266.05 tx=0x4386eacf4669ff64ad202251ad90a95428bedab2d9ece93ace2898881174ebc2 claimNumberOnChain=1785055688365801
2026-07-31T07:52:48.653Z OK claim_number=360808 claim_id=9cc5f00d-0e93-438c-8b1d-607c9114eeb1 use=claim fid=FID-29-117658-4 cr=CR8727405005556-7 scheme=SHIF amount=266.05 tx=0x365c1ad2373ae3f7b901133468dd84bbf926bcf413b6db7dfa45308f31c233f5 claimNumberOnChain=1785055688365802
2026-07-31T07:52:54.260Z OK claim_number=360809 claim_id=25514d52-3d60-48e5-a62a-bfc3f4339e15 use=claim fid=FID-29-117658-4 cr=CR8706882107674-0 scheme=SHIF amount=100.00 tx=0x5f751bc1b1a474be9c48b9209261f4ec1772a573e62d969ae437f6682d047fd6 claimNumberOnChain=1785055688365803
2026-07-31T07:52:59.971Z OK claim_number=360810 claim_id=145eacb1-212a-4bbb-a00b-f70bfaa22bd9 use=claim fid=FID-20-114807-9 cr=CR1961416197438-3 scheme=SHIF amount=937.50 tx=0xe2f07b00945399532273b977764e8309d65f6ba65f8759fd459cb57b037067f7 claimNumberOnChain=1785055688365804
2026-07-31T07:53:12.321Z OK claim_number=360811 claim_id=69d847f0-e3cf-4b7c-afdb-a3da28d00fa0 use=claim fid=FID-29-117658-4 cr=CR4195890425516-8 scheme=SHIF amount=75.00 tx=0xea0f366036b377925805f3873786f7f2a590b8a96851e9896dbae6fa24960c44 claimNumberOnChain=1785055688365805
2026-07-31T07:53:17.920Z OK claim_number=360812 claim_id=cca0d6ad-b1a1-4647-ba27-a4c2aa54333a use=claim fid=FID-20-114807-9 cr=CR6522461901320-7 scheme=SHIF amount=125.00 tx=0x12b7190a3ad0239e6b67f18f1e02641cbbd799a1c3aa9d6a715c7e087f989784 claimNumberOnChain=1785055688365807
2026-07-31T07:53:32.807Z OK claim_number=360813 claim_id=8df91b00-a5b3-4e4c-b02d-ef829c330711 use=claim fid=FID-29-117658-4 cr=CR4195890425516-8 scheme=SHIF amount=22.50 tx=0x6a2046fe0ca52b9aac98b0c02df645dc33c04ec75774b7cd67c91afd1d661e29 claimNumberOnChain=1785055688365808
2026-07-31T07:53:38.513Z OK claim_number=360814 claim_id=c7dea4da-ad23-47c7-8e4d-1308d1b4d2bf use=claim fid=FID-29-117658-4 cr=CR1686958385342-4 scheme=SHIF amount=125.00 tx=0x8b8ded94815de82bfe7d986bc779b913e43e89b60082bac5a8c7d1404951b7fd claimNumberOnChain=1785055688365809
2026-07-31T07:53:59.104Z OK claim_number=360815 claim_id=9ca19d34-7793-4b38-9615-7eb0c7ef17af use=claim fid=FID-29-117658-4 cr=CR4195890425516-8 scheme=SHIF amount=75.00 tx=0x2f0596c6430761b003e05d7c8d546fe397b37bc84a513664206a4878e9880a3b claimNumberOnChain=1785055688365810
2026-07-31T07:54:04.802Z OK claim_number=360816 claim_id=5aa41714-7eb8-4c9c-a6a5-f1772b5ba467 use=claim fid=FID-29-117658-4 cr=CR4195890425516-8 scheme=SHIF amount=22.50 tx=0x0d1a2be7a105e0b4af11d40035a6d0056e3650666ff7cbbe53b3d64b7bcc84f4 claimNumberOnChain=1785055688365812
2026-07-31T07:54:13.155Z OK claim_number=360817 claim_id=eb27cb8b-c68a-4e72-86f8-953732de43de use=claim fid=FID-29-117658-4 cr=CR4195890425516-8 scheme=SHIF amount=75.00 tx=0x17d5958b96460c205990313096733120fcff0b3a3681e4a1f55a9b8f9fc42bb0 claimNumberOnChain=1785055688365813
2026-07-31T07:54:19.081Z OK claim_number=360818 claim_id=58ba7f18-5969-4839-a309-dc3591879ef2 use=claim fid=FID-29-117658-4 cr=CR0926782497204-7 scheme=SHIF amount=125.00 tx=0x00793151adfb1a6fa0e3642790c556581ec7d0e8b0b2df6209a2a1eb39ece6a5 claimNumberOnChain=1785055688365814
2026-07-31T07:54:31.319Z OK claim_number=360819 claim_id=86a04a36-9ced-4f1b-9efd-7464cf3fa891 use=claim fid=FID-29-117658-4 cr=CR4195890425516-8 scheme=SHIF amount=22.50 tx=0x48e96a9d7a028c0b87ee9674702cdbb9a4dd68fd7dfdb4f583e9584f91feea01 claimNumberOnChain=1785055688365815
2026-07-31T07:54:36.998Z OK claim_number=360820 claim_id=731d9cfc-2359-4df3-8199-7c0a48f78405 use=claim fid=FID-20-114807-9 cr=CR5116074296362-7 scheme=SHIF amount=250.00 tx=0xa2505b7d5ba68147a5c313ad4c92a125312262bf5e256b71179f2a76c2e7eaac claimNumberOnChain=1785055688365816
2026-07-31T07:54:49.541Z OK claim_number=360821 claim_id=d4cfe308-552e-4ba8-9448-45a4f6893707 use=claim fid=FID-29-117658-4 cr=CR4951973331144-0 scheme=SHIF amount=125.00 tx=0x34686ff5c6be8b6c6a1fb5b595e18e02d00afcec322994049b3f4e8a9ff73846 claimNumberOnChain=1785055688365817
2026-07-31T07:55:02.224Z OK claim_number=360822 claim_id=14a3773f-e92e-4e1a-8fbf-fa5412a6222e use=claim fid=FID-29-117658-4 cr=CR4195890425516-8 scheme=SHIF amount=75.00 tx=0xf52eef4074864789dad3e97da248b2f1272af4e9d792f99c0446d66d761c7bc6 claimNumberOnChain=1785055688365818
2026-07-31T07:55:07.878Z OK claim_number=360823 claim_id=91570998-fca0-46c0-a180-fb0016e3d368 use=claim fid=FID-29-117658-4 cr=CR4195890425516-8 scheme=SHIF amount=22.50 tx=0x8717f3b1a377ca2a5f19494d1799f87d2306970976cb020c9e357538f0a9cf28 claimNumberOnChain=1785055688365819
2026-07-31T07:55:13.472Z OK claim_number=360824 claim_id=ec1733d7-690b-48e8-8d8b-0de45e62e88c use=claim fid=FID-20-114807-9 cr=CR9009599219515-2 scheme=SHIF amount=3375.00 tx=0xaed6d93e09a0a268379206794177a8c928a1b20110869ec70ffdf1937193e256 claimNumberOnChain=1785055688365820
2026-07-31T07:55:27.294Z OK claim_number=360825 claim_id=dfe8619f-1f94-4fbf-9d68-b17deec63bfb use=claim fid=FID-29-117658-4 cr=CR4195890425516-8 scheme=SHIF amount=75.00 tx=0xc4c4532af3c937015461efc4507c5bff567acf4a6b554cca6a471dc0f7df7deb claimNumberOnChain=1785055688365821
2026-07-31T07:55:32.906Z OK claim_number=360826 claim_id=1a306d9e-b799-4076-9cad-e34ffb96b0b0 use=claim fid=FID-29-117658-4 cr=CR4195890425516-8 scheme=SHIF amount=22.50 tx=0x43838370bfaf4ec389c606a633bb55c3513467be0ecd0e55f55a94d2472d0c15 claimNumberOnChain=1785055688365823
2026-07-31T07:55:41.330Z OK claim_number=360827 claim_id=5daf35a0-b6c4-4192-91b4-5208b08e1524 use=claim fid=FID-20-114807-9 cr=CR0471121011091-5 scheme=SHIF amount=250.00 tx=0xa9d6871125dfaf687d652cf60087a5d79295449921462f0a47aed5d5539cb4e0 claimNumberOnChain=1785055688365824
2026-07-31T07:55:53.982Z OK claim_number=360828 claim_id=85afe6a6-21ed-4d65-944b-02bf5b8a6b81 use=claim fid=FID-29-117658-4 cr=CR0597975760735-8 scheme=SHIF amount=100.00 tx=0x62e2b613e820efed6501883dd8d5e9bd0132f08d34bfd2ef1c5252a3dfecd107 claimNumberOnChain=1785055688365825
2026-07-31T07:55:59.577Z OK claim_number=360829 claim_id=a85d978d-5e11-4a74-9c5e-dd2c451ffc37 use=claim fid=FID-29-117658-4 cr=CR6232440876125-6 scheme=SHIF amount=125.00 tx=0x7e034c024c42cb725f11f6b338b6d35313c246ccc7a3ef044fd332610ab9e62f claimNumberOnChain=1785055688365826
2026-07-31T07:56:08.158Z OK claim_number=360830 claim_id=53c7efec-fa43-4f62-940f-d929d9b97528 use=claim fid=FID-29-117658-4 cr=CR9645760706984-8 scheme=SHIF amount=100.00 tx=0x3297f9bcdfd5bdc8e46a700acad52126c7078162505a220667e77ab1ab83c7bc claimNumberOnChain=1785055688365827
2026-07-31T07:56:10.941Z OK claim_number=360831 claim_id=cff60367-daf2-4273-9271-66afe3f53176 use=claim fid=FID-29-117658-4 cr=CR7984377429417-1 scheme=SHIF amount=125.00 tx=0xf924670e1077b9e4b5007a5cbab4c1eb2dc5e5ceac2946952fa1b5c5c56fa4ba claimNumberOnChain=1785055688365828
2026-07-31T07:56:24.195Z OK claim_number=360832 claim_id=cb619e85-2870-436e-8bda-4007ea8a381d use=claim fid=FID-29-117658-4 cr=CR4195890425516-8 scheme=SHIF amount=100.00 tx=0xa77408cb2336120e56fcea481c01d5a0e1c0f6921797ebb34d4cf63ad2fe010f claimNumberOnChain=1785055688365829
2026-07-31T07:56:29.836Z OK claim_number=360833 claim_id=bceb5b36-4ef8-4142-bfab-0a3821417fe3 use=claim fid=FID-29-117658-4 cr=CR1708702582559-0 scheme=SHIF amount=125.00 tx=0x409201ecb3bfaf62421eb5ca6693abfc10f8b45db8cf6ac637ac685de8523e2b claimNumberOnChain=1785055688365830
2026-07-31T07:56:43.159Z OK claim_number=360834 claim_id=9aa1730a-fd10-4aa4-8a06-a3395c01bcdd use=claim fid=FID-29-117658-4 cr=CR5741431600340-9 scheme=SHIF amount=100.00 tx=0x0834c22f31a8acef56172798344d72ee21e230d520ccd2b1758969377324aeef claimNumberOnChain=1785055688365831
2026-07-31T07:56:49.134Z OK claim_number=360835 claim_id=2dbd0480-f667-43b4-b798-0920bb4cc262 use=claim fid=FID-20-114807-9 cr=CR3312628036230-1 scheme=SHIF amount=125.00 tx=0x8d256bc509eb8e997e81b03a7c5402faf3a6c539cd8fc5c24463b03dfd1bec35 claimNumberOnChain=1785055688365832
2026-07-31T07:57:01.584Z OK claim_number=360836 claim_id=ca13a107-d22d-478a-a0bd-12a8af24722c use=claim fid=FID-29-117658-4 cr=CR8706882107674-0 scheme=SHIF amount=100.00 tx=0xf532ba7022d6bd9ce2429aabe5443d00a030ad0808c36f4bce4b4ae047d9ec29 claimNumberOnChain=1785055688365833
2026-07-31T07:57:07.221Z OK claim_number=360837 claim_id=d1111d19-d78a-46b4-83ca-5d71cfdc1672 use=claim fid=FID-29-117658-4 cr=CR8706882107674-0 scheme=SHIF amount=100.00 tx=0x3690e1df23bf6c635b7d7e4b58445c967eed5dbf747c038052ef6462fdccb482 claimNumberOnChain=1785055688365834
2026-07-31T07:57:12.812Z OK claim_number=360838 claim_id=642ef4d8-28db-44f2-b183-6d8d1762e244 use=claim fid=FID-20-114807-9 cr=CR3574477003534-0 scheme=SHIF amount=125.00 tx=0x328ec3c004ddb967db7e03f8fa50cc1b19ae046293d23ad6c86d671136d6acba claimNumberOnChain=1785055688365835
2026-07-31T07:57:25.176Z OK claim_number=360839 claim_id=3a2e2c85-da85-4aee-9f96-67a75b7f276d use=claim fid=FID-29-117658-4 cr=CR8706882107674-0 scheme=SHIF amount=100.00 tx=0xa40f982d99b362097bf06521e3a499b5d3f7e4705fc02062cf4948988b2186c1 claimNumberOnChain=1785055688365836
2026-07-31T07:57:30.743Z OK claim_number=360840 claim_id=a0c05df1-0af7-4110-9c2f-e5f23c940f7e use=claim fid=FID-20-114807-9 cr=CR2463035872911-0 scheme=SHIF amount=375.00 tx=0x4a190b56bfd3328f3ebb836f39b6922b55921f535e12229560598da8dbbc66ad claimNumberOnChain=1785055688365837
2026-07-31T07:57:36.500Z OK claim_number=360841 claim_id=4823d99d-bc34-42fe-9b20-0cd4e47f0f49 use=claim fid=FID-29-117658-4 cr=CR3344567329325-7 scheme=SHIF amount=125.00 tx=0x54c1b93cf82d7bac75e92c2311ff12a70d6082f846d41e43af6fda949aead5d0 claimNumberOnChain=1785055688365838
2026-07-31T07:57:49.074Z OK claim_number=360842 claim_id=186bcda5-26d5-4aa1-be04-1d0a70524896 use=claim fid=FID-29-117658-4 cr=CR7400004069070-9 scheme=SHIF amount=100.00 tx=0x857401b6ec07705c0d8592fee63dd8abdefb978f6da65409ece48247c0773ff4 claimNumberOnChain=1785055688365839
2026-07-31T07:57:54.653Z OK claim_number=360843 claim_id=2a83372f-03d5-496e-98f1-bba2a9bd23b1 use=claim fid=FID-20-114807-9 cr=CR2872197674132-6 scheme=SHIF amount=500.00 tx=0xb6be8ff35261dbd82f7a86485e4899619fbf05a1d6b0a6520aee624d20315516 claimNumberOnChain=1785055688365840
2026-07-31T07:58:12.290Z OK claim_number=360844 claim_id=3ef436d0-4791-4d13-82da-e66fdf558521 use=claim fid=FID-29-117658-4 cr=CR8727405005556-7 scheme=SHIF amount=625.00 tx=0x7653ff6520f66ad3266dddd6b9f3dd23acb954217c2ac057f22ebeb87b20f053 claimNumberOnChain=1785055688365841
2026-07-31T07:58:17.872Z OK claim_number=360845 claim_id=5c3a7021-fbd8-4210-8a78-3253e6d828d4 use=claim fid=FID-20-114807-9 cr=CR3281067561117-1 scheme=SHIF amount=250.00 tx=0xc53cc8cd25037ac050081e1cadf414b3469b13af11b98609c2d6df314425785e claimNumberOnChain=1785055688365842
2026-07-31T07:58:30.258Z OK claim_number=360846 claim_id=9d75653c-3ce4-4c32-b229-02b5e1c63d54 use=claim fid=FID-29-117658-4 cr=CR8727405005556-7 scheme=SHIF amount=625.00 tx=0x964ab6e1fb20a68173ee1c5b5e8ce5b327850e8ae519f5fa96c5cdb7d18f4767 claimNumberOnChain=1785055688365844
2026-07-31T07:58:38.671Z OK claim_number=360847 claim_id=32bbc54c-1888-4b49-81d8-344a8c294081 use=claim fid=FID-29-117658-4 cr=CR6816036129538-5 scheme=SHIF amount=125.00 tx=0xeb58d18272547bfcfb1aec5d0c151b7637a707ffbd4a03acc6849d0847743a57 claimNumberOnChain=1785055688365845
2026-07-31T07:58:51.461Z OK claim_number=360848 claim_id=d1f76e26-331c-4a19-9ea1-05717856156e use=claim fid=FID-29-117658-4 cr=CR8727405005556-7 scheme=SHIF amount=62.50 tx=0xec297408826d518d06aa8683d29a7426a2c552d3b5c7ddd19c68ae4a8f25bf4f claimNumberOnChain=1785055688365846
2026-07-31T07:58:57.145Z OK claim_number=360849 claim_id=6b8889ed-34a4-4c40-88a4-16825379b879 use=claim fid=FID-29-117658-4 cr=CR8727405005556-7 scheme=SHIF amount=37.50 tx=0x55e00dce9eb4939bc8f376b3b0a31c397bafedcc4c138809821f2138dd613d2c claimNumberOnChain=1785055688365847
2026-07-31T07:59:02.729Z OK claim_number=360850 claim_id=ddbd2405-7b04-45cf-8389-3c86d4bfa39c use=claim fid=FID-29-117658-4 cr=CR8727405005556-7 scheme=SHIF amount=62.50 tx=0xc8111c786970480f22c9d0cb30f57089dc46a388d04d285132124b4284732176 claimNumberOnChain=1785055688365848
2026-07-31T07:59:08.343Z OK claim_number=360851 claim_id=21452b49-2150-4b98-97c4-b0d8bef664ec use=claim fid=FID-20-114807-9 cr=CR5179880716735-0 scheme=SHIF amount=500.00 tx=0xa7dadb0cc1152117cf95ad9eb8e319c928389bd9ee4a46b2598dc02bed1a6588 claimNumberOnChain=1785055688365849
2026-07-31T07:59:21.039Z OK claim_number=360852 claim_id=e3cd5e67-98b4-42c1-80f7-7dbccb79b5df use=claim fid=FID-29-117658-4 cr=CR8727405005556-7 scheme=SHIF amount=37.50 tx=0x89d21d5426c38e84045ebb309b6ad7ddf59cb8b2e7d15fd422cd5831ef90139f claimNumberOnChain=1785055688365850
2026-07-31T07:59:26.662Z OK claim_number=360853 claim_id=aeb06d55-c385-4440-a6f4-199bc12eb6e5 use=claim fid=FID-20-114807-9 cr=CR7132951264609-4 scheme=SHIF amount=375.00 tx=0x53604448ec41292b8079c403ceaf2992646baaf21ce327024c3b90bc1ce862ca claimNumberOnChain=1785055688365851
2026-07-31T07:59:49.617Z OK claim_number=360854 claim_id=92ca1296-0709-455f-9753-7a50e91d03eb use=claim fid=FID-29-117658-4 cr=CR8727405005556-7 scheme=SHIF amount=100.00 tx=0x528a357165b30357b0d051c52f98e8564b4b1a8e0afab07bcad9df698b1e2542 claimNumberOnChain=1785055688365852
2026-07-31T07:59:55.200Z OK claim_number=360855 claim_id=73bcab66-55c9-4461-bc12-f4535533358a use=claim fid=FID-29-117658-4 cr=CR7400004069070-9 scheme=SHIF amount=100.00 tx=0xb3a88e0298cd93c9749d82e05d98735090fa68accf43b01152aaa1a5a71de2db claimNumberOnChain=1785055688365853
2026-07-31T08:00:00.910Z OK claim_number=360856 claim_id=d3e50eea-f925-4474-ad56-b4dc54962b6d use=claim fid=FID-20-114807-9 cr=CR4126164529383-2 scheme=SHIF amount=250.00 tx=0xd74cc517c66823e202aac2bccf8bfb45dd283757567753b2880f96fb134268dd claimNumberOnChain=1785055688365855
2026-07-31T08:00:16.181Z OK claim_number=360857 claim_id=0713e75f-34b7-4b1a-ad0e-8e396a8629b5 use=claim fid=FID-20-114807-9 cr=CR8673426747740-0 scheme=SHIF amount=250.00 tx=0x9642ca12faf0c4470e70a1632d4291e7869032ef83b6ca9274c3566a6a7cd79b claimNumberOnChain=1785055688365856
2026-07-31T08:00:29.064Z OK claim_number=360858 claim_id=73360754-5e0e-4fd1-9e4d-86d907cfcd39 use=claim fid=FID-29-117658-4 cr=CR3256370334707-4 scheme=SHIF amount=625.00 tx=0xd6c1d7db93c01d8cfa9196f6c9fc103ec7cf318d86067955ec9b4762e010c87c claimNumberOnChain=1785055688365857
2026-07-31T08:00:34.656Z OK claim_number=360859 claim_id=f4cb721a-bc41-46ca-b509-de43ea195b2f use=claim fid=FID-29-117658-4 cr=CR3928672760384-2 scheme=SHIF amount=6.25 tx=0xe7726258ef8aca19ade84fc70d966243e0d43044249d98b66c83514b6fc356db claimNumberOnChain=1785055688365859
2026-07-31T08:00:54.281Z OK claim_number=360860 claim_id=9ac5c9f3-d3b2-4706-b0d4-faf6caba18d2 use=claim fid=FID-29-117658-4 cr=CR5433218660557-9 scheme=SHIF amount=125.00 tx=0xe90b259eb0f99928ac85c2021a2b450001dd7051413de0b03e06c3dbe0e79f62 claimNumberOnChain=1785055688365861
2026-07-31T08:01:10.971Z OK claim_number=360861 claim_id=5eeb1d12-a8f9-4a2a-b01a-ab999dc888d4 use=claim fid=FID-29-117658-4 cr=CR3928672760384-2 scheme=SHIF amount=6.25 tx=0x95320d3abcb8378f545c513bd0d9ddde86a7bf21fa42b09144b1336a3db9fe54 claimNumberOnChain=1785055688365862
2026-07-31T08:01:17.096Z OK claim_number=360862 claim_id=9c4d4fcc-5d2b-4c0c-b9a3-c205a3d6f637 use=claim fid=FID-29-117658-4 cr=CR4925764247277-7 scheme=SHIF amount=100.00 tx=0x562b513809e263af721b43e5381bff117c45118563417daed57b05c1bed39f87 claimNumberOnChain=1785055688365863
2026-07-31T08:01:23.580Z OK claim_number=360863 claim_id=cf3580af-917c-4401-a6ef-b232907feef7 use=claim fid=FID-20-114807-9 cr=CR5228937443561-9 scheme=SHIF amount=362.50 tx=0x853816b3b1c1442afa3d93684ea553b094b205a1c4d60e27cb84d7bd3ca8b2a5 claimNumberOnChain=1785055688365864
2026-07-31T08:01:36.682Z OK claim_number=360864 claim_id=f9ddd0f2-9cbe-41da-8a72-076244da9038 use=claim fid=FID-29-117658-4 cr=CR0737411545749-8 scheme=SHIF amount=125.00 tx=0xcf79e374c0311469388080c774868592eb25e00d3fb1ff744391ec2ba8006d1a claimNumberOnChain=1785055688365865
2026-07-31T08:01:49.248Z OK claim_number=360865 claim_id=6ad0a197-aee2-46b3-9f66-a01f9d2178c4 use=claim fid=FID-29-117658-4 cr=CR4037947014271-7 scheme=SHIF amount=46.95 tx=0x928011e8c7adc8cdae78378f0f30b03f8990a924af13b41ba6f06ef62e816e06 claimNumberOnChain=1785055688365866
2026-07-31T08:01:55.057Z OK claim_number=360866 claim_id=6e1f0da3-ab21-46f6-b332-b0697948adbc use=claim fid=FID-29-117658-4 cr=CR4037947014271-7 scheme=SHIF amount=250.00 tx=0xcc9e23dfb4046e4057253bd82a870dab3991b0dab09868edec615e82f58ce6cc claimNumberOnChain=1785055688365867
2026-07-31T08:02:00.617Z OK claim_number=360867 claim_id=3ba745da-c575-4fa2-bb5a-19b20382a0e1 use=claim fid=FID-29-117658-4 cr=CR2309290794033-7 scheme=SHIF amount=125.00 tx=0xaa40e36c9fc9f92cdf6ad73f987d77e838da13ce842cfd083d97b033c49e08f0 claimNumberOnChain=1785055688365868
2026-07-31T08:02:12.867Z OK claim_number=360868 claim_id=ca4d728e-b837-408d-b448-ddc60b0b83e5 use=claim fid=FID-29-117658-4 cr=CR4037947014271-7 scheme=SHIF amount=46.95 tx=0xc24a5761f8a558239a84de15e64901060e35ddec8ba85d4cd98ba896b0c49ce6 claimNumberOnChain=1785055688365869
2026-07-31T08:02:18.445Z OK claim_number=360869 claim_id=edba4bca-ac6d-4b13-9cae-129ab00ab86a use=claim fid=FID-29-117658-4 cr=CR4037947014271-7 scheme=SHIF amount=250.00 tx=0xbfb9f8a05a5f398bc04907a9ac0b0c1518554c87d28c2129e9c42ac321309c9f claimNumberOnChain=1785055688365870
2026-07-31T08:02:24.013Z OK claim_number=360870 claim_id=0b38946e-3351-49ba-b8cd-4cbf287c3e1a use=claim fid=FID-29-117658-4 cr=CR7400584309629-3 scheme=SHIF amount=100.00 tx=0x639fba14963c3cff1d30da6fd0d94a40f94d3fa1d728f52ee25172689db35e80 claimNumberOnChain=1785055688365871
2026-07-31T08:02:29.594Z OK claim_number=360871 claim_id=e8b67a67-2e6b-42f7-b8fb-c7c56407701b use=claim fid=FID-29-117658-4 cr=CR6351555633194-6 scheme=SHIF amount=125.00 tx=0x722aca443103a4b19b81e2c6439ada6795bc620bdeca808a6ffee1fcac484f29 claimNumberOnChain=1785055688365872
2026-07-31T08:02:42.048Z OK claim_number=360872 claim_id=8acf651c-1029-415f-838d-0369433f68c7 use=claim fid=FID-29-117658-4 cr=CR5417984575982-0 scheme=SHIF amount=125.00 tx=0x90c39e1928d61f5f93ddbc380aa066c76ceb1c20806874a0d0a79fcc4e6a4d70 claimNumberOnChain=1785055688365873
2026-07-31T08:02:54.385Z OK claim_number=360873 claim_id=3759a971-f142-42f9-8794-4c9d387a3f95 use=claim fid=FID-29-117658-4 cr=CR4243298968790-0 scheme=SHIF amount=125.00 tx=0x7507cec30613195805ffc0b6bce71cd6c140e39289e311625b2c9014efb6b5e3 claimNumberOnChain=1785055688365874
2026-07-31T08:03:06.738Z OK claim_number=360874 claim_id=038270b6-124f-4bb1-9eea-a293d81cfc67 use=claim fid=FID-29-117658-4 cr=CR2536292822207-4 scheme=SHIF amount=125.00 tx=0x6721d11b4194011e5646d4483bacba3dce66e2d52937e2b7d63833c544dbc73e claimNumberOnChain=1785055688365875
2026-07-31T08:03:20.141Z OK claim_number=360875 claim_id=1fda4f47-05ec-4474-91d2-6c85c6ef0686 use=claim fid=FID-29-117658-4 cr=CR8571966166504-0 scheme=SHIF amount=125.00 tx=0x3633c46fce86d3362cab38315416d71f5f9a031dec1e6289d243140fddf41361 claimNumberOnChain=1785055688365876
2026-07-31T08:03:32.751Z OK claim_number=360876 claim_id=95a7f2b2-1c7f-437d-ad25-09f3670363ba use=claim fid=FID-29-117658-4 cr=CR9983588097923-8 scheme=SHIF amount=125.00 tx=0x96c250b6051df44ca415460e6928f69acac527187e7d3634052d2d8b59bfd849 claimNumberOnChain=1785055688365877
2026-07-31T08:03:38.327Z OK claim_number=360877 claim_id=f05e51d0-9ee8-4e1e-86ab-be87167bb973 use=claim fid=FID-29-117658-4 cr=CR9983588097923-8 scheme=SHIF amount=125.00 tx=0xa7e31c554f8bf4fc6ac875d2d7d3da33877cce3b3f1e1cdb49c95b27155e8368 claimNumberOnChain=1785055688365878
2026-07-31T08:03:43.938Z OK claim_number=360878 claim_id=f14a7199-cc31-433e-8ec6-267d0799c8d8 use=claim fid=FID-20-114807-9 cr=CR3862267659542-6 scheme=SHIF amount=250.00 tx=0x6acdf67586df074c15ffbf22c5790d9dc8266ef815524db4ba34fba80ef66398 claimNumberOnChain=1785055688365879
2026-07-31T08:03:56.348Z OK claim_number=360879 claim_id=23bd4adc-5ff2-490b-bc4f-8d8714ac50cc use=claim fid=FID-29-117658-4 cr=CR9983588097923-8 scheme=SHIF amount=100.00 tx=0x49f99408905a57b38f463768f56064cbfa5a7ad5d27b2c6759fd9ef1592cb8dd claimNumberOnChain=1785055688365880
2026-07-31T08:04:02.212Z OK claim_number=360880 claim_id=654a8c29-c11b-4310-9dcb-8f229fb33e78 use=claim fid=FID-20-114807-9 cr=CR5195306879641-9 scheme=SHIF amount=500.00 tx=0x3615aa22588bff1a55f5271890e9f95dde878e0a94f2a63cd86f356440a857eb claimNumberOnChain=1785055688365881
2026-07-31T08:04:24.945Z OK claim_number=360881 claim_id=b2831ae0-7b4e-4b98-a555-c6940f72758d use=claim fid=FID-29-117658-4 cr=CR9983588097923-8 scheme=SHIF amount=100.00 tx=0x5b1d1394e658530e5fd15a115f999800bbe837b41fa86b18bf32370bc01ba4f7 claimNumberOnChain=1785055688365882
2026-07-31T08:04:30.353Z OK claim_number=360882 claim_id=92ff8529-6c8e-44e2-80b2-0215c010cd99 use=claim fid=FID-29-117658-4 cr=CR4252754334614-9 scheme=SHIF amount=125.00 tx=0x940931fde52be43ece8d861c130c7ecf38f1628e29bf442d3e755a4a0f3657e9 claimNumberOnChain=1785055688365883
2026-07-31T08:04:42.773Z OK claim_number=360883 claim_id=b66bf182-264c-4a66-aa03-646a49945e86 use=claim fid=FID-29-117658-4 cr=CR0523186012526-0 scheme=SHIF amount=125.00 tx=0x36a46351fe566ee6e5eb872a54f5815c71872c3f292cad9c95d6e51652d45805 claimNumberOnChain=1785055688365884
2026-07-31T08:04:55.118Z OK claim_number=360884 claim_id=ff71ad05-986e-4a6b-af9f-5897f59f50b7 use=claim fid=FID-29-117658-4 cr=CR9983588097923-8 scheme=SHIF amount=625.00 tx=0xf61025abcf08dc20cd0973c97e13504427ac7776ff38bec8fdf199d6408e5a8a claimNumberOnChain=1785055688365885
2026-07-31T08:05:00.722Z OK claim_number=360885 claim_id=cea68c9b-89b1-4a2b-b013-a81f5e7d2842 use=claim fid=FID-29-117658-4 cr=CR9983588097923-8 scheme=SHIF amount=100.00 tx=0x27364344b7e0c42aa76d2b8a1d834d6793666f218d0e22c0ecddc2ee15295d48 claimNumberOnChain=1785055688365886
2026-07-31T08:05:06.393Z OK claim_number=360886 claim_id=51058a9a-c33f-4931-9ce9-d905b7378dab use=claim fid=FID-29-117658-4 cr=CR4637243143342-8 scheme=SHIF amount=125.00 tx=0xbc9847593feb48289f973e66a3b3692c21508f97ac6f5b6fa23f98c9339bf88b claimNumberOnChain=1785055688365887
2026-07-31T08:05:11.992Z OK claim_number=360887 claim_id=f3a5e2af-e5cd-47e3-8390-14a261864560 use=claim fid=FID-29-117658-4 cr=CR4637243143342-8 scheme=SHIF amount=125.00 tx=0x6d67239ca256d69a19a814f350e04a1e9f79124f5fa11ddbe9490b7cbdfd4d20 claimNumberOnChain=1785055688365888
2026-07-31T08:05:17.602Z OK claim_number=360888 claim_id=d2bfc9b2-7055-41de-8945-54be088504f8 use=claim fid=FID-20-114807-9 cr=CR2894432673339-3 scheme=SHIF amount=250.00 tx=0xcac561b9ab5ce92531c905715130ecdbce128590cee6998912c8b375daffc1ed claimNumberOnChain=1785055688365889
2026-07-31T08:05:29.972Z OK claim_number=360889 claim_id=24ea776c-f714-46c2-9147-4846d4e24607 use=claim fid=FID-29-117658-4 cr=BZ21663880-9 scheme=SHIF amount=262.50 tx=0x8f6c8d74db8423f152f4949fbdf8347fa6eeaf5c6913cb2286d8eae4caa5d3c5 claimNumberOnChain=1785055688365890
2026-07-31T08:05:35.528Z OK claim_number=360890 claim_id=a0ce36a8-0c01-43ba-a64c-213e26c9eaeb use=claim fid=FID-29-117658-4 cr=CR7230647777182-7 scheme=SHIF amount=125.00 tx=0x7ad4deb996f9ba7afd1f2193051f9d9bf0b8b3aecc696ee2ff24dc8283d02d3f claimNumberOnChain=1785055688365891
2026-07-31T08:05:47.895Z OK claim_number=360891 claim_id=7941eb7d-5ae4-4285-a524-c9adb317a473 use=claim fid=FID-29-117658-4 cr=CR2015958643511-2 scheme=SHIF amount=100.00 tx=0xfc321bed8f6acc896d21e01efafd75a81268f512e67df5a31cf9b7cfaccfc714 claimNumberOnChain=1785055688365892
2026-07-31T08:05:53.714Z OK claim_number=360892 claim_id=7bcf5ca1-6815-4b8b-9671-97963f7011d5 use=claim fid=FID-20-114807-9 cr=CR8686405512036-5 scheme=SHIF amount=687.50 tx=0x86ec2a3116b360221276c30bdb3c09b4dbab0d4903372b4fada0ed1e96affbb6 claimNumberOnChain=1785055688365893
2026-07-31T08:06:06.777Z OK claim_number=360893 claim_id=3aaf782f-529c-4434-a2a6-a3a7db523ea7 use=claim fid=FID-29-117658-4 cr=CR0236773778534-1 scheme=SHIF amount=100.00 tx=0x91862308c72b43db4dde345e13b6aa926633b8ec5dc89337e0a688128a392968 claimNumberOnChain=1785055688365894
2026-07-31T08:06:12.430Z OK claim_number=360894 claim_id=de14b61f-185a-4b8d-98a6-6d767cda8860 use=claim fid=FID-20-114807-9 cr=CR9519106595165-7 scheme=SHIF amount=375.00 tx=0xa8f4d1f592b0834f302e0c441a51cdbc32504d49a0f222a6301a27f364821700 claimNumberOnChain=1785055688365895
2026-07-31T08:06:36.177Z OK claim_number=360895 claim_id=603c3202-4871-423a-952e-1fc6bfd0075c use=claim fid=FID-29-117658-4 cr=CR1092666904959-4 scheme=SHIF amount=262.50 tx=0x87a18623f071b4c61973acb978d5f7f73e94ad2047ef15485b069ca4273deb06 claimNumberOnChain=1785055688365896
2026-07-31T08:06:41.833Z OK claim_number=360896 claim_id=6212c072-94a4-41c7-a8c7-6b3cc8fce4da use=claim fid=FID-29-117658-4 cr=CR7468813525597-2 scheme=SHIF amount=125.00 tx=0x1d82c8c651730ae4003192b07a13f0e734a91f1f29bde28a27a6bc9f744789f9 claimNumberOnChain=1785055688365897
2026-07-31T08:06:54.426Z OK claim_number=360897 claim_id=5fe4da11-7080-49e2-acae-1ca66862e13f use=claim fid=FID-29-117658-4 cr=CR1092666904959-4 scheme=SHIF amount=2500.00 tx=0x8b2674cff3c0cb296ca93061df3fd2bd5aaebc0691058553aa27af3e5c9243bc claimNumberOnChain=1785055688365898
2026-07-31T08:07:00.537Z OK claim_number=360898 claim_id=dd762a14-c01c-42c6-9572-e70cf6edb4b8 use=claim fid=FID-29-117658-4 cr=CR1092666904959-4 scheme=SHIF amount=375.00 tx=0x64031cfd537baa621efdf5e45c6b0f66d8bcc4de60f08257e47cd70c9a47ced7 claimNumberOnChain=1785055688365899
2026-07-31T08:07:06.232Z OK claim_number=360899 claim_id=f53a6022-b6cf-4975-8749-f828d609cf51 use=claim fid=FID-29-117658-4 cr=CR5890297484690-2 scheme=SHIF amount=125.00 tx=0xacd80c10baf07c225961262d2a093caabdc7c73e8944219fc8896490d715c931 claimNumberOnChain=1785055688365900
2026-07-31T08:07:18.554Z OK claim_number=360900 claim_id=c1f3e563-a2a7-4c65-8e35-9028ee0da88a use=claim fid=FID-29-117658-4 cr=CR5571956680586-1 scheme=SHIF amount=100.00 tx=0xbb76bc9548ed007fc7cac484cc42f720afb6efe680b01bd96ad5fe988671a5d3 claimNumberOnChain=1785055688365901
2026-07-31T08:07:24.143Z OK claim_number=360901 claim_id=ef02d8f2-9b7d-49cb-8a5e-3587da3fbb49 use=claim fid=FID-20-114807-9 cr=CR3629469031258-4 scheme=SHIF amount=250.00 tx=0xa8b02af7b572edb11e7586fd983c3adf6eab29797a967983f37a74cb6cef3839 claimNumberOnChain=1785055688365902
2026-07-31T08:07:36.615Z OK claim_number=360902 claim_id=b62bd5d2-2b91-43aa-8433-45b9eaf37d9a use=claim fid=FID-29-117658-4 cr=CR5571956680586-1 scheme=SHIF amount=12.50 tx=0xbcd9125f8391d7e0d2077a2589c14a119349ff87dabb909fd1d71e22e95824d7 claimNumberOnChain=1785055688365903
2026-07-31T08:07:42.239Z OK claim_number=360903 claim_id=2d6fbdf0-7c63-4c5c-8282-e6427cbbca50 use=claim fid=FID-29-117658-4 cr=CR5571956680586-1 scheme=SHIF amount=112.50 tx=0x96f4dddb12bd910282f1cbd22702c5625043f7727d561604fb12d4d32c381cb2 claimNumberOnChain=1785055688365904
2026-07-31T08:07:47.843Z OK claim_number=360904 claim_id=9b83e0ec-1c58-46f9-941d-1b3740ad7ffe use=claim fid=FID-20-114807-9 cr=CR6656788907815-4 scheme=SHIF amount=250.00 tx=0x9bd19ee57ac9b9fb2e690da19f9eae3ab2a11931a593be1fed43ea886c1c2399 claimNumberOnChain=1785055688365905
2026-07-31T08:08:10.444Z OK claim_number=360905 claim_id=5da06e54-e3f0-418b-8c2c-7f17b34b5ad4 use=claim fid=FID-29-117658-4 cr=CR5571956680586-1 scheme=SHIF amount=144.48 tx=0x6bea9ef51e957f93e882e68acb48749005b7a12bd3cdaf8beddfdd405935aae1 claimNumberOnChain=1785055688365906
2026-07-31T08:08:16.111Z OK claim_number=360906 claim_id=3a56e66b-5a14-4b7a-b3b2-816a2d871dd6 use=claim fid=FID-29-117658-4 cr=CR5571956680586-1 scheme=SHIF amount=12.50 tx=0x945be6b27dda94e26eaaf2b6cb3e43b926241a3d0a76c90d0cc8aba265a72505 claimNumberOnChain=1785055688365907
2026-07-31T08:08:21.861Z OK claim_number=360907 claim_id=3635d7bf-0b64-43a8-9af2-fc17a3c0e737 use=claim fid=FID-20-114807-9 cr=CR8650522477186-5 scheme=SHIF amount=250.00 tx=0xe3d06b0fb285c58ff89db720db78d9e893d6d786a47fdfc6ca6d29f8dfe4416a claimNumberOnChain=1785055688365908
2026-07-31T08:08:34.480Z OK claim_number=360908 claim_id=e3c5d30e-25d4-4a69-8ac8-07dcacbcefb8 use=claim fid=FID-29-117658-4 cr=CR5571956680586-1 scheme=SHIF amount=144.48 tx=0x14250dfe043fb4757de11d5472614b975afafec6e6fa5fb13a8639fc4dce6b20 claimNumberOnChain=1785055688365909
2026-07-31T08:08:40.183Z OK claim_number=360909 claim_id=a6ee0da4-d51b-48ea-a8d4-949364fccff4 use=claim fid=FID-29-117658-4 cr=CR5571956680586-1 scheme=SHIF amount=112.50 tx=0x3ff30e2a2524b34946406723005e15a9dedf70292ddae72c10eb29f9d660a898 claimNumberOnChain=1785055688365910
2026-07-31T08:08:46.023Z OK claim_number=360910 claim_id=9b0e74f0-0617-4052-a03d-c37542f4850f use=claim fid=FID-29-117658-4 cr=CR4450628204507-8 scheme=SHIF amount=125.00 tx=0x623c06cda13d01bc02f75c745790deaf54bc0f2c8f0f615e04373e6871821caa claimNumberOnChain=1785055688365911
2026-07-31T08:08:58.887Z OK claim_number=360911 claim_id=8495a520-a9e8-4d03-abb5-8500553491ce use=claim fid=FID-29-117658-4 cr=CR4798182882885-6 scheme=SHIF amount=10.00 tx=0x6e557e92d174eedf883bc5ea9035aeb759a82525ea441014aec60ce157886556 claimNumberOnChain=1785055688365912
2026-07-31T08:09:04.589Z OK claim_number=360912 claim_id=6328ec02-c43e-4c02-ad31-2f93fb95e7a2 use=claim fid=FID-20-114807-9 cr=CR4333602569972-1 scheme=SHIF amount=512.65 tx=0x234fa75f6f601fb82ce9fe52d60691b9a8ef2e2f9bdfad9bde71347d054c8f02 claimNumberOnChain=1785055688365913
2026-07-31T08:09:22.592Z SKIP claim_number=360913 claim_id=da4d1b74-0cde-4627-bec7-4b8e1bc6ebed reason=zero_amount claimed_total_raw=0.00
2026-07-31T08:09:22.619Z OK claim_number=360914 claim_id=3c61ba6e-6447-4199-9f43-881ed9a14323 use=claim fid=FID-20-114807-9 cr=CR5881339656737-4 scheme=SHIF amount=250.00 tx=0x4e8955fc19fe7a60d54a41c9749e63d79069f34277ee75900b56a0dec837dab7 claimNumberOnChain=1785055688365915
2026-07-31T08:09:37.616Z OK claim_number=360915 claim_id=000a7722-b883-4f5d-a192-a39385b9d06f use=claim fid=FID-29-117658-4 cr=CR8886594578046-4 scheme=SHIF amount=100.00 tx=0x0a123a46873132ea973fd84cb4903f444540b9b2f4438a304c2c52cfeb268e0a claimNumberOnChain=1785055688365916
2026-07-31T08:09:43.226Z OK claim_number=360916 claim_id=bbae12a3-0b3d-4783-aecd-cf937c903bc4 use=claim fid=FID-20-114807-9 cr=CR6837996582588-0 scheme=SHIF amount=250.00 tx=0x078daccf6c5e28f4aac49ac8fda6e5c2d39b9ff66ad294e622cdd9ace5292a9f claimNumberOnChain=1785055688365917
2026-07-31T08:09:51.635Z OK claim_number=360917 claim_id=59188443-73c7-48e7-a305-bad0e3f2083e use=claim fid=FID-29-117658-4 cr=CR4199394261218-7 scheme=SHIF amount=100.00 tx=0xef32a269e7be8bad2e3882e02d7a67c2fb8fdd1c63f0fc7e1b0574318568f6c0 claimNumberOnChain=1785055688365918
2026-07-31T08:09:57.267Z OK claim_number=360918 claim_id=1df220e3-4849-403b-b206-b29fe39aff20 use=claim fid=FID-29-117658-4 cr=CR4199394261218-7 scheme=SHIF amount=100.00 tx=0xeb684c718f48851d3b7688b07396108756e4bf45c5cfabd190f4d7305ef85520 claimNumberOnChain=1785055688365919
2026-07-31T08:10:02.805Z OK claim_number=360919 claim_id=1784fa80-f920-47bb-8064-fbc374c00a6d use=claim fid=FID-20-114807-9 cr=CR4312548285266-1 scheme=SHIF amount=150.00 tx=0x1d100f8367e3d95f5055ce4dc3e30a50ba2280baafd25f2bfe66bacee9f40424 claimNumberOnChain=1785055688365920
2026-07-31T08:10:15.080Z OK claim_number=360920 claim_id=f87cf537-cc2d-4320-9512-f358461b3c35 use=claim fid=FID-29-117658-4 cr=CR9639951692725-4 scheme=SHIF amount=10000.00 tx=0xb2a84bc1a07090e3c8b707e913bc90bb0f4030de1f0d6f0e8692bd3a1b0dac8a claimNumberOnChain=1785055688365921
2026-07-31T08:10:20.835Z OK claim_number=360921 claim_id=a1c518fe-ca89-43cc-9463-ac83c0d43f1c use=claim fid=FID-20-114807-9 cr=CR2399045232177-1 scheme=SHIF amount=250.00 tx=0xfb62e0d88c9cd444a40fcd5a86e1930a0d060165f406268b2b05a5848508fb8b claimNumberOnChain=1785055688365922
2026-07-31T08:10:33.733Z OK claim_number=360922 claim_id=7e9371a6-be4b-4c22-b5c1-deeb61c5e4f5 use=claim fid=FID-29-117658-4 cr=CR4457080300364-4 scheme=SHIF amount=100.00 tx=0xd7970637e9bf214208b8428f8c10abc7cb1e85333fe7e915ced379f3e80f78b0 claimNumberOnChain=1785055688365923
2026-07-31T08:10:39.543Z OK claim_number=360923 claim_id=6d87dc75-1fc8-425e-aab2-fb79581366ee use=claim fid=FID-29-117658-4 cr=CR4507126756435-2 scheme=SHIF amount=125.00 tx=0xf6239875ec02e354346af3d75cbfdb6ea25d195dc13f3b9a773135daec220601 claimNumberOnChain=1785055688365924
2026-07-31T08:10:52.521Z OK claim_number=360924 claim_id=58de1c7a-f13e-4433-8420-06ad4876c387 use=claim fid=FID-29-117658-4 cr=CR0587521523759-0 scheme=SHIF amount=300.00 tx=0x37fca20bb3a89c713e421c88057e2bc10ee1d417c501e73a07b83ead90803b4c claimNumberOnChain=1785055688365925
2026-07-31T08:10:58.247Z OK claim_number=360925 claim_id=1a7c35cf-0d9d-40c3-a787-63a28ec1c7ab use=claim fid=FID-29-117658-4 cr=CR1777035111963-5 scheme=SHIF amount=125.00 tx=0x37c57fafedb760be251df44aafd3b6f46b609988a0f16093cf451b98c7df28c5 claimNumberOnChain=1785055688365926
2026-07-31T08:11:10.556Z OK claim_number=360926 claim_id=2c638085-3fdf-478c-a4d4-084a22c720d1 use=claim fid=FID-29-117658-4 cr=CR4199394261218-7 scheme=SHIF amount=625.00 tx=0x68ea7417f6c10076fd62669c205f3edddc24b40f5724a890ff3e636fe6dca8be claimNumberOnChain=1785055688365927
2026-07-31T08:11:16.198Z OK claim_number=360927 claim_id=af60257a-2269-4aa2-9fe8-35a8134dfb48 use=claim fid=FID-29-117658-4 cr=CR7538271594275-8 scheme=SHIF amount=125.00 tx=0x105d4158f83394d56f95bb3d1118557339b6439e79868b257c19b427d0a9ed39 claimNumberOnChain=1785055688365928
2026-07-31T08:11:28.668Z OK claim_number=360928 claim_id=a24fc1b3-fc0a-41d1-b9a5-c0de6e1a4e58 use=claim fid=FID-29-117658-4 cr=CR7400004069070-9 scheme=SHIF amount=100.00 tx=0xb71196140179c9dbf666d0d3c7ea313b34dce3dd080df2b5e2a566a055d9dbdd claimNumberOnChain=1785055688365929
2026-07-31T08:11:34.472Z OK claim_number=360929 claim_id=2073cfb0-fae0-4f92-b371-0975d4325940 use=claim fid=FID-20-114807-9 cr=CR3431455806926-6 scheme=SHIF amount=250.00 tx=0x861d36266c88744b433065b208f94b1a2e1a52047e57bc728573f475157431e9 claimNumberOnChain=1785055688365931
2026-07-31T08:11:49.900Z OK claim_number=360930 claim_id=06e788e9-46f4-4ea9-8fee-646096488afa use=claim fid=FID-29-117658-4 cr=CR4457080300364-4 scheme=SHIF amount=500.00 tx=0xfe41ad0d999d661422d57f4490d0c825e0d6a264e476dc6176eae27011687174 claimNumberOnChain=1785055688365932
2026-07-31T08:11:55.532Z OK claim_number=360931 claim_id=427de864-6162-46ac-b461-c2944d423f4f use=claim fid=FID-29-117658-4 cr=CR9645760706984-8 scheme=SHIF amount=100.00 tx=0x05e97a162cb602aeac36bdf9e00136025ed7be76669ca56d06047c8b0a656533 claimNumberOnChain=1785055688365933
2026-07-31T08:12:01.667Z OK claim_number=360932 claim_id=b7d3f517-22b9-482c-8920-71dae3c8b151 use=claim fid=FID-20-114807-9 cr=CR9650202651479-9 scheme=SHIF amount=875.00 tx=0xaf8e445a86bd3eb91fcd81264f46409448bb7c0549cd4bf0524943ac7dd2dd90 claimNumberOnChain=1785055688365934
2026-07-31T08:12:14.051Z OK claim_number=360933 claim_id=2d014407-28a8-4daf-9e8c-21c66346c703 use=claim fid=FID-29-117658-4 cr=CR9645760706984-8 scheme=SHIF amount=125.00 tx=0x93bb76496ccb9fb3c141c3b616946fcc7416d80f0cbfd7673d5a5f7b42ea708f claimNumberOnChain=1785055688365935
2026-07-31T08:12:19.691Z OK claim_number=360934 claim_id=f2492d63-1199-4da1-9fe9-a45e7db94020 use=claim fid=FID-29-117658-4 cr=CR1961345844094-2 scheme=SHIF amount=125.00 tx=0xb05413ca47d98e1297335c46e93d567dbd33d7f81a16a86dd952c81e643b7614 claimNumberOnChain=1785055688365936
2026-07-31T08:12:32.263Z OK claim_number=360935 claim_id=8a9cf0b8-9993-487e-9c6e-bc3449adc39f use=claim fid=FID-29-117658-4 cr=CR7860562929831-4 scheme=SHIF amount=1312.50 tx=0x46319f7a680bf273dc2bf138504bce817df9bfb6543f7aa3d8656e8b5cc38705 claimNumberOnChain=1785055688365937
2026-07-31T08:12:37.877Z OK claim_number=360936 claim_id=db452e42-67c8-4400-87ff-28061c223000 use=claim fid=FID-29-117658-4 cr=CR7860562929831-4 scheme=SHIF amount=218.75 tx=0xc6fe6aa564a6901a528bc561d38f7d7ba1323fb1f287a6dd45b4893e75b39a16 claimNumberOnChain=1785055688365938
2026-07-31T08:12:43.482Z OK claim_number=360937 claim_id=7eeb8530-9795-4308-ad0c-b2e45c17efc3 use=claim fid=FID-20-114807-9 cr=CR6659978065112-8 scheme=SHIF amount=1640.63 tx=0xf61b3eb3feab8bb0c142e521b02024ef6efd7d4e42a8d67aa21d3f0b02a42c28 claimNumberOnChain=1785055688365939
2026-07-31T08:12:55.934Z OK claim_number=360938 claim_id=b9229143-e3ee-48ed-9bc2-a5b996398cdd use=claim fid=FID-29-117658-4 cr=CR7860562929831-4 scheme=SHIF amount=34.40 tx=0x84448858995e42318b39fc4695761d45eac07ed6972124f53583e1680fa79d12 claimNumberOnChain=1785055688365941
2026-07-31T08:13:04.376Z OK claim_number=360939 claim_id=12d0667c-fd5d-49fa-ab26-10428a771f62 use=claim fid=FID-20-114807-9 cr=CR6946742423233-2 scheme=SHIF amount=250.00 tx=0x2eb70c77060334b8b453b34db5aa42923df705c1f7ab1d00564ec3edcd5613a7 claimNumberOnChain=1785055688365942
2026-07-31T08:13:16.855Z OK claim_number=360940 claim_id=6b9cc02a-d7fa-4b94-9ea7-a5adc89b166a use=claim fid=FID-29-117658-4 cr=CR7860562929831-4 scheme=SHIF amount=1312.50 tx=0xb3636be98ce02b3edb5c8dc12496a942c58e15ecea2aade1763a8bd01383b7a3 claimNumberOnChain=1785055688365943
2026-07-31T08:13:22.527Z OK claim_number=360941 claim_id=f64c0395-d3de-40cb-9629-e88476579f00 use=claim fid=FID-29-117658-4 cr=CR7860562929831-4 scheme=SHIF amount=218.75 tx=0x530551b309c7603f2a18cd3e962aba9a86e2b75c02132f057c3ffb54d058df00 claimNumberOnChain=1785055688365944
2026-07-31T08:13:28.164Z OK claim_number=360942 claim_id=776b4a5a-93b6-401c-82f6-126cd1fc519f use=claim fid=FID-29-117658-4 cr=CR7860562929831-4 scheme=SHIF amount=34.40 tx=0x70608913eb7a4d5f4dece34034a2e965569f457ba57bbc628199fcab8bd62ac1 claimNumberOnChain=1785055688365945
2026-07-31T08:13:33.784Z OK claim_number=360943 claim_id=5d40bd19-a770-45c0-a861-dd867f2085d9 use=claim fid=FID-20-114807-9 cr=CR9455376380459-8 scheme=SHIF amount=375.00 tx=0xbcd505f61dcfee98f1eac3acdffdfbe7c70ab04a711b4c62a6213347f1951719 claimNumberOnChain=1785055688365946
2026-07-31T08:13:47.142Z OK claim_number=360944 claim_id=a53f9808-5c77-4378-bbcd-d99812bc5034 use=claim fid=FID-29-117658-4 cr=BZ22334289-0 scheme=SHIF amount=192.64 tx=0xbffbb22ef11361ddf119f2bd2c18852f3ce09dab6088f23ebc5c7f1c2d4d2fd7 claimNumberOnChain=1785055688365948
2026-07-31T08:13:58.884Z OK claim_number=360945 claim_id=1af3dce4-db24-464d-abb9-72314ca25c8d use=claim fid=FID-20-114807-9 cr=CR8007539473936-1 scheme=SHIF amount=175.00 tx=0xd4f1303105ff97a86773204cd97a7ab8a3827b85ae72cbdd63724327361d0113 claimNumberOnChain=1785055688365950
2026-07-31T08:14:13.909Z OK claim_number=360946 claim_id=91a5d84e-fbbf-4310-9208-6871b201c35c use=claim fid=FID-29-117658-4 cr=BZ22334289-0 scheme=SHIF amount=192.64 tx=0x404bc9495681fdc598ecb4321d8c815ba208106ee6fbdda787ac03745ca7e310 claimNumberOnChain=1785055688365952
2026-07-31T08:14:24.234Z OK claim_number=360947 claim_id=a4e5a9f7-705b-4918-b081-2dd813bd0a2a use=claim fid=FID-29-117658-4 cr=BZ22334289-0 scheme=SHIF amount=250.00 tx=0x5dc2fbda942bbcc6149b2cc3bc9782c81e33c1c444e709129fb3f05e5bd8bc2b claimNumberOnChain=1785055688365953
2026-07-31T08:14:29.835Z OK claim_number=360948 claim_id=3663a3ec-7e9b-4db4-8c88-393a70075062 use=claim fid=FID-29-117658-4 cr=BZ22334289-0 scheme=SHIF amount=250.00 tx=0xeea4930b091c4f16c23c58f486417ded88358f2ba77025177946eb0c1f3b490b claimNumberOnChain=1785055688365955
2026-07-31T08:14:38.283Z OK claim_number=360949 claim_id=169351ff-e30c-4365-a0cf-726d42506ddb use=claim fid=FID-20-114807-9 cr=CR3377894134028-0 scheme=SHIF amount=750.00 tx=0x0e50e533b8e24dc55a858ab95890b0763dd3d12b4dd249b1bed94d7a04c6ee01 claimNumberOnChain=1785055688365956
2026-07-31T08:14:51.265Z OK claim_number=360950 claim_id=d54a5447-9012-440f-a161-085bc541c9bc use=claim fid=FID-29-117658-4 cr=BZ22334289-0 scheme=SHIF amount=192.64 tx=0xe77528407083372d45a328b98c71cde77a65a757192a0615f1d6a09e170addca claimNumberOnChain=1785055688365957
2026-07-31T08:14:56.869Z OK claim_number=360951 claim_id=124f103a-e51b-4b92-854a-af0bcd2966c4 use=claim fid=FID-20-114807-9 cr=CR6974682071555-6 scheme=SHIF amount=375.00 tx=0xef5ab7752f292a4f71385f1827cd85f842b2ff3449ceb50f6223ab5d024a2819 claimNumberOnChain=1785055688365958
2026-07-31T08:15:09.388Z OK claim_number=360952 claim_id=0531df43-1b84-4fc0-b579-e8dfab8b1046 use=claim fid=FID-29-117658-4 cr=BZ22334289-0 scheme=SHIF amount=250.00 tx=0x2ad3b43e3bd13838c8bad24e285d88d86e2db20f4aa1b52cf6c5cd5e956e238d claimNumberOnChain=1785055688365959
2026-07-31T08:15:14.994Z OK claim_number=360953 claim_id=a39bf4fa-2b26-4f4e-bf36-b39df87b9b79 use=claim fid=FID-20-114807-9 cr=CR6620872791503-0 scheme=SHIF amount=375.00 tx=0xfa8713453f27475c7b9d5d2303a1a1e2923ec30964c0e23b5d4a8753d0d0a795 claimNumberOnChain=1785055688365960
2026-07-31T08:15:27.559Z OK claim_number=360954 claim_id=7357a75f-077f-4a24-9c7c-cfa9483af555 use=claim fid=FID-29-117658-4 cr=BZ22334289-0 scheme=SHIF amount=192.64 tx=0xe9a80a96c3f11debedfc86133a4db8f6ec1954fa366ad73e049e2856b9516e72 claimNumberOnChain=1785055688365961
2026-07-31T08:15:33.245Z OK claim_number=360955 claim_id=c0a77d33-b737-43aa-aef0-063f4147fbea use=claim fid=FID-29-117658-4 cr=BZ22334289-0 scheme=SHIF amount=250.00 tx=0x6240f0f28ce59219ff9453e60cd72353e0ff9f5d63a8046dc1341a3b70bea111 claimNumberOnChain=1785055688365962
2026-07-31T08:15:38.236Z OK claim_number=360956 claim_id=dfce5c09-5f6a-4820-a3b4-a9d5b0301adc use=claim fid=FID-29-117658-4 cr=CR3245807275469-7 scheme=SHIF amount=125.00 tx=0x4ea9b1ec57ce4a33da94849bf3e2be6409d69e3ad34d5b4aa68e3747094405e3 claimNumberOnChain=1785055688365963
2026-07-31T08:15:59.382Z OK claim_number=360957 claim_id=485ef32e-e67f-4114-9dc2-50d65a3d93c3 use=claim fid=FID-29-117658-4 cr=BZ22334289-0 scheme=SHIF amount=192.64 tx=0xafaf8bec7ab68acc8c942e6e4284a8a3e60448c70d5e9e1894eaddc8fb74b4f0 claimNumberOnChain=1785055688365964
2026-07-31T08:16:05.043Z OK claim_number=360958 claim_id=44b2a7fa-79f3-46b0-a4da-dfd6a4f8cc1e use=claim fid=FID-29-117658-4 cr=BZ22334289-0 scheme=SHIF amount=250.00 tx=0x5cf44e0eea86ade65d2bedf36c413554b5c1be8cdfac07db54ae58f34cc52879 claimNumberOnChain=1785055688365965
2026-07-31T08:16:10.655Z OK claim_number=360959 claim_id=e701db84-baa6-4204-9d70-c090a12902d1 use=claim fid=FID-20-114807-9 cr=CR7682533914177-6 scheme=SHIF amount=625.00 tx=0xd996b287348bf1e83c883d705ff04a2d27063c8abb7d175562e1aff6cfc9e5b5 claimNumberOnChain=1785055688365966
2026-07-31T08:16:23.695Z OK claim_number=360960 claim_id=650cb30e-2101-4693-832e-c27f5ba90caf use=claim fid=FID-29-117658-4 cr=BZ22334289-0 scheme=SHIF amount=192.64 tx=0x451712a45d63eaac709734766b148b176aa80ecd5c05400b3d53ca95b4f185cc claimNumberOnChain=1785055688365967
2026-07-31T08:16:29.539Z OK claim_number=360961 claim_id=7f3f8d3c-8634-4a77-9cdd-1f6bb7476d74 use=claim fid=FID-29-117658-4 cr=BZ22334289-0 scheme=SHIF amount=250.00 tx=0x9fbbab04c56294a89b0392cb7970bd868d4ac314f0aa061cef5164765797ea00 claimNumberOnChain=1785055688365969
2026-07-31T08:16:37.670Z OK claim_number=360962 claim_id=8994e058-fae0-4929-8ed9-48e9db8765ba use=claim fid=FID-29-117658-4 cr=CR4570296642097-1 scheme=SHIF amount=125.00 tx=0xa5c9077945720f857595b61d0cb6ff0098aabf0f169e3fb5a6687b1029c56145 claimNumberOnChain=1785055688365970
2026-07-31T08:16:50.222Z OK claim_number=360963 claim_id=3e001a30-3ff9-41a7-8510-a206e39e3421 use=claim fid=FID-29-117658-4 cr=BZ22334289-0 scheme=SHIF amount=192.64 tx=0xfe84f26633a6c7495597cb625ec26e206629bd7c97df343b40ab56cb9730b49e claimNumberOnChain=1785055688365971
2026-07-31T08:16:55.859Z OK claim_number=360964 claim_id=5c3b278b-ec23-427d-85dd-ab0548251f66 use=claim fid=FID-29-117658-4 cr=BZ22334289-0 scheme=SHIF amount=250.00 tx=0x77fef2f6c847e323ae092ae2fec29b0927e583dcde299137bc3306aa8d83f5fa claimNumberOnChain=1785055688365972
2026-07-31T08:17:01.811Z OK claim_number=360965 claim_id=1ffb882a-a2bd-42ca-8b09-bf4f7099ad04 use=claim fid=FID-29-117658-4 cr=CR5589379120666-4 scheme=SHIF amount=125.00 tx=0x4f14724f4ad964d3ae7f6049c5cedd9a60f48bb34a7344988d2e9bca76033d42 claimNumberOnChain=1785055688365973
2026-07-31T08:17:14.128Z OK claim_number=360966 claim_id=60371dc1-7d5a-4f75-98ea-2d382132aa6b use=claim fid=FID-29-117658-4 cr=BZ30970942-6 scheme=SHIF amount=625.00 tx=0xdccbf3a37b9e240a6378c5bf1ed67a800fc689d20a0c8b08cf376abb04409d53 claimNumberOnChain=1785055688365974
2026-07-31T08:17:19.830Z OK claim_number=360967 claim_id=8fc9b80d-2112-4c76-ba3e-d1929d470863 use=claim fid=FID-29-117658-4 cr=CR3006131366402-2 scheme=SHIF amount=125.00 tx=0x6549d823d5aabd5fe79dd44c71ce2c63f294e6b28a3c37c76a28605bfc40d63b claimNumberOnChain=1785055688365976
2026-07-31T08:17:34.717Z OK claim_number=360968 claim_id=8eddf733-b495-46c7-8d43-016244cf04c6 use=claim fid=FID-29-117658-4 cr=CR7860562929831-4 scheme=SHIF amount=1500.00 tx=0x8de102a9c2e9597cfa59dc792b5b0d3f33cb6ae3d05441605e3c3b4473bfd979 claimNumberOnChain=1785055688365977
2026-07-31T08:17:40.348Z SKIP claim_number=360969 claim_id=d723d0d1-e397-41f3-b2e0-62d37fbe72c8 reason=zero_amount claimed_total_raw=0.00
2026-07-31T08:17:40.354Z OK claim_number=360970 claim_id=e06aa459-d61f-41c0-a97c-920dcb7e3dd7 use=claim fid=FID-29-117658-4 cr=CR2975133040472-4 scheme=SHIF amount=125.00 tx=0xc125271c3b7991092f7bed56d41f0f7bf09362ee79d3f5cb4bd68771bf390f8a claimNumberOnChain=1785055688365978
2026-07-31T08:18:01.328Z OK claim_number=360971 claim_id=389f642f-f3de-482e-b8b3-48251be22d18 use=claim fid=FID-20-114807-9 cr=CR0056417061913-4 scheme=SHIF amount=2450.00 tx=0x014139f8daee7e006dc6cbb7a8fe0a71043cd5bc28f71478f26a765918d2bd11 claimNumberOnChain=1785055688365979
2026-07-31T08:18:19.014Z OK claim_number=360972 claim_id=d590a7e3-73da-4445-9d0e-b8b2997529dd use=claim fid=FID-29-117658-4 cr=CR9645760706984-8 scheme=SHIF amount=250.00 tx=0x488b264ebf1691a4ec6c82b193d6461fb70160bb6373b460d5c3988eeacb473d claimNumberOnChain=1785055688365980
2026-07-31T08:18:24.638Z OK claim_number=360973 claim_id=619f5935-f00d-4fdd-bd8c-548417ca297b use=claim fid=FID-20-114807-9 cr=CR2112338747278-0 scheme=SHIF amount=250.00 tx=0xbe9acc241c3288faca15b5283855096f20cb2aaad6e3370dea8a70dab99452f4 claimNumberOnChain=1785055688365981
2026-07-31T08:18:43.618Z OK claim_number=360974 claim_id=49ea536f-77d4-4ef3-88e2-98207f0c74f4 use=claim fid=FID-29-117658-4 cr=CR9645760706984-8 scheme=SHIF amount=250.00 tx=0x1067c4f823da520ffdf3dc236484965d49e16ebe200e6f8c459ecac713fea1cb claimNumberOnChain=1785055688365982
2026-07-31T08:18:49.529Z OK claim_number=360975 claim_id=222a0b52-7bb6-460d-8f09-d59610ac9a7e use=claim fid=FID-29-117658-4 cr=BZ29728796-3 scheme=SHIF amount=100.00 tx=0x8c4f39d4209e1cbca23dbbccb87a3b54f8e8527c9fa9fbe552e6fd3d2c6f46d5 claimNumberOnChain=1785055688365983
2026-07-31T08:18:55.144Z OK claim_number=360976 claim_id=6693a90b-0ccd-4a88-a096-db104b8e15fb use=claim fid=FID-29-117658-4 cr=CR7400004069070-9 scheme=SHIF amount=250.00 tx=0x2cf89acd6aac124316a2592327af820bbfb269f72fb9d6f3783f07803ce8e57e claimNumberOnChain=1785055688365984
2026-07-31T08:19:00.771Z OK claim_number=360977 claim_id=2807a47d-ad39-444c-82d5-6a2fb5163a9a use=claim fid=FID-29-117658-4 cr=CR2119489170824-1 scheme=SHIF amount=125.00 tx=0x6cbf04234ad8047941412441d408a4c1e62bfb0ad2162b0d8151cee07defcefc claimNumberOnChain=1785055688365985
2026-07-31T08:19:13.089Z OK claim_number=360978 claim_id=9089a49f-9212-4bc1-bfc8-59e4bb26cc94 use=claim fid=FID-29-117658-4 cr=CR7400004069070-9 scheme=SHIF amount=250.00 tx=0x09b920398db4c631ae6804b14d3c6f8ad59fe461b77248c6f69a663161f30301 claimNumberOnChain=1785055688365986
2026-07-31T08:19:18.639Z OK claim_number=360979 claim_id=ccc43755-f603-4d62-b617-1825e517e113 use=claim fid=FID-29-117658-4 cr=CR2419461312099-5 scheme=SHIF amount=125.00 tx=0x325a17cb09c3ca830274b43a6e59a4c596d806f24ee59433c5640ab31837f722 claimNumberOnChain=1785055688365987
2026-07-31T08:19:30.972Z OK claim_number=360980 claim_id=be8b1a89-8116-433c-875f-396a2fbf4b98 use=claim fid=FID-29-117658-4 cr=CR7400004069070-9 scheme=SHIF amount=375.00 tx=0xf843d0506158062f7588f02146dd03bb7832cf8ed1de778fbea28d53e680ff44 claimNumberOnChain=1785055688365988
2026-07-31T08:19:36.653Z OK claim_number=360981 claim_id=ecfe9afa-8d0c-4c5a-8e5c-05cd429bf6a8 use=claim fid=FID-29-117658-4 cr=CR7400004069070-9 scheme=SHIF amount=250.00 tx=0x3bc7211a58205ba4303bac5da68f1e5531e417a66c5d6958629add6fb4c95519 claimNumberOnChain=1785055688365989
2026-07-31T08:19:42.294Z OK claim_number=360982 claim_id=8e9f07b5-0f8d-4c8b-ab33-11873f478650 use=claim fid=FID-29-117658-4 cr=CR7400004069070-9 scheme=SHIF amount=250.00 tx=0x825d0b1c2729a3d3254a7e3c9444de0a34885da5510548bfd1bdc58d62f9be58 claimNumberOnChain=1785055688365990
2026-07-31T08:19:47.903Z OK claim_number=360983 claim_id=6aa30c50-4b77-475b-9855-4a272ac33c08 use=claim fid=FID-29-117658-4 cr=CR7400004069070-9 scheme=SHIF amount=375.00 tx=0x0894283297632927fc9bff4a1a85e523cd0603f21d69a2f5594225376f86ea4c claimNumberOnChain=1785055688365991
2026-07-31T08:19:53.605Z OK claim_number=360984 claim_id=796cf58e-dbeb-48d9-84cf-1da392322ad9 use=claim fid=FID-29-117658-4 cr=CR6289426541479-3 scheme=SHIF amount=625.00 tx=0xd8ee09b7c8835df45b4df7b9134c684588d79c6ae325f53718b363d7c7a8fdc1 claimNumberOnChain=1785055688365992
2026-07-31T08:20:16.341Z OK claim_number=360985 claim_id=851d9592-5dbe-4ecd-860d-b43242c1e63f use=claim fid=FID-29-117658-4 cr=CR9251544494396-4 scheme=SHIF amount=125.00 tx=0x8536af50afd72b4c0c3db2ce6fcea5a9872f620ead3cf8b9d1529f8f917dffd3 claimNumberOnChain=1785055688365993
2026-07-31T08:20:28.741Z OK claim_number=360986 claim_id=a9f01d7e-1d2d-4606-8dab-8e3ce53eb563 use=claim fid=FID-20-114807-9 cr=CR5973340150819-8 scheme=SHIF amount=250.00 tx=0xf529c5a27d3530009a9bc1fd3972a5de2f765bc437b41e502b77f771e49ee69a claimNumberOnChain=1785055688365994
2026-07-31T08:20:41.467Z OK claim_number=360987 claim_id=aed183e6-6cb3-4cda-a308-70b821464ed2 use=claim fid=FID-29-117658-4 cr=CR2160817833121-1 scheme=SHIF amount=100.00 tx=0x0fb351238890ca743a56712576a31ab426dd8a23244b3c68a0bb4f7904b494ac claimNumberOnChain=1785055688365995
2026-07-31T08:20:47.163Z OK claim_number=360988 claim_id=a7315493-a7e3-459b-9fd9-ecbe9a8962c3 use=claim fid=FID-29-117658-4 cr=CR7400004069070-9 scheme=SHIF amount=100.00 tx=0xc81d5317c25fa9f1582a358efb1ed392f5be3e317e8875425f97d86e09a48df1 claimNumberOnChain=1785055688365996
2026-07-31T08:20:53.159Z OK claim_number=360989 claim_id=30f38590-f943-417c-a02a-46f85e2b43e8 use=claim fid=FID-29-117658-4 cr=CR7400004069070-9 scheme=SHIF amount=100.00 tx=0x447090c059b645aad4786dd27be0e85806d68cd68ee9f2e05c5db236a622491d claimNumberOnChain=1785055688365997
2026-07-31T08:20:58.861Z OK claim_number=360990 claim_id=cf5fb3db-7867-4b8e-8985-fedd53f09ed9 use=claim fid=FID-29-117658-4 cr=CR7889171660004-8 scheme=SHIF amount=125.00 tx=0xd0a2aa6342eabbca89dd589b51c807ddf52866d83f9163741171de2bdb06c60f claimNumberOnChain=1785055688365998
2026-07-31T08:21:11.274Z OK claim_number=360991 claim_id=1866c03a-47e6-42bf-8c80-490c1e835d69 use=claim fid=FID-29-117658-4 cr=CR2160817833121-1 scheme=SHIF amount=100.00 tx=0x83df2be7262720d805ff6cd155fc9c628c121a55ac88155c330bf8b941ffe17c claimNumberOnChain=1785055688366000
2026-07-31T08:21:19.612Z OK claim_number=360992 claim_id=eb9a92ae-fd82-46c9-bebb-87fa7f2680d2 use=claim fid=FID-20-114807-9 cr=BZ24390079-2 scheme=SHIF amount=500.00 tx=0xaef6060339154d3bd4b33c9d4b58cd10b14283168c1b5388e0cf65206dd830d3 claimNumberOnChain=1785055688366001
2026-07-31T08:21:42.394Z SKIP claim_number=360993 claim_id=90c2457f-e26e-40d3-9dba-2ced847442f5 reason=zero_amount claimed_total_raw=0.00
2026-07-31T08:21:42.399Z OK claim_number=360994 claim_id=df5410c0-5f42-40b8-952f-2693d7218d3c use=claim fid=FID-29-117658-4 cr=CR7635833934807-6 scheme=SHIF amount=125.00 tx=0x300ce14592676d9ee724a890457657be590c4850cc8df924b7e894561871137c claimNumberOnChain=1785055688366002
2026-07-31T08:22:01.445Z OK claim_number=360995 claim_id=939b8357-4b19-4105-8e55-0bc868e7125c use=claim fid=FID-29-117658-4 cr=CR5749088994631-5 scheme=SHIF amount=100.00 tx=0x642b4967611ab4800b8fac44261c4636d3159db0d5f582329b0b17fd7cbc46df claimNumberOnChain=1785055688366004
2026-07-31T08:22:09.676Z SKIP claim_number=360996 claim_id=524a1af8-4918-4789-bd2b-ace37492018a reason=zero_amount claimed_total_raw=0.00
2026-07-31T08:22:09.696Z OK claim_number=360997 claim_id=fba3a014-3699-4cab-b39c-fd95c52edc5b use=claim fid=FID-29-117658-4 cr=CR4904944877318-9 scheme=SHIF amount=100.00 tx=0x2c7d8af002d0a436bb0fb5ff8c641c7925fbc54d3fc3d537715ab94659af44ae claimNumberOnChain=1785055688366006
2026-07-31T08:22:17.782Z OK claim_number=360998 claim_id=5b86fe48-91f4-4875-9e2e-376d33c3e6b2 use=claim fid=FID-29-117658-4 cr=CR0370016230136-7 scheme=SHIF amount=125.00 tx=0xd0d95c6b5870091007e812a6d41ffc3582d513eabcd55bf80a058b22eca36033 claimNumberOnChain=1785055688366007
2026-07-31T08:22:30.357Z OK claim_number=360999 claim_id=e2a39cb9-76d4-4535-8694-5138d8bd975e use=claim fid=FID-29-117658-4 cr=CR7400004069070-9 scheme=SHIF amount=100.00 tx=0xc11b7386d1b2d6474bab7732158e67ce0cbd5327fc6550cce14844e1a5b35f87 claimNumberOnChain=1785055688366008
2026-07-31T08:22:36.191Z OK claim_number=361000 claim_id=342a4bad-e3ca-4bf4-be36-7cf74a6d55ad use=claim fid=FID-29-117658-4 cr=CR9659180773282-9 scheme=SHIF amount=125.00 tx=0x834e773691efd35370454382d9452ddacc8f68921b67a7a86b7e48fe38ae0bf1 claimNumberOnChain=1785055688366009
2026-07-31T08:22:48.713Z OK claim_number=361001 claim_id=71e4df6d-a8b4-4d24-9415-a16ab4370e1e use=claim fid=FID-29-117658-4 cr=CR0256790119794-8 scheme=SHIF amount=125.00 tx=0x9e76967dddfee0a3f1d952e6af4041d3f9b176d3d48fe6fd3d3a724374a7535e claimNumberOnChain=1785055688366010
2026-07-31T08:23:01.444Z OK claim_number=361002 claim_id=a86d4896-176d-42c2-8d89-9b8340de9b4b use=claim fid=FID-29-117658-4 cr=CR8727405005556-7 scheme=SHIF amount=625.00 tx=0xfc2ded388fa32337b3234ff1bdecb2ab4fa3e8ab1186bc4d104d2d787fa68172 claimNumberOnChain=1785055688366011
2026-07-31T08:23:07.134Z OK claim_number=361003 claim_id=24dfcda4-f48f-4647-ba39-a40f0aeb830c use=claim fid=FID-29-117658-4 cr=CR4686598781823-1 scheme=SHIF amount=46.95 tx=0x290a2d18a36923e460176299fab3c2dd25f84cf81950b582134de26202a608c8 claimNumberOnChain=1785055688366012
2026-07-31T08:23:12.703Z OK claim_number=361004 claim_id=a4742c4c-41d4-48c7-9ff4-645dbc749bb8 use=claim fid=FID-20-114807-9 cr=CR0779831222440-2 scheme=SHIF amount=250.00 tx=0x3bc803ffb5641a6d34577b43ac94d5a4442e5c0c8f74cc1e82496816cd19efdd claimNumberOnChain=1785055688366013
2026-07-31T08:23:25.334Z OK claim_number=361005 claim_id=b25d0ead-05a3-41fa-8718-cbefdde6d6fe use=claim fid=FID-20-114807-9 cr=CR2918754685555-9 scheme=SHIF amount=2375.00 tx=0x941eab6b9bbf92aadc0f1fff7a8fca6c6feeca659957cea4800af883fc9c8018 claimNumberOnChain=1785055688366014
2026-07-31T08:23:48.141Z OK claim_number=361006 claim_id=0b75e609-7e53-4821-af1b-fec67f263cee use=claim fid=FID-29-117658-4 cr=CR4686598781823-1 scheme=SHIF amount=87.50 tx=0xae425caa1d26f2b22c5fd55001da79941297da271891034dd11768dd558c194a claimNumberOnChain=1785055688366015
2026-07-31T08:23:53.962Z OK claim_number=361007 claim_id=1f801473-b22b-4cb5-a269-9bf535696593 use=claim fid=FID-29-117658-4 cr=CR4686598781823-1 scheme=SHIF amount=46.95 tx=0x751cf2c90203704779dd30fbd564b99a686d260aef140b15b250a8f308965a22 claimNumberOnChain=1785055688366016
2026-07-31T08:23:59.612Z OK claim_number=361008 claim_id=5091831d-511b-4d9d-9de6-3714b03f5f70 use=claim fid=FID-29-117658-4 cr=CR9334181014604-4 scheme=SHIF amount=125.00 tx=0xdf98daaec6361edc15243fb8a5f39b84e28170c8aa88b3877649debc3c89093c claimNumberOnChain=1785055688366017
2026-07-31T08:24:12.093Z OK claim_number=361009 claim_id=7e5b463a-6be4-4afb-adbc-75ffead86e58 use=claim fid=FID-29-117658-4 cr=CR4686598781823-1 scheme=SHIF amount=87.50 tx=0xfb8b352eb47ce17ed2dccae4b4d6df4dd8a48c12778f4becc581a15a88c78038 claimNumberOnChain=1785055688366018
2026-07-31T08:24:17.661Z OK claim_number=361010 claim_id=1ecaff79-1c44-45d1-8bbe-d720d0e058d4 use=claim fid=FID-29-117658-4 cr=CR9206286925045-0 scheme=SHIF amount=125.00 tx=0x5c4b1d4504109810931748344596c428cfba7599fb9d9c027d1c1828d83fa8ae claimNumberOnChain=1785055688366019
2026-07-31T08:24:30.458Z OK claim_number=361011 claim_id=7081ab7e-677a-4d6f-ad0e-07ce0a23b822 use=claim fid=FID-29-117658-4 cr=CR4686598781823-1 scheme=SHIF amount=46.95 tx=0xf9e6bcd3705abdf3f7af7d0f89df77100abbd9862861e107b3dff9f97819283f claimNumberOnChain=1785055688366020
2026-07-31T08:24:36.317Z OK claim_number=361012 claim_id=0666a382-b1a6-4210-a6d5-ed4fb4e8c4de use=claim fid=FID-29-117658-4 cr=CR4686598781823-1 scheme=SHIF amount=87.50 tx=0xde1a2aab3daa3647e0fd67608520c0f34610748e61d123b1cb49537f058a8063 claimNumberOnChain=1785055688366021
2026-07-31T08:24:41.951Z OK claim_number=361013 claim_id=1e39e9af-1f21-4c37-a3ba-37d139b73ae3 use=claim fid=FID-20-114807-9 cr=CR6878765806475-9 scheme=SHIF amount=875.00 tx=0xd0a0c7f39fb75e4bc02bb8248128c8c2d04612534ff8a02b932f13490da85cc3 claimNumberOnChain=1785055688366022
2026-07-31T08:24:54.341Z OK claim_number=361014 claim_id=3f8f5558-d524-40e3-8c75-17dd4cb1beff use=claim fid=FID-29-117658-4 cr=CR4686598781823-1 scheme=SHIF amount=46.95 tx=0x24235948a1c30879505631860e1dddfbba4ba9c6a140a91c2464e5da143efddc claimNumberOnChain=1785055688366023
2026-07-31T08:24:59.944Z OK claim_number=361015 claim_id=3a89f89f-84a3-47cd-ae41-fdb9a94c4f0c use=claim fid=FID-29-117658-4 cr=CR4686598781823-1 scheme=SHIF amount=87.50 tx=0x5acde02bbc310bc2fe098fb48e585420542a0e70223b59028d6df479b7ba78af claimNumberOnChain=1785055688366024
2026-07-31T08:25:05.536Z OK claim_number=361016 claim_id=289371ca-5cca-459e-9f45-8bacf2116e3c use=claim fid=FID-29-117658-4 cr=CR1171233835263-8 scheme=SHIF amount=125.00 tx=0x8f1c63f53075b83c9ccde543535628fdfb28b937f34657457f65c4db0a616599 claimNumberOnChain=1785055688366025
2026-07-31T08:25:25.939Z OK claim_number=361017 claim_id=6082d302-b06d-475a-b8c9-4d35dc624867 use=claim fid=FID-29-117658-4 cr=CR4686598781823-1 scheme=SHIF amount=46.95 tx=0xc6844ad893b503e697f54460ac265c5a528cd5d8eb835dc7702a8fda6efb72fd claimNumberOnChain=1785055688366026
2026-07-31T08:25:31.661Z OK claim_number=361018 claim_id=69ba9021-6f32-4511-b665-c316dab6ac6b use=claim fid=FID-29-117658-4 cr=CR4686598781823-1 scheme=SHIF amount=87.50 tx=0xec5d0c3d016f651dc8e10d6ee207027824ef637a524eaa63efce7a2c00b7f7b5 claimNumberOnChain=1785055688366027
2026-07-31T08:25:38.136Z OK claim_number=361019 claim_id=39cdb7e2-822d-4173-8f05-4bf86e0924a7 use=claim fid=FID-29-117658-4 cr=CR8341827150875-5 scheme=SHIF amount=125.00 tx=0x8f80682e88928d57f6a6d5d4a3275c7819fe8af87d1f5c68f955007c1e549f41 claimNumberOnChain=1785055688366028
2026-07-31T08:25:51.210Z OK claim_number=361020 claim_id=fa20c5ff-06ab-4699-aa68-39e129282992 use=claim fid=FID-29-117658-4 cr=CR4686598781823-1 scheme=SHIF amount=46.95 tx=0xf67e7826c85f3bb0cd13378c0db801adf0d55bf6fe58756c1937d2ff3423478a claimNumberOnChain=1785055688366029
2026-07-31T08:25:54.033Z OK claim_number=361021 claim_id=abd860f4-09bf-45f5-bb02-21027b2b63eb use=claim fid=FID-29-117658-4 cr=CR4686598781823-1 scheme=SHIF amount=87.50 tx=0x7316733889601929379d97a4655ca6eab4041645359c3abce52e160c29658b89 claimNumberOnChain=1785055688366030
2026-07-31T08:25:59.621Z OK claim_number=361022 claim_id=552e8e91-1654-4de5-bdbb-65efaa047d30 use=claim fid=FID-29-117658-4 cr=CR2035128362718-8 scheme=SHIF amount=125.00 tx=0xdd32d9e073850d15d3d36dce6bb9869a9d1f48ff3e73fc1bcef70a762d6da0e6 claimNumberOnChain=1785055688366031
2026-07-31T08:26:12.012Z OK claim_number=361023 claim_id=b26be6dc-1fd4-4360-9da4-0a0aa9403954 use=claim fid=FID-29-117658-4 cr=CR4686598781823-1 scheme=SHIF amount=46.95 tx=0x866368115648065cb199a8f07c7eb8c1818561070396d8ad62437375c4001778 claimNumberOnChain=1785055688366033
2026-07-31T08:26:20.298Z OK claim_number=361024 claim_id=35aac781-8c3d-42b4-9732-19e242beaabd use=claim fid=FID-20-114807-9 cr=CR4885202933478-9 scheme=SHIF amount=375.00 tx=0xe350ff9601a44a9a8d4eca6cf96f47bdda13fc66280e4c4ab1d78befcc798b25 claimNumberOnChain=1785055688366034
2026-07-31T08:26:32.765Z OK claim_number=361025 claim_id=e6d85e70-52ca-424b-8d36-39d1d91f3b24 use=claim fid=FID-29-117658-4 cr=CR4686598781823-1 scheme=SHIF amount=87.50 tx=0xc9ff6213b5a30ebf05b4b3a2f31481b32850f0423b50021dd21679983ac6b3df claimNumberOnChain=1785055688366035
2026-07-31T08:26:38.538Z OK claim_number=361026 claim_id=91a0ea77-e17f-4389-8e13-b40619ad87f8 use=claim fid=FID-20-114807-9 cr=CR8374122968941-3 scheme=SHIF amount=250.00 tx=0x7086a0621ab51d06e27cb5ebaf29f60215648d78479eb860cd939c12f3f77138 claimNumberOnChain=1785055688366036
2026-07-31T08:26:56.207Z OK claim_number=361027 claim_id=815ba956-4b27-4dc9-ab7c-ee74bff5ed34 use=claim fid=FID-29-117658-4 cr=CR8727405005556-7 scheme=SHIF amount=100.00 tx=0x20bf0f21d99e938bed3bd7d8a00a2ea6cc9e660e9357f1243ba5dbe842d57f8a claimNumberOnChain=1785055688366037
2026-07-31T08:27:02.386Z OK claim_number=361028 claim_id=8aa57318-391f-4ef8-970d-7edd582b71ef use=claim fid=FID-29-117658-4 cr=BZ29728796-3 scheme=SHIF amount=625.00 tx=0xcbe6f8fa1df6edac8950c8d08bb2d0e0c21eb0dda481231a1d240fc56857c7a1 claimNumberOnChain=1785055688366038
2026-07-31T08:27:07.945Z OK claim_number=361029 claim_id=34656d73-546e-4194-abf3-49b135dd84e2 use=claim fid=FID-20-114807-9 cr=CR0019377099701-1 scheme=SHIF amount=500.00 tx=0x5c495b3cb69d5d060ba2f71a5192d670b7d9a00aad8b3255903d6dc8e2cea182 claimNumberOnChain=1785055688366039
2026-07-31T08:27:20.249Z OK claim_number=361030 claim_id=6b4f3f8a-f25d-4413-9f01-50110f5e67f1 use=claim fid=FID-29-117658-4 cr=CR6509895938248-3 scheme=SHIF amount=100.00 tx=0xde7a0f3adafe37854a2c3d23de4fccaaca5c0a518427b4fd9a781776fb4f12d8 claimNumberOnChain=1785055688366040
2026-07-31T08:27:25.836Z OK claim_number=361031 claim_id=c7d811e1-792b-4759-a23a-3c24323d4376 use=claim fid=FID-29-117658-4 cr=CR7415030825731-9 scheme=SHIF amount=125.00 tx=0x8e9036c38f46df8382fbe381b5a2a1eaaef105c53736e207c6fe0a8bec0563c3 claimNumberOnChain=1785055688366041
2026-07-31T08:27:38.347Z OK claim_number=361032 claim_id=589c1475-7aec-41c8-a37d-a37f1d338b13 use=claim fid=FID-29-117658-4 cr=CR8436747088562-2 scheme=SHIF amount=125.00 tx=0xa618561b519dfa763a980f39f64bdc282f24ced202f08eb4081340561c10cd10 claimNumberOnChain=1785055688366042
2026-07-31T08:27:50.773Z OK claim_number=361033 claim_id=50215ebf-50cc-4496-9dca-2b3176328361 use=claim fid=FID-29-117658-4 cr=CR4686598781823-1 scheme=SHIF amount=46.95 tx=0x6907421325ce4539bbf34c3679e9d9c79b0b1ae3a94cbb4216882009724223eb claimNumberOnChain=1785055688366043
2026-07-31T08:28:00.908Z OK claim_number=361034 claim_id=a56888f6-24b3-470f-9d43-51dc4ba6d359 use=claim fid=FID-29-117658-4 cr=CR4404579473940-7 scheme=SHIF amount=125.00 tx=0x72a8efc0228f9b7a0afd19f310fc28c170840258dce1ca51076c5f4ad31bdcf1 claimNumberOnChain=1785055688366044
2026-07-31T08:28:13.694Z OK claim_number=361035 claim_id=02d996f0-6ab1-4c51-af42-06fb454d9009 use=claim fid=FID-29-117658-4 cr=CR4686598781823-1 scheme=SHIF amount=87.50 tx=0x8cd64f488edd82f7fb2741353817bfd390eb0d17fddc7a7b8d06262026255cd1 claimNumberOnChain=1785055688366045
2026-07-31T08:28:19.414Z OK claim_number=361036 claim_id=bd928b21-f626-4f76-be04-9b04d2208e70 use=claim fid=FID-20-114807-9 cr=CR7806406874029-7 scheme=SHIF amount=250.00 tx=0xac603c2cdab6b4214e6520569842e1c608fb643893b54a1c947666ccd2c21d52 claimNumberOnChain=1785055688366046
2026-07-31T08:28:31.718Z OK claim_number=361037 claim_id=13b6310f-eec5-457e-b2fe-d8bc30dc14d8 use=claim fid=FID-29-117658-4 cr=CR4686598781823-1 scheme=SHIF amount=46.95 tx=0x3b203c5c248a434afa7e00f022abcc2c5c1b6b153b7b1465ff6482ec928e876a claimNumberOnChain=1785055688366047
2026-07-31T08:28:37.509Z OK claim_number=361038 claim_id=54408b09-d7c5-4009-929e-0ec297e94730 use=claim fid=FID-29-117658-4 cr=CR4686598781823-1 scheme=SHIF amount=87.50 tx=0x64ac20778b4e89979251e8ba2699c909ac157e3f82b7b619d5d01e2ab004f14b claimNumberOnChain=1785055688366048
2026-07-31T08:28:43.150Z OK claim_number=361039 claim_id=0460a682-0ed6-497d-9ef5-2b43a359036b use=claim fid=FID-29-117658-4 cr=CR5711460886695-6 scheme=SHIF amount=125.00 tx=0x60803d5351df5c5dde98a4fbcbff0c0c84e422b3c94f81290afec1de50d1e59c claimNumberOnChain=1785055688366049
2026-07-31T08:28:55.544Z OK claim_number=361040 claim_id=ab6848b5-7662-40c1-9166-822a0aa46a6f use=claim fid=FID-29-117658-4 cr=CR4686598781823-1 scheme=SHIF amount=46.95 tx=0x6877e5a7d5cad0690ee92648e82b0869dade80a7a40ba49d77fc248397f591d9 claimNumberOnChain=1785055688366050
2026-07-31T08:29:01.149Z OK claim_number=361041 claim_id=85e88527-0abe-4810-82cd-333871460e7f use=claim fid=FID-29-117658-4 cr=CR4777129397301-8 scheme=SHIF amount=125.00 tx=0xad01fea075f324191cfa288cc1c0f7bcd9574358bccaec0632c625eb541b23d0 claimNumberOnChain=1785055688366051
2026-07-31T08:29:13.963Z OK claim_number=361042 claim_id=c602161c-d9ed-423b-9f36-df36932a5e4c use=claim fid=FID-29-117658-4 cr=CR4686598781823-1 scheme=SHIF amount=87.50 tx=0x4f7cc6e93ff17d93c407665a1cf7da387496a3aa35a27c416e8769715ac14f18 claimNumberOnChain=1785055688366052
2026-07-31T08:29:21.056Z OK claim_number=361043 claim_id=84a9db0f-a34a-4be9-87e6-ab7e702fd2b5 use=claim fid=FID-29-117658-4 cr=CR4686598781823-1 scheme=SHIF amount=46.95 tx=0xed33e9b0c661acaa68727a89af58856c157f7ca1f66383a5d555ef07ddd7b721 claimNumberOnChain=1785055688366053
2026-07-31T08:29:23.901Z OK claim_number=361044 claim_id=1c19d726-8d6a-4b70-8d00-8e482e18069f use=claim fid=FID-29-117658-4 cr=CR4686598781823-1 scheme=SHIF amount=87.50 tx=0xe7e4842483e9099a6358b0ddda8b1f78248d0211ec6d40c7118ee7e1d783cbfa claimNumberOnChain=1785055688366054
2026-07-31T08:29:29.506Z OK claim_number=361045 claim_id=c357622c-fc7e-467a-84ac-8747c7b9e83e use=claim fid=FID-20-114807-9 cr=CR0318610611450-6 scheme=SHIF amount=125.00 tx=0x06addb770fde052bbcb35481556c1c3baa1a9cf8b81065b864d22b3ca64c0ecc claimNumberOnChain=1785055688366055
2026-07-31T08:29:47.192Z OK claim_number=361046 claim_id=d36960b2-0157-4545-a01d-6805b02eba00 use=claim fid=FID-29-117658-4 cr=CR8727405005556-7 scheme=SHIF amount=625.00 tx=0x484855758ad169d23705752fae3e198f531b693c2c39c8f5bf787bcd3d9680ce claimNumberOnChain=1785055688366056
2026-07-31T08:29:53.336Z OK claim_number=361047 claim_id=3d5207ef-26ce-4ce2-9050-7670c0401d27 use=claim fid=FID-20-114807-9 cr=CR3625935815662-3 scheme=SHIF amount=781.25 tx=0xd6d50aa6617508bfa9586998630ff854b76694b8222eae6cd5999b4234b179ba claimNumberOnChain=1785055688366057
2026-07-31T08:30:07.878Z OK claim_number=361048 claim_id=f2af55c4-763e-4271-a3e9-0cdefd0281f4 use=claim fid=FID-29-117658-4 cr=CR5351366975362-9 scheme=SHIF amount=125.00 tx=0x19150c9211addeb125844bc506c79222eeeaf5790c9867103a90f97c70f35526 claimNumberOnChain=1785055688366058
2026-07-31T08:30:21.127Z OK claim_number=361049 claim_id=e0004b61-7ad2-498f-8a61-ac3c91c4b14d use=claim fid=FID-29-117658-4 cr=CR8727405005556-7 scheme=SHIF amount=600.00 tx=0xffc0db98130e0f1f4baf3ac2be02f7bdc2548a0bad9b2601a0e774ddef4be0eb claimNumberOnChain=1785055688366059
2026-07-31T08:30:26.825Z OK claim_number=361050 claim_id=93902e44-8b65-400f-8b25-2d692f695bbd use=claim fid=FID-29-117658-4 cr=CR8727405005556-7 scheme=SHIF amount=500.00 tx=0xb3d91ae6b36efe563bd24b06148f0c9371ec51d386374eb30f400cf13e499e8b claimNumberOnChain=1785055688366060
2026-07-31T08:30:32.492Z OK claim_number=361051 claim_id=bcc0e833-939c-4ebf-a8c3-8f6194371697 use=claim fid=FID-20-114807-9 cr=CR8430921419834-2 scheme=SHIF amount=250.00 tx=0xed5140b8ba37646762ff2c192e105a681f1c595a6232bf0315f54de162895ece claimNumberOnChain=1785055688366061
2026-07-31T08:30:52.156Z OK claim_number=361052 claim_id=de0eb8be-b209-487a-b7a5-b8aa30a83bc6 use=claim fid=FID-29-117658-4 cr=CR3928672760384-2 scheme=SHIF amount=100.00 tx=0x5ebc3a3000cffddd9cba07ec0ee8b2643671f79dd86733c38cddbdc33e67d9aa claimNumberOnChain=1785055688366062
2026-07-31T08:30:57.759Z OK claim_number=361053 claim_id=a37771f7-e219-43e4-9783-7bacacadc7a5 use=claim fid=FID-20-114807-9 cr=CR7172591975606-5 scheme=SHIF amount=562.50 tx=0xbec1179acd3da16083452d6c5b988715446b273835d6f194d3274462c0571ad4 claimNumberOnChain=1785055688366063
2026-07-31T08:31:10.408Z OK claim_number=361054 claim_id=182c4d14-9ef5-4648-8139-e56d12b15f6a use=claim fid=FID-29-117658-4 cr=CR7860562929831-4 scheme=SHIF amount=100.00 tx=0x05d1ccfdd885a8187be277455111d90bbc7ff2ee02cad293633bb43ca70063ab claimNumberOnChain=1785055688366064
2026-07-31T08:31:15.993Z OK claim_number=361055 claim_id=7c702edf-72c5-4eb3-8d16-70bd10d3a711 use=claim fid=FID-29-117658-4 cr=CR4612950447686-0 scheme=SHIF amount=125.00 tx=0x11de9da58d865c4703f32e859d767e07299b8d423139a6c2e39624e34516b8b1 claimNumberOnChain=1785055688366065
2026-07-31T08:31:28.379Z OK claim_number=361056 claim_id=943747d3-b50b-4e69-bf0e-14e5f2e47b7b use=claim fid=FID-29-117658-4 cr=CR8727405005556-7 scheme=SHIF amount=266.05 tx=0x1a59467119c072caf4e207c66fc1b0e28f6094d7aef79954cd73a8a4cc636f9f claimNumberOnChain=1785055688366066
2026-07-31T08:31:33.944Z OK claim_number=361057 claim_id=a2cb0424-2d11-4601-bf33-f83fbf0a265d use=claim fid=FID-29-117658-4 cr=CR9261081727686-8 scheme=SHIF amount=125.00 tx=0x29945d0c3da7ba2e3b22bea9d55b523af6b66991ee56e350eefa3d2b99b86c5e claimNumberOnChain=1785055688366067
2026-07-31T08:31:46.281Z OK claim_number=361058 claim_id=a845aade-f749-431b-b5fc-b9c7b4a6e6f0 use=claim fid=FID-29-117658-4 cr=CR8727405005556-7 scheme=SHIF amount=266.05 tx=0xcc440d8854c2bb40db3497d22bf04ed6ade8f00b1347fdb85e93baa89eaa0ab9 claimNumberOnChain=1785055688366068
2026-07-31T08:31:51.871Z OK claim_number=361059 claim_id=a51929ca-8409-4d1a-94b8-71e3a7de17f4 use=claim fid=FID-20-114807-9 cr=CR0363288473217-5 scheme=SHIF amount=750.00 tx=0x25be636866609bc1ce8d6ea52147bec1bd94e34098718c0d2b8b046b27b982b5 claimNumberOnChain=1785055688366069
2026-07-31T08:32:04.249Z OK claim_number=361060 claim_id=7ce2a034-cd7a-42db-8765-0780e359fd3f use=claim fid=FID-29-117658-4 cr=CR8706882107674-0 scheme=SHIF amount=100.00 tx=0xe81772886cf055759589eab515ffadba4ef710cda7e5178a2d0d67d576ffaed8 claimNumberOnChain=1785055688366070
2026-07-31T08:32:09.798Z OK claim_number=361061 claim_id=30d70434-90e7-4aeb-84d3-4d6a200c5e12 use=claim fid=FID-20-114807-9 cr=CR8858213111446-1 scheme=SHIF amount=312.55 tx=0x433fc008f210261fec26d58aad2dae7b26a1a2bd9a9274586988ed4ff4f6fbfa claimNumberOnChain=1785055688366071
2026-07-31T08:32:22.222Z OK claim_number=361062 claim_id=64422d47-853d-4225-99d5-7c9e6e96ba9a use=claim fid=FID-29-117658-4 cr=CR4195890425516-8 scheme=SHIF amount=75.00 tx=0x845d62a16206c850fd8766b8fbcd1562a8f2d5bbe9bcdaf1d9f03d8487bc908a claimNumberOnChain=1785055688366072
2026-07-31T08:32:28.071Z OK claim_number=361063 claim_id=59a66c33-b462-4d1c-80fb-011ca5fde8d9 use=claim fid=FID-29-117658-4 cr=CR4195890425516-8 scheme=SHIF amount=22.50 tx=0xe0f19cf7e84e5a344ad78f9d4b72751fb8671f22d111d7fe24dfeb78585f8d9c claimNumberOnChain=1785055688366073
2026-07-31T08:32:35.170Z OK claim_number=361064 claim_id=c82b3173-dff8-4bde-b3dd-29074130bf31 use=claim fid=FID-29-117658-4 cr=CR6934169744424-9 scheme=SHIF amount=125.00 tx=0xebd67e3ef8443b833d8a2ae8db34c2c855997005aefb257720118c021f74aa88 claimNumberOnChain=1785055688366074
2026-07-31T08:32:47.654Z OK claim_number=361065 claim_id=b4c4afbd-3c2e-4aa9-9c6d-66f8f785cb45 use=claim fid=FID-29-117658-4 cr=CR4195890425516-8 scheme=SHIF amount=75.00 tx=0xf9e9dbe987939604f57e1f124ab6b4c2aa33d1f47cf1c979f956397c2faadf90 claimNumberOnChain=1785055688366076
2026-07-31T08:32:55.957Z OK claim_number=361066 claim_id=1f540322-1ee3-4ab3-aba7-412c319e9867 use=claim fid=FID-29-117658-4 cr=CR4195890425516-8 scheme=SHIF amount=22.50 tx=0xbb61282778876a41a000220c09daf91448bae7cdf5cc86ad9c57165994728f06 claimNumberOnChain=1785055688366077
2026-07-31T08:33:01.674Z OK claim_number=361067 claim_id=4a49f52e-9e6e-485a-aa3f-99b4ecb66e7d use=claim fid=FID-29-117658-4 cr=CR4195890425516-8 scheme=SHIF amount=75.00 tx=0x59fbafadcb2ba8faa9cfd85ae1c58f059edaa02a9b062b0604e76a27764a0037 claimNumberOnChain=1785055688366078
2026-07-31T08:33:07.261Z OK claim_number=361068 claim_id=1efe948e-7f91-4407-b3e3-12dad5a7dc5b use=claim fid=FID-29-117658-4 cr=CR8881053573315-0 scheme=SHIF amount=125.00 tx=0xdbac531c5f6cdb8ae88019951cb979487584408bc8b6bbde2367d2f482b568cf claimNumberOnChain=1785055688366079
2026-07-31T08:33:19.785Z OK claim_number=361069 claim_id=9a4ca484-d789-4403-8310-5e18c8bc0a51 use=claim fid=FID-29-117658-4 cr=CR4195890425516-8 scheme=SHIF amount=22.50 tx=0xdd811da489935a22a25900d5efa2cf4a1ef5e471e1fc7c399c8f53d5793b5c99 claimNumberOnChain=1785055688366080
2026-07-31T08:33:25.364Z OK claim_number=361070 claim_id=b4343bf4-df5d-44b7-96e3-a655d340047f use=claim fid=FID-20-114807-9 cr=CR1528122110174-8 scheme=SHIF amount=250.00 tx=0x9726cb2fcf1ff9fd4e11bda9499de736bcd3c443dd2f94dc72ff746cfd411c86 claimNumberOnChain=1785055688366081
2026-07-31T08:33:37.832Z OK claim_number=361071 claim_id=6ffe2faa-b001-4135-a4ac-6cae8d02c7da use=claim fid=FID-29-117658-4 cr=CR4195890425516-8 scheme=SHIF amount=75.00 tx=0xbd4c4515320c4222f7787c16b2f034edadd9c030942d5db22b6ce3bbf403207d claimNumberOnChain=1785055688366082
2026-07-31T08:33:43.458Z OK claim_number=361072 claim_id=3264f92f-be6d-4480-a450-08f2c675690b use=claim fid=FID-20-114807-9 cr=CR2367745708017-7 scheme=SHIF amount=375.00 tx=0xf384b5174361bb43cffdf7b0a0a43ae832a8b016ca4c87650452db4bdbd83765 claimNumberOnChain=1785055688366083
2026-07-31T08:33:55.907Z OK claim_number=361073 claim_id=3f4b0e75-c1f6-434a-90f7-9baf664bf4fe use=claim fid=FID-29-117658-4 cr=CR4195890425516-8 scheme=SHIF amount=22.50 tx=0xa054a1c293ced5ebc0e2b09cd9576a4492d3765e9746e22f7d810a0bb6c02260 claimNumberOnChain=1785055688366084
2026-07-31T08:34:01.950Z OK claim_number=361074 claim_id=a72c5f63-101c-4866-bc6b-15187eeb92f7 use=claim fid=FID-20-114807-9 cr=CR5021724678805-7 scheme=SHIF amount=250.00 tx=0xb050f7a053eb0b93bfc1422db6a521e45b6bf9a9646d698dc5be100bc281ec96 claimNumberOnChain=1785055688366085
2026-07-31T08:34:19.862Z OK claim_number=361075 claim_id=0a7bbfe5-a867-443c-9dad-350beaae4a0b use=claim fid=FID-29-117658-4 cr=CR4195890425516-8 scheme=SHIF amount=75.00 tx=0x58ce8421c3b25b0292fdb507305cea27281ee06721be586a9079582ea635d788 claimNumberOnChain=1785055688366086
2026-07-31T08:34:25.197Z OK claim_number=361076 claim_id=19688a30-6fba-44b2-98e1-2da682b83a3a use=claim fid=FID-29-117658-4 cr=CR4195890425516-8 scheme=SHIF amount=22.50 tx=0xab5ff21c984fb8f8b73d20e96d4d054935dd13454032ed5b5fe2b86c5afe199f claimNumberOnChain=1785055688366087
2026-07-31T08:34:30.795Z OK claim_number=361077 claim_id=e4eda8b7-dcb4-494d-b500-2e75195a6aa8 use=claim fid=FID-20-114807-9 cr=CR8213772420469-4 scheme=SHIF amount=250.00 tx=0x8540a834a0864610ea9f8c463b2552be5fad6596f70b16cdf46c9ef499161737 claimNumberOnChain=1785055688366088
2026-07-31T08:34:43.445Z OK claim_number=361078 claim_id=82a1d552-6b8a-4b39-9e79-4fba910c9b3c use=claim fid=FID-29-117658-4 cr=CR0597975760735-8 scheme=SHIF amount=100.00 tx=0xe188b2eee0be3654fd76c1d960a15b3f73adef5ad23350ebe4d45feb4791d90f claimNumberOnChain=1785055688366089
2026-07-31T08:34:49.062Z OK claim_number=361079 claim_id=3e346122-0be8-46c5-8b02-4e9df15ee4df use=claim fid=FID-20-114807-9 cr=CR4203110095053-4 scheme=SHIF amount=281.25 tx=0x2e233b0d4406fdba29ef5b98bd5dd4f4f7346881d54a8a28fe0f72d4cdf0c4f0 claimNumberOnChain=1785055688366090
2026-07-31T08:35:06.664Z OK claim_number=361080 claim_id=6650e327-dba9-4b15-8a36-47d884b06713 use=claim fid=FID-29-117658-4 cr=CR9645760706984-8 scheme=SHIF amount=100.00 tx=0x883ae2f81cb59ddb2e4e6f9f82b79493f0d531a6007064fd3ff50d3616d2b320 claimNumberOnChain=1785055688366091
2026-07-31T08:35:12.403Z OK claim_number=361081 claim_id=feb93077-751a-4fd2-8664-dddbb16a7f0e use=claim fid=FID-29-117658-4 cr=CR3845223684370-6 scheme=SHIF amount=125.00 tx=0x2bd2550974803acd78fd6644e3aa1b71bfb4000b2654ea191dfc19f84471b4d4 claimNumberOnChain=1785055688366092
2026-07-31T08:35:24.795Z OK claim_number=361082 claim_id=108fb848-aa0e-47ac-8c4b-92d916b25fe8 use=claim fid=FID-29-117658-4 cr=CR4195890425516-8 scheme=SHIF amount=100.00 tx=0xf1d6ca6880405b4e1b593755ef3af42037b6ae4d9bf99a3876a8d0665456aa07 claimNumberOnChain=1785055688366093
2026-07-31T08:35:30.491Z OK claim_number=361083 claim_id=b94a7d76-3929-4072-9297-24c82a1bf78f use=claim fid=FID-20-114807-9 cr=CR4927377459293-6 scheme=SHIF amount=2468.75 tx=0x6abc7e95d7bb55d92a8149b4b2abbdc0bba20f94d2be04747a0fadb53860fd22 claimNumberOnChain=1785055688366094
2026-07-31T08:35:43.087Z OK claim_number=361084 claim_id=b2f42035-3663-4b90-b7b8-8f2101e152a2 use=claim fid=FID-29-117658-4 cr=CR5741431600340-9 scheme=SHIF amount=100.00 tx=0x3f1f84cb9b0111be41a3fa2610cad0f09ac4847256f5fdc7ec044128da8aba70 claimNumberOnChain=1785055688366095
2026-07-31T08:35:48.711Z OK claim_number=361085 claim_id=e3c387ec-105b-4252-a3a2-8cc5af124961 use=claim fid=FID-29-117658-4 cr=CR9590830435155-9 scheme=SHIF amount=125.00 tx=0x29f5af624a4e69449f4b8434926855dcb2ec20f2b0a437b60d05b931ac524008 claimNumberOnChain=1785055688366096
2026-07-31T08:36:01.131Z OK claim_number=361086 claim_id=bf868235-50c6-48da-95d2-f9dcc829e5ab use=claim fid=FID-29-117658-4 cr=CR8706882107674-0 scheme=SHIF amount=100.00 tx=0x3e3d7a92d3e8c3529eb0c7c5a50298b70bedcc99510f2a79937edc5e29bd9706 claimNumberOnChain=1785055688366097
2026-07-31T08:36:06.943Z OK claim_number=361087 claim_id=24fa9d7c-8b9f-4024-b8b9-973f114d5951 use=claim fid=FID-29-117658-4 cr=CR3161492711169-6 scheme=SHIF amount=125.00 tx=0x8c9a2369fc3738cb675c2dc14fda59b02989c5c974294d18cbd6851f038865e5 claimNumberOnChain=1785055688366098
2026-07-31T08:36:19.376Z OK claim_number=361088 claim_id=9a95588f-8850-4efe-a60f-5a49fc7aeac8 use=claim fid=FID-29-117658-4 cr=CR8706882107674-0 scheme=SHIF amount=100.00 tx=0x809c005d6e4959fe914ca38a447ce3e84fd17a7f0224349977ebcf630e919a35 claimNumberOnChain=1785055688366099
2026-07-31T08:36:25.004Z OK claim_number=361089 claim_id=902e3cb7-4ef1-4b80-b03b-c8000866b0bc use=claim fid=FID-29-117658-4 cr=CR8706882107674-0 scheme=SHIF amount=100.00 tx=0x19dc35593f1742561ccb2a4755369fdabf62842bfa32cccf7b24ddf8ca7904a5 claimNumberOnChain=1785055688366100
2026-07-31T08:36:30.720Z OK claim_number=361090 claim_id=00a18eca-e04d-4aff-bcaa-d0eebe5dffc5 use=claim fid=FID-29-117658-4 cr=CR1023491447910-8 scheme=SHIF amount=125.00 tx=0xbb4f87b5d296f9675f540c241163301b07e44a1e26c633377119ef6069c2ace4 claimNumberOnChain=1785055688366101
2026-07-31T08:36:43.470Z OK claim_number=361091 claim_id=c0ff5192-a43c-449f-bc9e-57aacfc70ac4 use=claim fid=FID-29-117658-4 cr=CR7400004069070-9 scheme=SHIF amount=100.00 tx=0x0362eff636ce41da20062ce9114baa8b9624b84e7ce092230f61236070c7ca8d claimNumberOnChain=1785055688366102
2026-07-31T08:36:49.033Z OK claim_number=361092 claim_id=aefc7664-c5f1-43e3-b897-85f07d3e300e use=claim fid=FID-29-117658-4 cr=CR8727405005556-7 scheme=SHIF amount=625.00 tx=0xa0ac84058e0f2e849392dbf9dbd5adc332c060ee1238f09f9b54d967cf4c5a0c claimNumberOnChain=1785055688366103
2026-07-31T08:36:54.583Z OK claim_number=361093 claim_id=bbd4e7c4-f667-496d-980c-505626be8440 use=claim fid=FID-29-117658-4 cr=CR5051515372261-7 scheme=SHIF amount=125.00 tx=0x36c9c2ee26ea5fecee84e0bdb439b2bdd780f0637246f83eb9b1d207e503c8ec claimNumberOnChain=1785055688366104
2026-07-31T08:37:06.993Z OK claim_number=361094 claim_id=ff0f6815-2fc8-4548-bc86-edbbc7bfd478 use=claim fid=FID-29-117658-4 cr=CR8727405005556-7 scheme=SHIF amount=625.00 tx=0x962e74b1b2b9054decdccfd4a7efd3d75d59fc43468228cec7a0ed563276f8cb claimNumberOnChain=1785055688366105
2026-07-31T08:37:12.650Z OK claim_number=361095 claim_id=22f63bf0-b999-421c-a6fb-430cf7f5121a use=claim fid=FID-20-114807-9 cr=CR3492710949353-5 scheme=SHIF amount=407.50 tx=0xf5fde45cddcf2796643296fb9e591147942899c6c541026a8c0e590a6d2c4087 claimNumberOnChain=1785055688366106
2026-07-31T08:37:25.217Z OK claim_number=361096 claim_id=4b4524d2-2ea5-471d-b6c0-fcad737d0594 use=claim fid=FID-29-117658-4 cr=CR4169841750131-6 scheme=SHIF amount=125.00 tx=0xf1cdfede6508d06956bd618e89aa6402fb7fe08c916da3cafe16d6a89adfe5de claimNumberOnChain=1785055688366107
2026-07-31T08:37:37.556Z OK claim_number=361097 claim_id=752455e8-2004-468e-86ac-d196f37cd6c4 use=claim fid=FID-29-117658-4 cr=CR8727405005556-7 scheme=SHIF amount=62.50 tx=0xedf04e244f748b303734fab83f9427c545899272c8df41ce6149113a1f319d08 claimNumberOnChain=1785055688366108
2026-07-31T08:37:43.214Z OK claim_number=361098 claim_id=5e95248b-bc1d-44d3-9df0-e4fa8078446d use=claim fid=FID-29-117658-4 cr=CR8727405005556-7 scheme=SHIF amount=37.50 tx=0xaa7e394db16c3e42682259e9f66862a493ecfe9611bb8f4bd5d0d6a4b8d1addf claimNumberOnChain=1785055688366109
2026-07-31T08:37:49.142Z OK claim_number=361099 claim_id=256686ce-22de-447c-b5a6-da4d210b679a use=claim fid=FID-29-117658-4 cr=CR8449681951391-6 scheme=SHIF amount=125.00 tx=0x361f732720261ea1189d0b3ce89cafeb5ffa2c6f5308986daedfebec4b084352 claimNumberOnChain=1785055688366110
2026-07-31T08:38:01.313Z OK claim_number=361100 claim_id=cb1c8e98-7350-4e41-9b00-92fc59813ab2 use=claim fid=FID-29-117658-4 cr=CR8727405005556-7 scheme=SHIF amount=62.50 tx=0x132b7f9b106609c7ee2921f5620c9f2f11e7cda6cc4d88a59a1f1445f5be3d00 claimNumberOnChain=1785055688366111
2026-07-31T08:38:06.918Z OK claim_number=361101 claim_id=7c398dbf-92c7-4ac1-861d-9411cdfdf9c8 use=claim fid=FID-29-117658-4 cr=CR8727405005556-7 scheme=SHIF amount=37.50 tx=0x8758f9ed2ccfc0315496df8b760228af0ed4227335b12a3c1c6556985c2ea9f3 claimNumberOnChain=1785055688366112
2026-07-31T08:38:12.528Z OK claim_number=361102 claim_id=c4bace1a-75e1-4343-8da7-86b168ab3017 use=claim fid=FID-29-117658-4 cr=CR8727405005556-7 scheme=SHIF amount=100.00 tx=0x63c48bb3cea2d4f0f0acf4061f350075c8e261007ea9c75a199fa900ce871a62 claimNumberOnChain=1785055688366113
2026-07-31T08:38:18.177Z OK claim_number=361103 claim_id=c5936047-e041-46a7-abdd-dace3ef1e0d5 use=claim fid=FID-29-117658-4 cr=CR8154341538741-0 scheme=SHIF amount=125.00 tx=0x18efd80dcf484046ef7828727886783255135ecccd12a6de6c80eb26fa715003 claimNumberOnChain=1785055688366114
2026-07-31T08:38:30.707Z OK claim_number=361104 claim_id=69a40b37-a57c-4201-87a4-9e36dea93751 use=claim fid=FID-29-117658-4 cr=CR7400004069070-9 scheme=SHIF amount=100.00 tx=0x5439bf3218c08df813bd6a6e86b9f4b131308393d8d29ba3e9aca0538cf0e3e9 claimNumberOnChain=1785055688366115
2026-07-31T08:38:36.539Z OK claim_number=361105 claim_id=59c527dd-c9c5-4370-a464-67689d20bf55 use=claim fid=FID-20-114807-9 cr=CR6713818159178-8 scheme=SHIF amount=656.25 tx=0xdf91c6c79d2992ef69991a25c45290325d6c111f24d1cbcc14651fda5cc3a682 claimNumberOnChain=1785055688366116
2026-07-31T08:38:55.196Z OK claim_number=361106 claim_id=b359b694-a65d-4cf6-91ef-4fed2cc18447 use=claim fid=FID-29-117658-4 cr=CR3256370334707-4 scheme=SHIF amount=625.00 tx=0xb2acb458880b0dcc943e972c9c258c1442b1d80d48c3e75809cce108e8e00fac claimNumberOnChain=1785055688366117
2026-07-31T08:39:00.897Z OK claim_number=361107 claim_id=7b03da4d-ef38-4db7-ab13-c56cd0c5631b use=claim fid=FID-29-117658-4 cr=CR6422379788574-2 scheme=SHIF amount=125.00 tx=0x402586a2dcf8a1b77ab037956893631543864fbc0c826a3fcda69524c5d44a3a claimNumberOnChain=1785055688366118
2026-07-31T08:39:13.345Z OK claim_number=361108 claim_id=ea09b02c-1ffc-4a09-87e1-c2f644f401f7 use=claim fid=FID-29-117658-4 cr=CR7340472886557-8 scheme=SHIF amount=125.00 tx=0x979787bfdf83140cc4c904cc22e5376a6980a68e3a569bad96e44c53906d7563 claimNumberOnChain=1785055688366119
2026-07-31T08:39:25.652Z OK claim_number=361109 claim_id=20328147-13b9-4775-aa15-ad165d648614 use=claim fid=FID-29-117658-4 cr=CR3928672760384-2 scheme=SHIF amount=6.25 tx=0xe2c8f89de1385e33ebd2a98bd765378cae0ba38caef3e6f60d6b13d6fea70ef9 claimNumberOnChain=1785055688366120
2026-07-31T08:39:31.229Z OK claim_number=361110 claim_id=346e1cd2-e87e-4c7c-a178-ca1cd48d6fb6 use=claim fid=FID-20-114807-9 cr=CR6171046082995-0 scheme=SHIF amount=500.00 tx=0x8ddbaf64a932f0589b11a39590238146e49f69c159e60adcb47661b96d3d6d1d claimNumberOnChain=1785055688366121
2026-07-31T08:39:43.640Z OK claim_number=361111 claim_id=c2bbe944-cce3-4c7f-906c-629b37951ecd use=claim fid=FID-29-117658-4 cr=CR3928672760384-2 scheme=SHIF amount=6.25 tx=0xe8b11565471257ec7c1cee3fe83c414b8cb27a604b6441bc33ce01d2bf0a96e6 claimNumberOnChain=1785055688366122
2026-07-31T08:39:49.257Z OK claim_number=361112 claim_id=967e10e2-1bfd-4b49-98dc-4cb1ef27b6f4 use=claim fid=FID-20-114807-9 cr=CR5837933073417-3 scheme=SHIF amount=125.00 tx=0x43dc3b4f6817b090562bfdb545e2b8cee7da395cbe6f6ca516854719a8fd0481 claimNumberOnChain=1785055688366123
2026-07-31T08:40:02.021Z OK claim_number=361113 claim_id=e002bca1-98af-4c91-ac18-4d8975c6f034 use=claim fid=FID-29-117658-4 cr=CR4925764247277-7 scheme=SHIF amount=100.00 tx=0xae0610acb5f929a912cfb62463754489074201c079457e3f68a172eceb588646 claimNumberOnChain=1785055688366124
2026-07-31T08:40:07.578Z OK claim_number=361114 claim_id=037742ef-7254-4a73-845b-36c3369e64f9 use=claim fid=FID-29-117658-4 cr=CR4037947014271-7 scheme=SHIF amount=46.95 tx=0x0b89cce82b07d831706f1cf20833c08adfd27d8fb17391d0f5839647a5cbf7e7 claimNumberOnChain=1785055688366125
2026-07-31T08:40:10.284Z OK claim_number=361115 claim_id=00897037-2028-48d2-aeee-289f018b307e use=claim fid=FID-29-117658-4 cr=CR7912279037992-2 scheme=SHIF amount=125.00 tx=0x4c18aa0f933a5bfa01961b45bc85bb40d46305b7709ec15f70003e45728edb6f claimNumberOnChain=1785055688366126
2026-07-31T08:40:22.689Z OK claim_number=361116 claim_id=d548ee2e-2a46-4857-b22d-da697abd70a3 use=claim fid=FID-29-117658-4 cr=CR4037947014271-7 scheme=SHIF amount=250.00 tx=0xfb6d9c9630bce5b406f04d3cc7f865e2c243a9650cd8e04182a933a122d1a7e7 claimNumberOnChain=1785055688366127
2026-07-31T08:40:28.247Z OK claim_number=361117 claim_id=292ced00-c50a-4929-864c-cd8a3167c88d use=claim fid=FID-29-117658-4 cr=CR4037947014271-7 scheme=SHIF amount=46.95 tx=0xb6cd9e13ef62106ed9798d95984105d67cf9400f0e3a1a23c67cbe3991e8000d claimNumberOnChain=1785055688366128
2026-07-31T08:40:33.859Z OK claim_number=361118 claim_id=7e3f65c3-6910-4234-af5f-3fc94de7dc12 use=claim fid=FID-29-117658-4 cr=CR2634505521057-3 scheme=SHIF amount=125.00 tx=0xd7dd1e284ce9c89a264b5db824fd2dfe6e4219a8d770685c410fea182a68befe claimNumberOnChain=1785055688366129
2026-07-31T08:40:46.363Z OK claim_number=361119 claim_id=ba60973f-d031-4758-b5d1-577afdf68119 use=claim fid=FID-29-117658-4 cr=CR4037947014271-7 scheme=SHIF amount=250.00 tx=0x307bbd72ec84af1f2c18b9409da5813eb7e661147797e5e1bbeb48488152a038 claimNumberOnChain=1785055688366130
2026-07-31T08:40:51.996Z OK claim_number=361120 claim_id=b97b4bab-e823-4a68-88e1-8cef53c690d9 use=claim fid=FID-29-117658-4 cr=CR6326878434883-3 scheme=SHIF amount=125.00 tx=0x2ad4a75ab0b029b31e7ecc59c0f1b3d5547c60243efcfd6a64cba09831b67e55 claimNumberOnChain=1785055688366132
2026-07-31T08:41:07.475Z OK claim_number=361121 claim_id=0c0ea8c5-f05e-461a-a0a1-dc3e61f745e9 use=claim fid=FID-29-117658-4 cr=CR7400584309629-3 scheme=SHIF amount=100.00 tx=0x6c6f13adc01da0e0b6e8feae026e569782cbca4f3570861cc1d08c140f8438aa claimNumberOnChain=1785055688366133
2026-07-31T08:41:13.090Z OK claim_number=361122 claim_id=bd733b4d-3bf7-46c1-91b9-98c9e51ac733 use=claim fid=FID-29-117658-4 cr=CR7860562929831-4 scheme=SHIF amount=100.00 tx=0x496e7e969161f0b24a983ad54bd52be361fed82e2c0b5419736c7bbe2eff35be claimNumberOnChain=1785055688366134
2026-07-31T08:41:18.644Z OK claim_number=361123 claim_id=7726784b-4e84-4bb1-9836-867ef110988a use=claim fid=FID-20-114807-9 cr=CR2296472005304-6 scheme=SHIF amount=250.00 tx=0x4c836a2dc556bff8860cd079cef1ff19abf9afb5612cf5c83a3ac032638739ed claimNumberOnChain=1785055688366135
2026-07-31T08:41:24.240Z OK claim_number=361124 claim_id=7501e77a-8b84-44eb-9e67-201a07f4578c use=claim fid=FID-29-117658-4 cr=BZ21663880-9 scheme=SHIF amount=262.50 tx=0xa4b209b338a218b343cf12812db27ab65d970a6e0df19d9bf38491b6956a84bd claimNumberOnChain=1785055688366136
2026-07-31T08:41:29.811Z OK claim_number=361125 claim_id=7da540c9-1eff-4314-ba54-73264d8f6bd4 use=claim fid=FID-29-117658-4 cr=CR2747059218312-2 scheme=SHIF amount=125.00 tx=0xb899b0282f8adc97e7ce872431e845d647c170dc5c5860480a87d169ff14006e claimNumberOnChain=1785055688366137
2026-07-31T08:41:35.708Z OK claim_number=361127 claim_id=47c7ec8f-adce-4f46-b754-c014bd9d68e8 use=claim fid=FID-29-117658-4 cr=CR2015958643511-2 scheme=SHIF amount=100.00 tx=0xbc9bd17abfebb15e193f1a4b66c45a1e5eaa547eba9c05f898b6e6b74097145b claimNumberOnChain=1785055688366138
2026-07-31T08:41:41.321Z OK claim_number=361128 claim_id=3f8c027b-9074-499b-b291-ace77b4d263a use=claim fid=FID-20-114807-9 cr=CR1011046364112-6 scheme=SHIF amount=375.00 tx=0xe3e2aba4c8c8e2a32b2512a21e56fda60eb3f454235c4ea6d564fde32b029f9b claimNumberOnChain=1785055688366139
2026-07-31T08:41:46.996Z OK claim_number=361129 claim_id=55358da9-d693-4487-ad0f-f561547fa156 use=claim fid=FID-29-117658-4 cr=CR0236773778534-1 scheme=SHIF amount=100.00 tx=0xc7af76399d75588b4236ddc24a3856c82ca96e36102aeccae1678498b2d0b5f0 claimNumberOnChain=1785055688366140
2026-07-31T08:41:52.626Z OK claim_number=361130 claim_id=4ca9fdc0-59b7-41fb-8280-71fd213b5042 use=claim fid=FID-29-117658-4 cr=CR1092666904959-4 scheme=SHIF amount=262.50 tx=0x687fe8fd2fb944e931608b7fc0bc27a323a22d75e2b13577d9f3eb48b648286d claimNumberOnChain=1785055688366141
2026-07-31T08:41:58.202Z OK claim_number=361131 claim_id=9f6da0e2-d599-4b0a-99db-d9e623c6d289 use=claim fid=FID-29-117658-4 cr=CR1092666904959-4 scheme=SHIF amount=2500.00 tx=0xe49a444e37a2541857b87c55ba6f29b6edc2c2324a85160ed7fd7c067f2605aa claimNumberOnChain=1785055688366142
2026-07-31T08:42:03.838Z OK claim_number=361132 claim_id=ad63e5a0-77d5-401d-b6d6-147056378c9f use=claim fid=FID-20-114807-9 cr=CR3099491659846-2 scheme=SHIF amount=2593.75 tx=0x4ac8b0f0ff80e313e6534d66a49502433122fe50dff710ffc80785238067b5bf claimNumberOnChain=1785055688366143
2026-07-31T08:42:09.456Z OK claim_number=361133 claim_id=b312935d-eadc-4dcd-97cb-473536a5459b use=claim fid=FID-29-117658-4 cr=CR1092666904959-4 scheme=SHIF amount=375.00 tx=0x723b41244ee56c1a4c17bb833f5ef8e9e8e6d55239985093df241880a5b5215f claimNumberOnChain=1785055688366144
2026-07-31T08:42:15.015Z OK claim_number=361134 claim_id=e01527ec-f940-4350-b795-a09c0a31d32c use=claim fid=FID-20-114807-9 cr=CR7938321174287-0 scheme=SHIF amount=375.00 tx=0xae2b61ca0e717c703487a9fde0e69646c5cfe684fd2c81429ef0721e36bddee1 claimNumberOnChain=1785055688366145
2026-07-31T08:42:20.827Z OK claim_number=361135 claim_id=53870b44-2c76-48dd-9c41-42468eaf0fde use=claim fid=FID-29-117658-4 cr=CR5571956680586-1 scheme=SHIF amount=100.00 tx=0xfa6431c743291efbb2a53733e545906271d252a47ac30f953bc4b7c207211411 claimNumberOnChain=1785055688366146
2026-07-31T08:42:26.392Z OK claim_number=361136 claim_id=c0e40fb1-6dc7-49ae-9281-ad38aec4752b use=claim fid=FID-20-114807-9 cr=CR3110928716711-5 scheme=SHIF amount=375.00 tx=0xb9d86c3358d25cc6785b370924e24b984ebae0db97df5036d9b7cbc16091f433 claimNumberOnChain=1785055688366147
2026-07-31T08:42:32.099Z OK claim_number=361137 claim_id=2ef30ec0-3f85-44e6-9d4a-5271326a61d7 use=claim fid=FID-20-114807-9 cr=CR6394711733343-6 scheme=SHIF amount=125.00 tx=0xdba4d98bc3deeb1466824802d0a7d8da8654de1866c1c07add70cc9f648aedaf claimNumberOnChain=1785055688366148
2026-07-31T08:42:37.942Z OK claim_number=361138 claim_id=e59409b3-2a52-4fde-a1cf-6208b197962b use=claim fid=FID-29-117658-4 cr=CR5571956680586-1 scheme=SHIF amount=12.50 tx=0xdb694b69c84ec055e81dfc264c19aaf3718221765515985cd5fef1cb298c3cbf claimNumberOnChain=1785055688366149
2026-07-31T08:42:43.567Z OK claim_number=361139 claim_id=25362130-89c6-456f-b6be-83354c98270b use=claim fid=FID-29-117658-4 cr=CR5571956680586-1 scheme=SHIF amount=112.50 tx=0xc0eda8f7cefa1787c333d4a9bd01fed946706267a85f616731a4680fa5aacf91 claimNumberOnChain=1785055688366150
2026-07-31T08:42:49.147Z OK claim_number=361140 claim_id=a98b37f8-3bd5-49c6-a9c1-d69ffc47be12 use=claim fid=FID-29-117658-4 cr=CR5571956680586-1 scheme=SHIF amount=144.48 tx=0xcd2c835c4a49b84cf40f52f883c5cd9f38adf4fa29020060dcff56e3690c1e8c claimNumberOnChain=1785055688366151
2026-07-31T08:42:54.939Z OK claim_number=361141 claim_id=ace0de0c-8cd0-43c4-8ee6-7301c08a0d0c use=claim fid=FID-29-117658-4 cr=CR6991645469498-5 scheme=SHIF amount=125.00 tx=0xd3575dea3287510dcd0597eababb28fbfe986257b64bcd5974887695c126cf1b claimNumberOnChain=1785055688366152
2026-07-31T08:43:01.275Z OK claim_number=361142 claim_id=f2c95433-0728-4d4f-9ff6-c72803887af4 use=claim fid=FID-29-117658-4 cr=CR5571956680586-1 scheme=SHIF amount=12.50 tx=0xc1b0aea21ad11da2c57873584bff780b90e95bcd1008d7475a144cd0e0c07e26 claimNumberOnChain=1785055688366153
2026-07-31T08:43:06.823Z OK claim_number=361143 claim_id=407ab2e1-f5d1-419c-a987-a5f2c9004945 use=claim fid=FID-29-117658-4 cr=CR5571956680586-1 scheme=SHIF amount=112.50 tx=0x017459cb9802081b2cd257041ce7e1e8395cffd3ec9689700c65901c8eaa037c claimNumberOnChain=1785055688366154
2026-07-31T08:43:12.484Z OK claim_number=361144 claim_id=409e17b3-ce4c-49a0-8088-9b4a793cf4b0 use=claim fid=FID-20-114807-9 cr=CR7890297198580-8 scheme=SHIF amount=2902.86 tx=0x0ddb0864af5178a58e5277275317f8a48bff7af60123855dc9ba078ed350e44c claimNumberOnChain=1785055688366155
2026-07-31T08:43:18.078Z OK claim_number=361145 claim_id=c69ae4c3-56ec-4045-bf4c-f69f1c588281 use=claim fid=FID-29-117658-4 cr=CR5571956680586-1 scheme=SHIF amount=144.48 tx=0x41a5025f3ec0eb68faad6b2cef3b322b5ca75ec366451621b36fc0d7dea8adc4 claimNumberOnChain=1785055688366156
2026-07-31T08:43:23.762Z OK claim_number=361146 claim_id=39565f23-c117-4481-ac79-8ccd2f234b5e use=claim fid=FID-29-117658-4 cr=CR3156232607267-2 scheme=SHIF amount=125.00 tx=0x18cc2a0ee874878c2512674a22af5709c63ee9fdaca430f21431cf1d48b4407e claimNumberOnChain=1785055688366157
2026-07-31T08:43:29.343Z OK claim_number=361147 claim_id=cf3a109f-0cfc-410d-bf62-a271a00fa4b1 use=claim fid=FID-29-117658-4 cr=CR4798182882885-6 scheme=SHIF amount=10.00 tx=0x16380125d1eb002a57d55f790a0a2cba6db41ade70d45a1223d3a4d27b1ce145 claimNumberOnChain=1785055688366158
2026-07-31T08:43:34.926Z OK claim_number=361148 claim_id=c0400bac-7da2-4554-9843-80b341d593e1 use=claim fid=FID-20-114807-9 cr=CR9406063951778-4 scheme=SHIF amount=875.00 tx=0xe15e21818d06dd7803ee425c37dfe553caf7590e5eac8d0a4f296ec831c2eefa claimNumberOnChain=1785055688366159
2026-07-31T08:43:40.589Z OK claim_number=361149 claim_id=a5d2d737-6068-41e8-a565-f395e675ce4f use=claim fid=FID-20-114807-9 cr=CR9944025350854-8 scheme=SHIF amount=125.00 tx=0xe41c8dd1049a600a999ca25b33120a7e020485378e37fbfb91c08ee57b1c7f26 claimNumberOnChain=1785055688366160
2026-07-31T08:43:46.469Z SKIP claim_number=361150 claim_id=d154b073-5de1-4cd4-9068-86dd5b1aedfa reason=zero_amount claimed_total_raw=0.00
2026-07-31T08:43:46.476Z OK claim_number=361151 claim_id=3b23c3c4-6687-4fb8-8ca5-c071d1201501 use=claim fid=FID-20-114807-9 cr=CR3009508243695-6 scheme=SHIF amount=311435.24 tx=0xb2431b63252b8635550b8f8906e237ff01e260499a8fc9bcde2b282a12ef0efa claimNumberOnChain=1785055688366162
2026-07-31T08:43:55.337Z OK claim_number=361152 claim_id=9687bdab-a11f-4828-b6f9-e3cb56aae255 use=claim fid=FID-20-114807-9 cr=CR0904346950048-8 scheme=SHIF amount=250.00 tx=0x3cd8d389e592f1dfa5233fa358ba576f536e7848734c73a4ee62c8e332b5865d claimNumberOnChain=1785055688366163
2026-07-31T08:44:01.183Z OK claim_number=361153 claim_id=6fbbd8b9-9325-4c66-90f7-89851efc633b use=claim fid=FID-29-117658-4 cr=CR8886594578046-4 scheme=SHIF amount=100.00 tx=0x88c97c56fa0e4fdd859b590f426c5875c313a98ffd10302316f680908c5a2f6c claimNumberOnChain=1785055688366164
2026-07-31T08:44:07.044Z OK claim_number=361154 claim_id=95dad956-a991-4989-a268-de0ecc109ee5 use=claim fid=FID-29-117658-4 cr=CR4199394261218-7 scheme=SHIF amount=100.00 tx=0x0bd30fe78e21851a1ee04e92ba83a33e4fd830f61ea74383cb91f56310ab4100 claimNumberOnChain=1785055688366165
2026-07-31T08:44:12.697Z OK claim_number=361155 claim_id=60103d9a-842a-42f7-a997-e74e8f03dbde use=claim fid=FID-29-117658-4 cr=CR6183688864153-5 scheme=SHIF amount=125.00 tx=0xc42fe76c2821a05dfb96a50a463bab2b2e48fd2425f6ca66466e434cf1f57d86 claimNumberOnChain=1785055688366166
2026-07-31T08:44:18.258Z OK claim_number=361156 claim_id=5024875b-2888-4c5e-998a-d2e789c3f740 use=claim fid=FID-20-114807-9 cr=CR5783935248467-7 scheme=SHIF amount=250.00 tx=0x258b0453f227d3f3edae356c2aa706837396a4381a129b676680d481745c3bf6 claimNumberOnChain=1785055688366167
2026-07-31T08:44:23.867Z OK claim_number=361157 claim_id=c040d22c-5167-4570-9866-7ddf4beb7137 use=claim fid=FID-29-117658-4 cr=CR4199394261218-7 scheme=SHIF amount=100.00 tx=0x7c48b7f9166fe9167b82cd16c4d1d3dd1eb4243f5ee758da6746de6571312efd claimNumberOnChain=1785055688366168
2026-07-31T08:44:29.442Z OK claim_number=361158 claim_id=7f67b852-4e77-48bf-b0df-9c9507ccc561 use=claim fid=FID-20-114807-9 cr=CR9009599219515-2 scheme=SHIF amount=281.25 tx=0x5ab5b2176cb2c2b26a2f504b53df1f97e0a2da531c546446396df6203a4babcd claimNumberOnChain=1785055688366169
2026-07-31T08:44:35.624Z OK claim_number=361159 claim_id=5cb6d371-0378-41cc-802c-c4892878f2a4 use=claim fid=FID-29-117658-4 cr=CR4327095730487-9 scheme=SHIF amount=125.00 tx=0x1861e8e1c2aa09e8d2af83660225b1e7e200ccb78a8f4bd1cf3418b48d0e64eb claimNumberOnChain=1785055688366170
2026-07-31T08:44:41.287Z OK claim_number=361160 claim_id=bd063199-cdf8-441d-8169-efdb80b2513c use=claim fid=FID-29-117658-4 cr=CR9639951692725-4 scheme=SHIF amount=10000.00 tx=0x42d8fe8e3e61dbf3042df5b4f83dffd59535b6fc6638d7a6909c053c5d041266 claimNumberOnChain=1785055688366171
2026-07-31T08:44:46.912Z OK claim_number=361161 claim_id=0a1b4778-cc78-4cc0-8978-65be8e21db82 use=claim fid=FID-29-117658-4 cr=CR3570468280090-0 scheme=SHIF amount=125.00 tx=0x88fb39517d253024b2dbba3c8b11db17314b6d606f827ee525084a65ad27368f claimNumberOnChain=1785055688366172
2026-07-31T08:44:52.519Z OK claim_number=361162 claim_id=83e5b6ad-78d1-4010-95c0-d7fa6f2d9681 use=claim fid=FID-29-117658-4 cr=CR4457080300364-4 scheme=SHIF amount=100.00 tx=0x31d1b6ef5ba4c615e440c866fb37a055da94f9b4ff10e5efab51115778d621e1 claimNumberOnChain=1785055688366173
2026-07-31T08:44:58.177Z OK claim_number=361163 claim_id=22e63547-9cf8-4e0e-a2dc-6d3d650645ac use=claim fid=FID-29-117658-4 cr=CR4203603176163-7 scheme=SHIF amount=125.00 tx=0x0c7ff0bf98a7e5ceba58ca7aef218f247ebc95687d8c0b8ce21ddbc5e1f7352f claimNumberOnChain=1785055688366174
2026-07-31T08:45:03.934Z OK claim_number=361164 claim_id=1839d5f1-3bc1-4e70-8f7a-8ab22794438f use=claim fid=FID-20-114807-9 cr=CR4454134831133-9 scheme=SHIF amount=375.00 tx=0x425364e83073c7c1f18d6df4bdf16e84fa18011c3731fa5c3f6b0dbe34bfb048 claimNumberOnChain=1785055688366175
2026-07-31T08:45:09.552Z OK claim_number=361165 claim_id=4c13ff6e-e03d-42c7-9762-f807307e6f52 use=claim fid=FID-29-117658-4 cr=CR0587521523759-0 scheme=SHIF amount=300.00 tx=0x245afca88d9f3e8f34c467f55aa5445dd5c2764db4ea648a3f9cf9a71113fb2e claimNumberOnChain=1785055688366176
2026-07-31T08:45:15.171Z OK claim_number=361166 claim_id=2628d555-a3d7-4ffd-8b75-1a433a06770c use=claim fid=FID-29-117658-4 cr=CR6699621974419-5 scheme=SHIF amount=125.00 tx=0xad1566cba680869b2f32cf85c718961416c2c12e299902c2fb7c998e661d6f0b claimNumberOnChain=1785055688366177
2026-07-31T08:45:20.763Z OK claim_number=361167 claim_id=4d907a56-014d-4440-8ad9-f64e921757ec use=claim fid=FID-29-117658-4 cr=CR4199394261218-7 scheme=SHIF amount=625.00 tx=0xf9fbc40d7af441042f6ac046de59b6905ee3581860ac6c7fb5466bd6e42dc82a claimNumberOnChain=1785055688366178
2026-07-31T08:45:26.395Z OK claim_number=361168 claim_id=61ded427-fab4-49f0-8b20-b54fbfe835dc use=claim fid=FID-20-114807-9 cr=CR5504779330205-0 scheme=SHIF amount=125.00 tx=0xa084c2fd7b1402147cefaad3dda7a90fec94b23e88c0d4781993a67d58835078 claimNumberOnChain=1785055688366179
2026-07-31T08:45:32.041Z OK claim_number=361169 claim_id=8571945a-658d-47d2-a0d9-1fdc7794e372 use=claim fid=FID-29-117658-4 cr=CR7400004069070-9 scheme=SHIF amount=100.00 tx=0x56118a27b919d80e3269ef553a5e340458828b6185bf2c1988bad0c616703cc3 claimNumberOnChain=1785055688366180
2026-07-31T08:45:37.681Z OK claim_number=361170 claim_id=8bb7dc26-d84c-45de-a2dc-9a714205b852 use=claim fid=FID-29-117658-4 cr=CR1719173865679-5 scheme=SHIF amount=125.00 tx=0xd18d66b709098834fc0c27557bad04a3a1c233b72a1a0004330907f9d9e2fb87 claimNumberOnChain=1785055688366181
2026-07-31T08:45:46.236Z OK claim_number=361171 claim_id=db67bc75-4ae6-4601-86a6-43a4f7bdef1a use=claim fid=FID-29-117658-4 cr=CR7335961151003-0 scheme=SHIF amount=125.00 tx=0xe5fb0d003ad32f4bcc4d789dfa31d5ec3df482287e6e046799932f0fc82d8379 claimNumberOnChain=1785055688366182
2026-07-31T08:45:51.875Z OK claim_number=361172 claim_id=88d6049c-e1fb-4f85-86b7-a2f15b3f0e31 use=claim fid=FID-29-117658-4 cr=CR4457080300364-4 scheme=SHIF amount=500.00 tx=0xd2993cf9af06e9c6b9aa34c6cfeca4f4113d908baf418358197ac649afa7a7f1 claimNumberOnChain=1785055688366183
2026-07-31T08:45:57.524Z OK claim_number=361173 claim_id=de2fc1b8-570e-433f-87a9-6820634cdb12 use=claim fid=FID-29-117658-4 cr=CR2463035872911-0 scheme=SHIF amount=125.00 tx=0x5137faad6d829a18248a30008a6f2f196573699723ebe20516ddca4a439cc75e claimNumberOnChain=1785055688366184
2026-07-31T08:46:03.561Z OK claim_number=361174 claim_id=3f7ca4d5-8f2f-4180-831f-ccdea977b14c use=claim fid=FID-29-117658-4 cr=CR6347338919643-5 scheme=SHIF amount=125.00 tx=0xa708ee11b3567d3ba506167720f8eeaa5109f222daf219f971238ad9cb0263d4 claimNumberOnChain=1785055688366185
2026-07-31T08:46:16.016Z OK claim_number=361175 claim_id=22aa9f58-56a1-4b8f-947d-eeba9352e804 use=claim fid=FID-29-117658-4 cr=CR9645760706984-8 scheme=SHIF amount=100.00 tx=0x27977dac51bda95a372844eb4c469f17d68254b7bb89af24f7af8cd36d69cfde claimNumberOnChain=1785055688366186
2026-07-31T08:46:18.764Z OK claim_number=361176 claim_id=eec5d239-972f-4d36-8292-ed1727a3b3b8 use=claim fid=FID-29-117658-4 cr=CR9645760706984-8 scheme=SHIF amount=125.00 tx=0xd78b48d141cddeaba3b7706ec54f0d450728fbfa1afca5e76c17cc67614c7948 claimNumberOnChain=1785055688366187
2026-07-31T08:46:24.366Z OK claim_number=361177 claim_id=057f9d9f-956d-4e7c-ae71-cb0df86234f6 use=claim fid=FID-20-114807-9 cr=CR2053547548025-3 scheme=SHIF amount=2468.75 tx=0x74198b360e4d20c6e3d9c8077a7bcb80ca80c090e8e0a2b29ddebf5996c1e226 claimNumberOnChain=1785055688366188
2026-07-31T08:46:36.910Z OK claim_number=361178 claim_id=ead65ac2-9671-489f-8778-c955d72dec52 use=claim fid=FID-29-117658-4 cr=CR7860562929831-4 scheme=SHIF amount=1312.50 tx=0x07287ad3b75af7530bc611192da39065ff1695ea98b04570ec4830e07670903f claimNumberOnChain=1785055688366189
2026-07-31T08:46:42.535Z OK claim_number=361179 claim_id=1b482595-7818-4fb8-bf47-693066330ad9 use=claim fid=FID-29-117658-4 cr=CR7860562929831-4 scheme=SHIF amount=218.75 tx=0xdd9db93e0bfc8ab9303049e8d571ad3ccc1853a06b961e53109afa1946c8ed77 claimNumberOnChain=1785055688366190
2026-07-31T08:46:48.122Z OK claim_number=361180 claim_id=8bb4c015-3ca0-448e-b72c-931ff4c8db15 use=claim fid=FID-29-117658-4 cr=CR5808256799971-3 scheme=SHIF amount=312.50 tx=0xc982abedebc8fad38bb1ee89017d8209096b47d9e4cb6a7df0487b66194e6920 claimNumberOnChain=1785055688366191
2026-07-31T08:47:06.635Z OK claim_number=361181 claim_id=318a8194-2d50-4906-8329-4df9dface3f3 use=claim fid=FID-29-117658-4 cr=CR7860562929831-4 scheme=SHIF amount=34.40 tx=0x289820bc8c0cbdaa4ad1506e2b86c96033cdc2b6bfd1b8f223eb8aaa5edd8420 claimNumberOnChain=1785055688366192
2026-07-31T08:47:12.370Z OK claim_number=361182 claim_id=0d318f84-c0c7-49cd-bc93-f90503b2bf52 use=claim fid=FID-29-117658-4 cr=CR7860562929831-4 scheme=SHIF amount=1312.50 tx=0x35bd2c8339d5da211d76211e3b80fe7ccb275d83c66bf34ec2ff0cf7e932785a claimNumberOnChain=1785055688366193
2026-07-31T08:47:17.898Z OK claim_number=361183 claim_id=bed898a9-2ede-4a1b-bb05-0fc3d914f45e use=claim fid=FID-20-118358-9 cr=CR0900450967701-7 scheme=SHIF amount=675125.00 tx=0xa0853a00af0934f8be9c1ab242de88ed560050cd961b49a0d40596992ccf73eb claimNumberOnChain=1785055688366194
2026-07-31T08:47:30.672Z OK claim_number=361184 claim_id=2d729019-0748-4e66-960c-113c3b38e679 use=claim fid=FID-29-117658-4 cr=CR7860562929831-4 scheme=SHIF amount=218.75 tx=0x8116bc792d296ea46f7b2d4d24b1574c72ddd8c1a50b50e1080ece7bba760853 claimNumberOnChain=1785055688366195
2026-07-31T08:47:36.366Z OK claim_number=361185 claim_id=2328016c-12bb-470c-a7f3-9579f9509514 use=claim fid=FID-29-117658-4 cr=CR7860562929831-4 scheme=SHIF amount=34.40 tx=0x7f21b5f318d856a616fdaa3de6f895b995ed482b4170093bfb742e0e027429d6 claimNumberOnChain=1785055688366196
2026-07-31T08:47:41.956Z OK claim_number=361186 claim_id=223ed1fb-32d5-45bc-b934-75f11019c60b use=claim fid=FID-29-117658-4 cr=BZ22334289-0 scheme=SHIF amount=192.64 tx=0xd9748578443f2b8d16d511fc92d5d1230a9bb70386a91f246d91757d8fc1496b claimNumberOnChain=1785055688366197
2026-07-31T08:47:47.578Z OK claim_number=361187 claim_id=ed9bf5da-2c88-45ed-bc59-a914d21b1ea0 use=claim fid=FID-29-117658-4 cr=CR7861916561842-1 scheme=SHIF amount=125.00 tx=0x4fcc1cd7bc4fb99c71c9d179ce959fb07772b1d284c2ab0801fe26a4c17d5abf claimNumberOnChain=1785055688366198
2026-07-31T08:48:00.131Z OK claim_number=361188 claim_id=a066af58-5f49-4ff6-8751-2ba60b7de944 use=claim fid=FID-29-117658-4 cr=BZ22334289-0 scheme=SHIF amount=250.00 tx=0xc95e895e2b2e74833624a7626d9b37973222b6db0c168af036fba8f8e69bdb27 claimNumberOnChain=1785055688366199
2026-07-31T08:48:05.890Z OK claim_number=361189 claim_id=77ca2709-310d-47db-9ebb-644dce40c4a4 use=claim fid=FID-20-114807-9 cr=CR8267489735492-2 scheme=SHIF amount=375.00 tx=0xb77be9f81b60d4aa44c5d533c4c2b1d6881887400efe33aaf557ae1888c917ae claimNumberOnChain=1785055688366200
2026-07-31T08:48:18.638Z OK claim_number=361190 claim_id=5c747a62-7bb2-42ab-ae76-1cd4438dc774 use=claim fid=FID-29-117658-4 cr=BZ22334289-0 scheme=SHIF amount=192.64 tx=0xc227d608a77ae4bf995e73cec4c8c9613651d694800d0e2bbf2d2a049b571353 claimNumberOnChain=1785055688366201
2026-07-31T08:48:24.283Z OK claim_number=361191 claim_id=b7f538e0-434c-456d-acac-c065114d5d4f use=claim fid=FID-29-117658-4 cr=BZ22334289-0 scheme=SHIF amount=250.00 tx=0x3c013fedbc1e982f217db5081006291ea68974b810543a6918cb4c9aba8d47b7 claimNumberOnChain=1785055688366203
2026-07-31T08:48:32.491Z OK claim_number=361192 claim_id=2d102062-7748-4a09-874b-407e02564604 use=claim fid=FID-29-117658-4 cr=CR9435561930723-4 scheme=SHIF amount=125.00 tx=0x778bcccc343216127b7df897d39d0a60f8c798781fef3a3b8234f5763e38a9fb claimNumberOnChain=1785055688366204
2026-07-31T08:48:45.054Z OK claim_number=361193 claim_id=1aed746a-a8cf-4f7d-8be1-4b60633484bb use=claim fid=FID-29-117658-4 cr=BZ22334289-0 scheme=SHIF amount=192.64 tx=0x115c4fc57c640a2d667f9ee64621a8bd969108d17d31f471b9d93e7cc47a1ef3 claimNumberOnChain=1785055688366205
2026-07-31T08:48:51.683Z OK claim_number=361194 claim_id=f452c5b3-08d8-483b-ab11-aea706c566c3 use=claim fid=FID-29-117658-4 cr=BZ22334289-0 scheme=SHIF amount=250.00 tx=0x7ac7545951cb81e43347ea75c05cd4f92f4ce89e4fbdb061b5358d9a38815b70 claimNumberOnChain=1785055688366206
2026-07-31T08:48:57.695Z OK claim_number=361195 claim_id=660d01e2-0858-45a0-8c8e-930a3f1708f1 use=claim fid=FID-29-117658-4 cr=CR2963382752941-3 scheme=SHIF amount=125.00 tx=0x95cf1d13968c073a8ccbaa12e5406a0db244ac54e39e45d2db168b5c6ef1f5fe claimNumberOnChain=1785055688366207
2026-07-31T08:49:11.024Z OK claim_number=361196 claim_id=9f9c3f7d-261f-471d-843f-c41d75ffd9c0 use=claim fid=FID-29-117658-4 cr=BZ22334289-0 scheme=SHIF amount=192.64 tx=0x80b6773a71fa28604b2fa14e9da94e411eff6d6e4d355ae982c42eb5b8c7d77f claimNumberOnChain=1785055688366208
2026-07-31T08:49:16.619Z OK claim_number=361197 claim_id=44352bab-c1f6-40cc-9e7d-1445dce68d88 use=claim fid=FID-29-117658-4 cr=BZ22334289-0 scheme=SHIF amount=250.00 tx=0x1d2df5eb2e26914344dffb8e9f0f3cde54cdd6176ebf541ecaefc3bc4b423b77 claimNumberOnChain=1785055688366209
2026-07-31T08:49:22.276Z OK claim_number=361198 claim_id=00daec4e-e2b4-4439-a84a-7deb9980a60d use=claim fid=FID-20-114807-9 cr=CR9702822736652-3 scheme=SHIF amount=375.00 tx=0x9fb1e340d727303e506294be545593c3e77c094abbb0af77bbf05530bf8e7600 claimNumberOnChain=1785055688366210
2026-07-31T08:49:34.624Z OK claim_number=361199 claim_id=e421b9aa-607c-4cec-8172-906dae8dba11 use=claim fid=FID-29-117658-4 cr=BZ22334289-0 scheme=SHIF amount=192.64 tx=0x16b4ed7faa7687c35c423035b020b2595fdbc78d73a28a78a988d43c9d727d06 claimNumberOnChain=1785055688366211
2026-07-31T08:49:40.294Z OK claim_number=361200 claim_id=a0dd6876-ee11-411f-934c-857f68fe671e use=claim fid=FID-29-117658-4 cr=BZ22334289-0 scheme=SHIF amount=250.00 tx=0xa9fd974552276abaf66a919021ae3cef43e816ef387a414fa9a39a4c86f7d4ad claimNumberOnChain=1785055688366212
2026-07-31T08:49:45.945Z OK claim_number=361201 claim_id=73cca719-c781-4860-844e-2f17386775e2 use=claim fid=FID-29-117658-4 cr=CR8899382180309-1 scheme=SHIF amount=125.00 tx=0x9eedf8dbe4947b5159e7d4708d492a507acbd41cf9b3f586518a16aaba2cdf5c claimNumberOnChain=1785055688366213
2026-07-31T08:49:58.474Z OK claim_number=361202 claim_id=8162ba60-388d-41b7-ab80-3b8d4d60ef0a use=claim fid=FID-29-117658-4 cr=BZ22334289-0 scheme=SHIF amount=192.64 tx=0xe81f1a11bfc34b7512768f163df162763ba79d7c245889e9f7f64e65d426dd96 claimNumberOnChain=1785055688366214
2026-07-31T08:50:04.728Z OK claim_number=361203 claim_id=ce3046ce-5bd0-4490-b60c-67e7c6065b12 use=claim fid=FID-29-117658-4 cr=BZ22334289-0 scheme=SHIF amount=250.00 tx=0xaf0c76be8419b6591901f6eff68cc606e243d6f6e971e953479faf7c2d45c1e3 claimNumberOnChain=1785055688366215
2026-07-31T08:50:10.307Z OK claim_number=361204 claim_id=d31467d5-4a8e-4294-bb68-0af6a7be9311 use=claim fid=FID-20-114807-9 cr=CR1594197705946-1 scheme=SHIF amount=506.25 tx=0xbc6449468ea818965fca38c1b2609db69f4cbe5910caed28329ec94d17466b2f claimNumberOnChain=1785055688366216
2026-07-31T08:50:22.822Z OK claim_number=361205 claim_id=17760183-d269-4c99-9061-5a11dc560456 use=claim fid=FID-29-117658-4 cr=BZ22334289-0 scheme=SHIF amount=192.64 tx=0x6511ed41dbf407473807e1f9a1d304e208a32498a4b16f2b86f800d918f9b5b9 claimNumberOnChain=1785055688366217
2026-07-31T08:50:28.449Z OK claim_number=361206 claim_id=326646b6-db0f-4849-936e-ce03f6a9789f use=claim fid=FID-29-117658-4 cr=BZ22334289-0 scheme=SHIF amount=250.00 tx=0x41decb531f7717e382fcfc098fb7d99830c96efb2e3f778f3f63aa8db17f2a48 claimNumberOnChain=1785055688366218
2026-07-31T08:50:34.037Z OK claim_number=361207 claim_id=3efe75ea-90b6-4f33-bad4-3562b78eed7e use=claim fid=FID-29-117658-4 cr=CR2055237122681-3 scheme=SHIF amount=125.00 tx=0x0590712186f90f104558b3d761ce6e1a703963bf2f7973dbd5e5868de5e7db2b claimNumberOnChain=1785055688366219
2026-07-31T08:50:46.616Z OK claim_number=361208 claim_id=412fe1c4-4c1c-4be9-b675-45da65e65044 use=claim fid=FID-29-117658-4 cr=BZ30970942-6 scheme=SHIF amount=625.00 tx=0x298f8bee0317be75ba6413fcf30891881fc7f739b698b59c00d0af55553a8691 claimNumberOnChain=1785055688366220
2026-07-31T08:50:52.241Z OK claim_number=361209 claim_id=767b3962-fabd-4312-8290-f9adb79fa119 use=claim fid=FID-29-117658-4 cr=CR9124646168973-3 scheme=SHIF amount=125.00 tx=0x3b29f7daa5c65e58ffd8da2f46aadadefa7f4e27efe063936af3e1cdc75abaf5 claimNumberOnChain=1785055688366221
2026-07-31T08:51:05.145Z OK claim_number=361210 claim_id=3d7ae8cb-cf5f-4a36-80cc-14159ada2cb8 use=claim fid=FID-29-117658-4 cr=CR7860562929831-4 scheme=SHIF amount=1500.00 tx=0xdce12378bf0184d917a31bfcffaccb07759612148e58cb817d0855063e7a8557 claimNumberOnChain=1785055688366222
2026-07-31T08:51:10.716Z SKIP claim_number=361211 claim_id=8c3b5824-462c-4e63-9cca-8ff24c1ed188 reason=zero_amount claimed_total_raw=0.00
2026-07-31T08:51:10.733Z OK claim_number=361212 claim_id=824b680e-89eb-4908-bcc6-be5239549f86 use=claim fid=FID-20-114807-9 cr=CR0622203296116-0 scheme=SHIF amount=1037.50 tx=0x420138910db4d73160cd126131cfc1f34e3d6276ccb1744e2b6c5ff7e9f19013 claimNumberOnChain=1785055688366223
2026-07-31T08:51:18.915Z OK claim_number=361213 claim_id=6e499447-6d08-4f05-99e2-5364b2658075 use=claim fid=FID-29-117658-4 cr=CR5581413889195-0 scheme=SHIF amount=125.00 tx=0xa0aab4e7db59bb7d54d822cf2db6e889b443f5273c46b40fe0febadf6d99e66e claimNumberOnChain=1785055688366225
2026-07-31T08:51:33.784Z OK claim_number=361214 claim_id=aab31aad-7608-4de1-a13b-3c113b1f94b1 use=claim fid=FID-29-117658-4 cr=CR9645760706984-8 scheme=SHIF amount=250.00 tx=0x50499c7cef96891996a956907ea8d132ee733fc8377d0fd3405541cb17d92444 claimNumberOnChain=1785055688366226
2026-07-31T08:51:39.467Z OK claim_number=361215 claim_id=35758383-5789-4860-9b46-a9e3afc4b990 use=claim fid=FID-29-117658-4 cr=CR8169905761823-9 scheme=SHIF amount=125.00 tx=0x9a750fb47b54a5f3eb88ea61812a0626e449e6b088559188851c36b2aeba5f29 claimNumberOnChain=1785055688366227
2026-07-31T08:51:52.061Z OK claim_number=361216 claim_id=87c06267-d8ed-43ff-84c2-cbfd3c35017d use=claim fid=FID-29-117658-4 cr=CR9645760706984-8 scheme=SHIF amount=250.00 tx=0xf0266dcec6af7b638a7f7201b0251adb12e400e626e581117c616197e8600feb claimNumberOnChain=1785055688366228
2026-07-31T08:52:02.381Z OK claim_number=361217 claim_id=9596348c-00d6-4c92-befb-7f454849f5e2 use=claim fid=FID-29-117658-4 cr=BZ29728796-3 scheme=SHIF amount=100.00 tx=0xf32cbd1cf03e62b59f14bc9a8927201097e362ad361032213ff421dd3fe55454 claimNumberOnChain=1785055688366229
2026-07-31T08:52:08.024Z OK claim_number=361218 claim_id=c2b01afe-5bfc-42fd-a778-f462bea42ab3 use=claim fid=FID-20-114807-9 cr=CR0424583889105-1 scheme=SHIF amount=125.00 tx=0xd25ca2ee1520e9fa2f864350720e7f4b85f04bdd95fd0953585448e15508e0ce claimNumberOnChain=1785055688366230
2026-07-31T08:52:21.183Z OK claim_number=361219 claim_id=153d6a1c-b7dc-4a35-9a5a-21726e07bfe1 use=claim fid=FID-29-117658-4 cr=CR7400004069070-9 scheme=SHIF amount=250.00 tx=0x02b6050029945ce1c81ffeb51cdfee5b3f37627b655ab1bd69bf17a8a2a04a39 claimNumberOnChain=1785055688366231
2026-07-31T08:52:26.766Z OK claim_number=361220 claim_id=5ec5e19d-5f1c-4a3a-8efb-3546310d99b6 use=claim fid=FID-29-117658-4 cr=CR7400004069070-9 scheme=SHIF amount=250.00 tx=0x84826018a26e65cf47de21962b12b91a9eaf3be4faaf1048e51e19e971a79d46 claimNumberOnChain=1785055688366232
2026-07-31T08:52:32.346Z OK claim_number=361221 claim_id=52e862cc-7598-4c88-91cb-ac869b42f7c2 use=claim fid=FID-20-114807-9 cr=CR1559488873781-4 scheme=SHIF amount=250.00 tx=0x49feb4d12fdfcf871dcca3c321840d34e3ba5078a8081f6fcc80c949e2c5b6fe claimNumberOnChain=1785055688366233
2026-07-31T08:52:44.754Z OK claim_number=361222 claim_id=193f42ae-1c87-4489-8917-5f80ce0b0b6e use=claim fid=FID-29-117658-4 cr=CR7400004069070-9 scheme=SHIF amount=375.00 tx=0xbe538fa99ca5d59a0deb0c19332b4dec158b1d3d689b3fe783f0b3749b6a752c claimNumberOnChain=1785055688366234
2026-07-31T08:52:50.396Z OK claim_number=361223 claim_id=84eddc61-15fe-4ad3-a0d7-ba12ab280bfc use=claim fid=FID-29-117658-4 cr=CR7400004069070-9 scheme=SHIF amount=250.00 tx=0xca4be1237edfe054f9066a2cdd8a2b9dc6506c408ecd0be6dfe9c804d68fe6e9 claimNumberOnChain=1785055688366235
2026-07-31T08:52:55.988Z OK claim_number=361224 claim_id=4117f0cc-fd23-43d9-9c27-dc57c9062b44 use=claim fid=FID-20-114807-9 cr=CR6844727772007-1 scheme=SHIF amount=750.00 tx=0x940f9244cd7b75bdb9f6d81c991ca9453d0e0a62e49f0ca5f1d53827126b57fc claimNumberOnChain=1785055688366236
2026-07-31T08:53:08.557Z OK claim_number=361225 claim_id=4fde79cc-43ea-4144-9edf-a9b26b02c7a0 use=claim fid=FID-29-117658-4 cr=CR7400004069070-9 scheme=SHIF amount=250.00 tx=0x9f659114b2e0a8897b051171793acac9f97e465e13b36cd9bd70aed065af053f claimNumberOnChain=1785055688366237
2026-07-31T08:53:14.191Z OK claim_number=361226 claim_id=95ed200f-123a-4181-8c39-bfe56550123b use=claim fid=FID-29-117658-4 cr=CR7400004069070-9 scheme=SHIF amount=375.00 tx=0x68b76434ca72145a1b904ffabad5251b492477c5058bea193c8b2f4c566bdaca claimNumberOnChain=1785055688366238
2026-07-31T08:53:19.843Z OK claim_number=361227 claim_id=ac0d2335-29ae-4220-9bb8-56843e011f94 use=claim fid=FID-29-117658-4 cr=CR3070173387004-4 scheme=SHIF amount=125.00 tx=0x684a4517eb52f12e117a6070cb5e94e161d1f503e8b0e725aaa7041c5fd30560 claimNumberOnChain=1785055688366239
2026-07-31T08:53:32.826Z OK claim_number=361228 claim_id=7d598c44-dd60-44b5-9489-a4a567de0bbb use=claim fid=FID-20-114807-9 cr=CR8165906876220-2 scheme=SHIF amount=375.00 tx=0xa7c27c3d4cb73ac98c8ac5ce26407fbc5c8fe941439dbf6bfc5e77f2a3d89eb5 claimNumberOnChain=1785055688366240
2026-07-31T08:53:46.263Z OK claim_number=361229 claim_id=4d53cd18-4cc2-4229-9711-ee94f712ff33 use=claim fid=FID-29-117658-4 cr=CR2160817833121-1 scheme=SHIF amount=100.00 tx=0xe13b2cfb155b93d2e82756506f13f24b391efe3a6e56412727e646a31346d9eb claimNumberOnChain=1785055688366241
2026-07-31T08:53:52.113Z OK claim_number=361230 claim_id=09a0eba5-9718-43bb-9fee-e1e6ebd3b696 use=claim fid=FID-29-117658-4 cr=CR4433394891894-9 scheme=SHIF amount=125.00 tx=0xc68ecb407d560ee2cd6e8bb64a504178e93c045f0a14633e87aac1d317053cac claimNumberOnChain=1785055688366242
2026-07-31T08:54:04.581Z OK claim_number=361231 claim_id=e504dc10-50ac-455b-a5be-a10a89d99478 use=claim fid=FID-29-117658-4 cr=CR7400004069070-9 scheme=SHIF amount=100.00 tx=0x01b3649f001d1c511757c52566248f09d2bd266fe5fd6b8492c9b2524e239849 claimNumberOnChain=1785055688366243
2026-07-31T08:54:10.656Z OK claim_number=361232 claim_id=387f5ba1-602e-47a0-9d1e-4afb1f1bfc0c use=claim fid=FID-29-117658-4 cr=CR7400004069070-9 scheme=SHIF amount=100.00 tx=0xa7cc9ad22501842c86208c2e5ddf0157a049e2d93efa953eb56539ac84c48d18 claimNumberOnChain=1785055688366245
2026-07-31T08:54:18.957Z OK claim_number=361233 claim_id=74524feb-b3aa-4cdb-8d6b-eb8829aa5e09 use=claim fid=FID-29-117658-4 cr=CR8731431809088-9 scheme=SHIF amount=125.00 tx=0x783a1569becec442ca28a50d9e71fcee5ba26832b6a1d0dbe6c876c8b849327d claimNumberOnChain=1785055688366247
2026-07-31T08:54:34.026Z OK claim_number=361234 claim_id=9d74d160-eacc-4b8f-9a3c-6b11dcfad892 use=claim fid=FID-29-117658-4 cr=CR2160817833121-1 scheme=SHIF amount=100.00 tx=0x909083bad7a765b4d4159871435001c3d233e7eb5089d56861753abd2adcd0cb claimNumberOnChain=1785055688366248
2026-07-31T08:54:39.671Z SKIP claim_number=361235 claim_id=98f4ea4f-0ce2-4420-bf13-ed9fd01f2f17 reason=zero_amount claimed_total_raw=0.00
2026-07-31T08:54:39.690Z OK claim_number=361236 claim_id=17cb6978-2de4-4595-8561-be31d611a25c use=claim fid=FID-29-117658-4 cr=CR8758827053775-1 scheme=SHIF amount=125.00 tx=0xd00ae8abd9c3aa6d7bbfcbe91e5ef0c441144d35b1c5b09e3c900fdd486a8c03 claimNumberOnChain=1785055688366249
2026-07-31T08:54:52.497Z OK claim_number=361237 claim_id=de0193c0-11b7-4803-986f-735daf617d82 use=claim fid=FID-29-117658-4 cr=CR6324790635853-2 scheme=SHIF amount=125.00 tx=0x67cb56251b74e0536716b76e4498931a7b29ffec6127bc523bfb80c79fe9d6de claimNumberOnChain=1785055688366250
2026-07-31T08:55:05.447Z OK claim_number=361238 claim_id=dcdd188e-4b2e-4c7b-8b83-942ad0e29e22 use=claim fid=FID-29-117658-4 cr=CR5749088994631-5 scheme=SHIF amount=100.00 tx=0x530cade745875b891b5adf8bc4f57d4b7f27c270de6d45ae4e91d3be799bce2c claimNumberOnChain=1785055688366251
2026-07-31T08:55:11.097Z OK claim_number=361239 claim_id=228f0106-6224-4798-96be-cf96e1577478 use=claim fid=FID-20-114807-9 cr=CR3985292107909-5 scheme=SHIF amount=250.00 tx=0x5d412689202ffa97ebb85492dc677a9c8b69660a75573363e8c42d9e653094d7 claimNumberOnChain=1785055688366253
2026-07-31T08:55:26.438Z OK claim_number=361240 claim_id=a60b1a2b-17a7-4117-aedc-d33a27bb4892 use=claim fid=FID-29-117658-4 cr=CR4904944877318-9 scheme=SHIF amount=100.00 tx=0xea848f9019ef2e274ee0544a58ff709f0333fa5d6872ff607015ab284b65bdaa claimNumberOnChain=1785055688366254
2026-07-31T08:55:32.006Z OK claim_number=361241 claim_id=8f5ed08a-ba95-44bb-8837-a9cb2ca9174d use=claim fid=FID-20-114807-9 cr=CR2223829424429-3 scheme=SHIF amount=125.00 tx=0x1e6d503f557afe0b2998d1d92113e1deb605a57b9bac55d9e2c0f3a486fba8c0 claimNumberOnChain=1785055688366255
2026-07-31T08:55:40.394Z OK claim_number=361242 claim_id=18f8c2fb-0996-465e-920a-7ca2c1b8623d use=claim fid=FID-29-117658-4 cr=CR7400004069070-9 scheme=SHIF amount=100.00 tx=0x71567f6b0ff2e2aa87407fc84fc3d9ff409a1bbbd1b3f3858f382dcd29391f89 claimNumberOnChain=1785055688366256
2026-07-31T08:55:46.054Z OK claim_number=361243 claim_id=47a5d12f-6d85-4089-886a-a0be659748c5 use=claim fid=FID-29-117658-4 cr=CR8727405005556-7 scheme=SHIF amount=625.00 tx=0x39548bc7ddd9477872854522459f2fb93ccc3e0bebef96a5040a35310319e715 claimNumberOnChain=1785055688366258
2026-07-31T08:55:54.328Z OK claim_number=361244 claim_id=6a571473-d568-45bb-bd62-e422d1f18d0a use=claim fid=FID-20-114807-9 cr=CR1721115910122-8 scheme=SHIF amount=125.00 tx=0x523f25a10152acd5fc532e4880cd0ab97550cf0a4260bdacb5b077b02210d4da claimNumberOnChain=1785055688366259
2026-07-31T08:56:06.881Z OK claim_number=361245 claim_id=e9e8b69c-548d-4fb1-8ce0-267fda1bd82f use=claim fid=FID-29-117658-4 cr=CR4686598781823-1 scheme=SHIF amount=46.95 tx=0x4519be7f5276ce657db01251275dae8cb44976a6d49d495dba46660620a388d7 claimNumberOnChain=1785055688366260
2026-07-31T08:56:12.557Z OK claim_number=361246 claim_id=28a65e33-a434-4548-8148-a317d8c15cb2 use=claim fid=FID-20-114807-9 cr=CR6887920891483-9 scheme=SHIF amount=375.00 tx=0x76b63b6099ad8b48b9c16f7e74c487b18991fda2966d3d65285312ec307c9527 claimNumberOnChain=1785055688366261
2026-07-31T08:56:30.224Z OK claim_number=361247 claim_id=b8487436-acd4-4906-9448-02d13b69326b use=claim fid=FID-29-117658-4 cr=CR4686598781823-1 scheme=SHIF amount=87.50 tx=0x7bb5f62d8fd600612477fc45e0e498b41239e6d52c582ad1a07b7132efcca1f4 claimNumberOnChain=1785055688366262
2026-07-31T08:56:35.896Z OK claim_number=361248 claim_id=969da841-8464-47bc-aac4-638251349f38 use=claim fid=FID-20-114807-9 cr=CR7657763770600-4 scheme=SHIF amount=250.00 tx=0xa824422ede25cef181ed08358162121240f194d2dd7b7ffa66e76c8f77413d73 claimNumberOnChain=1785055688366263
2026-07-31T08:56:48.351Z OK claim_number=361249 claim_id=0d7c569c-5136-4fc8-9641-922027e525c8 use=claim fid=FID-29-117658-4 cr=CR4686598781823-1 scheme=SHIF amount=46.95 tx=0x34f083807bbf23f7f2c093414e986873c5b3ef6ec604e3e9dd2f92f639ddee16 claimNumberOnChain=1785055688366264
2026-07-31T08:56:51.453Z OK claim_number=361250 claim_id=2f9eb4ef-1f18-44ce-a255-7130d055c401 use=claim fid=FID-29-117658-4 cr=CR4686598781823-1 scheme=SHIF amount=87.50 tx=0xd6dd58a7d157bfec829a2635412ecdc4f034bf396c4a8ff8e6c09136fb0de02a claimNumberOnChain=1785055688366265
2026-07-31T08:56:57.146Z OK claim_number=361251 claim_id=21994c4d-a073-45f4-8045-f40048e1f2fe use=claim fid=FID-29-117658-4 cr=CR4686598781823-1 scheme=SHIF amount=46.95 tx=0x7b48361ea8d101e8a23067e395838aab88644880fc23ae24464896e1e3ea2479 claimNumberOnChain=1785055688366266
2026-07-31T08:57:02.746Z OK claim_number=361252 claim_id=28166507-ec65-4c30-a1d6-e74605a1f01c use=claim fid=FID-29-117658-4 cr=CR4686598781823-1 scheme=SHIF amount=87.50 tx=0xde59d3ff3f56995cbd5e37e17053168e47e8a9c90f8edd64d809b3203355f881 claimNumberOnChain=1785055688366267
2026-07-31T08:57:08.368Z OK claim_number=361253 claim_id=66bcd7a7-094b-44bb-97a5-82c0efafde44 use=claim fid=FID-29-117658-4 cr=CR4686598781823-1 scheme=SHIF amount=46.95 tx=0x3e29d538d92c27989bf8a887512df46c74d082c599239b0e2fec3ff8cb3eb6fb claimNumberOnChain=1785055688366268
2026-07-31T08:57:14.009Z OK claim_number=361254 claim_id=b9eba231-7194-4df3-9148-4f4ea8f8f4af use=claim fid=FID-29-117658-4 cr=CR6328473344822-8 scheme=SHIF amount=125.00 tx=0x0eb2a8ab8fb79bab8813efdb229661a86fc02258df2e8b9f5209a627fe4d74f0 claimNumberOnChain=1785055688366269
2026-07-31T08:57:26.812Z OK claim_number=361255 claim_id=6b60b4c6-420d-49fd-b6bd-5b8a9554d815 use=claim fid=FID-29-117658-4 cr=CR4686598781823-1 scheme=SHIF amount=87.50 tx=0x16813af73ef44159d0a53091ab72a450b989bb6ce51bd6e1a69346d301d92fd8 claimNumberOnChain=1785055688366270
2026-07-31T08:57:32.459Z OK claim_number=361256 claim_id=81743c5f-a3de-4c51-855f-498d54c20a84 use=claim fid=FID-29-117658-4 cr=CR1316296922579-4 scheme=SHIF amount=125.00 tx=0x7b26504b1688455b556baeb534bcb7d6514f67c5a22cf401be63f85236f21ec3 claimNumberOnChain=1785055688366271
2026-07-31T08:57:44.964Z OK claim_number=361257 claim_id=4c1adcfc-9378-459f-bdcb-407cd8aa126f use=claim fid=FID-29-117658-4 cr=CR4686598781823-1 scheme=SHIF amount=46.95 tx=0x2367192b1b7242966c1b974d2059f98b22d0652adba9a53d41e1fe9bbb7090d3 claimNumberOnChain=1785055688366272
2026-07-31T08:57:50.737Z OK claim_number=361258 claim_id=378bcee2-ee07-4a2d-90d5-ac2dca015a80 use=claim fid=FID-29-117658-4 cr=CR4686598781823-1 scheme=SHIF amount=87.50 tx=0xcfe6a17a74f3309b887e3c23633a52ae16a60ff6d4af6199e11f666b8310bf0c claimNumberOnChain=1785055688366273
2026-07-31T08:57:56.424Z OK claim_number=361259 claim_id=90b7c538-8583-4c02-a10d-0204d199abaa use=claim fid=FID-29-117658-4 cr=CR9095185186881-0 scheme=SHIF amount=125.00 tx=0x834f4a2c1a3ae03812fdf366b3b339f7b648a28415d8f44eec1935d4f6d3db49 claimNumberOnChain=1785055688366274
2026-07-31T08:58:09.219Z OK claim_number=361260 claim_id=404106b9-5f26-4efe-a1b5-06ec80a50de9 use=claim fid=FID-29-117658-4 cr=CR4686598781823-1 scheme=SHIF amount=46.95 tx=0x4fbb91157d88435558d6ea327e8ebd0c85026fe8f5dce5c44a54887a62da9c58 claimNumberOnChain=1785055688366275
2026-07-31T08:58:14.807Z OK claim_number=361261 claim_id=c6dfcd3b-7036-4cbe-9bc5-da4e99d97162 use=claim fid=FID-29-117658-4 cr=CR4686598781823-1 scheme=SHIF amount=87.50 tx=0x70f1b1d35fb8ee30c8180e3da591250936d6792172dea1fb8cd05bd207b67f4d claimNumberOnChain=1785055688366276
2026-07-31T08:58:20.514Z OK claim_number=361262 claim_id=b90dde65-857c-4cc1-b337-73ec8a2980bb use=claim fid=FID-29-117658-4 cr=CR7466378245968-0 scheme=SHIF amount=125.00 tx=0x2fbb22c0c7961eb3d519889f06567cced3bd83b8f4d8f58a5d09c1d7d51877c7 claimNumberOnChain=1785055688366277
2026-07-31T08:58:32.959Z OK claim_number=361263 claim_id=49a9de81-6fcf-4022-afdb-16574a21aeba use=claim fid=FID-29-117658-4 cr=CR4686598781823-1 scheme=SHIF amount=46.95 tx=0x20e3595580d7d0171cfb04bc4f1dbef5edc5550069248d2b7f0d68e5552cfc75 claimNumberOnChain=1785055688366278
2026-07-31T08:58:38.747Z OK claim_number=361264 claim_id=18bba257-2e1d-44d5-a99c-85bf936ce657 use=claim fid=FID-20-114807-9 cr=CR9357478664341-8 scheme=SHIF amount=250.00 tx=0xf05c4d1375175e5bb2c9c254e3d98e934f8797b3d7b409ae03b7c00bd466f728 claimNumberOnChain=1785055688366279
2026-07-31T08:58:51.313Z OK claim_number=361265 claim_id=a703d00e-0c50-4ef7-aba6-7daee636e9c7 use=claim fid=FID-29-117658-4 cr=CR4686598781823-1 scheme=SHIF amount=87.50 tx=0xb0e3f69089fecaa00df0aa08bd3637c323873d8db719894e0cb26cfb6329b303 claimNumberOnChain=1785055688366280
2026-07-31T08:58:57.021Z OK claim_number=361266 claim_id=54a66455-9d66-4a4f-bc16-e923d179b901 use=claim fid=FID-20-114807-9 cr=CR6760916722154-1 scheme=SHIF amount=250.00 tx=0xda1a6a650cec94ab1f6db698a77f3e25363d10bd5155c5632605ed6d646ffe17 claimNumberOnChain=1785055688366281
2026-07-31T08:59:02.639Z OK claim_number=361267 claim_id=e8654eea-0d1f-4477-b870-731ed3b6bb68 use=claim fid=FID-29-117658-4 cr=CR8727405005556-7 scheme=SHIF amount=100.00 tx=0x4ba801e372ae499b384bfaa143ad85fbba17a4b4bcd83f9d85d994fe5f277ffa claimNumberOnChain=1785055688366282
2026-07-31T08:59:08.262Z OK claim_number=361268 claim_id=8ef07ed3-4d8d-42d5-8f96-abdbc3362c02 use=claim fid=FID-29-117658-4 cr=BZ29728796-3 scheme=SHIF amount=625.00 tx=0x511f18a6986d2fef21281735e749421afdbadedd9301e67f05b43db32672df1f claimNumberOnChain=1785055688366283
2026-07-31T08:59:14.049Z OK claim_number=361269 claim_id=5f8ad7a2-67f2-414e-8c6c-a63f70ef54c9 use=claim fid=FID-20-114807-9 cr=CR6577472026193-9 scheme=SHIF amount=250.00 tx=0x164f49c26bd8b458bd0f049849e14a3fa01cfcb594b82ed26bb4be47e0c46096 claimNumberOnChain=1785055688366284
2026-07-31T08:59:27.664Z OK claim_number=361270 claim_id=87409bc0-9b2a-4127-aa9a-e2298cf62a99 use=claim fid=FID-29-117658-4 cr=CR6509895938248-3 scheme=SHIF amount=100.00 tx=0xb944a3f440a8a97275bbc614381442eff24c71bef900867556c0615600efbad4 claimNumberOnChain=1785055688366285
2026-07-31T08:59:33.268Z OK claim_number=361271 claim_id=b493fb6c-fe85-4bcb-8953-fef438fd9cc3 use=claim fid=FID-20-114807-9 cr=CR0734104311497-0 scheme=SHIF amount=375.00 tx=0x9f9ff0a07694ae1642489aa8f03cae1d39889d753ddc8b6da7dea3fcc9ddd255 claimNumberOnChain=1785055688366286
2026-07-31T08:59:45.745Z OK claim_number=361272 claim_id=5780e639-be46-4db7-858c-0ae71fbaf885 use=claim fid=FID-20-114807-9 cr=CR6963201527420-5 scheme=SHIF amount=250.00 tx=0xf9c0f5e5b9322382cd4dd8b47181fb359598f6e9bb06616862fb14596b73c817 claimNumberOnChain=1785055688366287
2026-07-31T09:00:09.900Z OK claim_number=361273 claim_id=32d2e938-34b0-4447-b608-0cb920fea484 use=claim fid=FID-29-117658-4 cr=CR4686598781823-1 scheme=SHIF amount=46.95 tx=0xf9cf06c87d6b4558e3c00fd6835a3d94d746417e76c870c50567128933461194 claimNumberOnChain=1785055688366288
2026-07-31T09:00:15.500Z OK claim_number=361274 claim_id=67d7ac12-9547-4a05-9364-874146573033 use=claim fid=FID-29-117658-4 cr=CR9141181874955-2 scheme=SHIF amount=125.00 tx=0x195ba9e17d524ba83d2721cc9e29f41fc0c9e842f77b93c3406f774a52ed98b6 claimNumberOnChain=1785055688366289
2026-07-31T09:00:27.955Z OK claim_number=361275 claim_id=4f3148f5-0407-40f6-95fb-bf620835eb40 use=claim fid=FID-29-117658-4 cr=CR4686598781823-1 scheme=SHIF amount=87.50 tx=0xe2de79a62cc9a320b511f695ac3be4ff57efd533b202c9560775afe5fad0e3ea claimNumberOnChain=1785055688366290
2026-07-31T09:00:33.551Z OK claim_number=361276 claim_id=ed25b287-c4f3-4355-bc5c-0b9c2e42aff2 use=claim fid=FID-20-114807-9 cr=CR5044659871661-0 scheme=SHIF amount=375.00 tx=0x0eb4d01b24b29db4a98e9c73194faf1fd69d2df912e258b77efd721eace622a8 claimNumberOnChain=1785055688366291
2026-07-31T09:00:48.780Z OK claim_number=361277 claim_id=abe8051e-28a3-40e2-a5cf-7766c27ae32e use=claim fid=FID-29-117658-4 cr=CR4686598781823-1 scheme=SHIF amount=46.95 tx=0x36af8615be36180972e01e7eda3124ca97329f2b40e6c9d30b8ca949ba9332c6 claimNumberOnChain=1785055688366292
2026-07-31T09:00:54.782Z OK claim_number=361278 claim_id=0ceee61f-f856-4716-ba5c-46f863b04366 use=claim fid=FID-29-117658-4 cr=CR4686598781823-1 scheme=SHIF amount=87.50 tx=0xb4620cfc3fd52bbde446218f2f0fe4c0be4f9e3e5f5fd448b4ce7077751c6895 claimNumberOnChain=1785055688366293
2026-07-31T09:01:01.111Z OK claim_number=361279 claim_id=0511ec06-9fee-4c3e-93cd-d9ad0db5a8d4 use=claim fid=FID-20-114807-9 cr=CR6624380568668-2 scheme=SHIF amount=562.50 tx=0xec6d392a1aa262ed2197c99d103cde9ad898eaefa20e7d1cce64a53e10ea6f75 claimNumberOnChain=1785055688366294
2026-07-31T09:01:13.760Z OK claim_number=361280 claim_id=d334192c-1d4c-42ca-8e75-ddd101d50c11 use=claim fid=FID-29-117658-4 cr=CR4686598781823-1 scheme=SHIF amount=46.95 tx=0x9dd530c58fbbdb5ad7a9f4f446dd1ec52fd39f867e7571c4ffed5aa2dfbce3fc claimNumberOnChain=1785055688366295
2026-07-31T09:01:19.693Z OK claim_number=361281 claim_id=0f05916d-4bb8-4a21-8598-8c2e25cbabe0 use=claim fid=FID-29-117658-4 cr=CR4686598781823-1 scheme=SHIF amount=87.50 tx=0xddf9ceed534e5e1eb35fc3de007011b2111bfa438c40d96699cc1c3401c44763 claimNumberOnChain=1785055688366297
2026-07-31T09:01:27.880Z OK claim_number=361282 claim_id=2197ac6c-ec52-4ee6-b7f4-d0c98e93a820 use=claim fid=FID-29-117658-4 cr=CR4686598781823-1 scheme=SHIF amount=46.95 tx=0xc7a65a606d1b3efb042201f6b9a68458458a37bdff0daa746b4fecddaba50cb8 claimNumberOnChain=1785055688366298
2026-07-31T09:01:33.484Z OK claim_number=361283 claim_id=07f9485d-8e42-421d-bccd-a5ebe56e4d06 use=claim fid=FID-29-117658-4 cr=CR6131116699610-0 scheme=SHIF amount=125.00 tx=0xbaa64f4e4f2dec21beacd23ccfb3cb9cb0e57f99a54a1ffdc3c02cf6862adcf2 claimNumberOnChain=1785055688366299
2026-07-31T09:01:42.125Z OK claim_number=361284 claim_id=76c11641-dd13-433b-8511-164106219364 use=claim fid=FID-29-117658-4 cr=CR4686598781823-1 scheme=SHIF amount=87.50 tx=0xc5205ac38cd37de58c65d21e724ece1f7d88655b99c173f07da1b1bb7cad149c claimNumberOnChain=1785055688366300
2026-07-31T09:01:47.725Z OK claim_number=361285 claim_id=532a07ea-ae47-432f-b695-b0f038d1f345 use=claim fid=FID-29-117658-4 cr=CR7131191088395-8 scheme=SHIF amount=125.00 tx=0x9c58c7b0640cb456c4d8df1ccfd249b3473f55a8056c54ef411ab88ac7d9a4d8 claimNumberOnChain=1785055688366301
2026-07-31T09:02:00.311Z OK claim_number=361286 claim_id=2a610583-376d-4f82-8bf0-d622feb0d41b use=claim fid=FID-29-117658-4 cr=CR2133338329696-4 scheme=SHIF amount=125.00 tx=0xa72d3cbdd9fb8d6f5c2d80aeb247d853e8ec3278a5e690ec16474695d7c4876c claimNumberOnChain=1785055688366302
2026-07-31T09:02:13.246Z OK claim_number=361287 claim_id=2ad6a70c-bd5f-45b0-84e6-86607fba206f use=claim fid=FID-29-117658-4 cr=CR8727405005556-7 scheme=SHIF amount=625.00 tx=0xf628792c54c97b012eedc02133c00b183ed5edb3d8ee5a7d3c77474441fecf30 claimNumberOnChain=1785055688366303
2026-07-31T09:02:18.824Z OK claim_number=361288 claim_id=8a5d230a-0f3e-4296-86c7-3d135aae85fd use=claim fid=FID-20-114807-9 cr=CR4310871296752-5 scheme=SHIF amount=1000.00 tx=0x2c7a79edf1e9d6b4ea93c85ec5127d415de8b120260eb3ccce3ce994fa1e098d claimNumberOnChain=1785055688366304
2026-07-31T09:02:31.542Z OK claim_number=361289 claim_id=ff1c5630-c6af-40d0-acc7-9a89686c276c use=claim fid=FID-29-117658-4 cr=CR8727405005556-7 scheme=SHIF amount=600.00 tx=0x89113a02433845d40d86ccf26ea4a7459b3ead2a3d0060c32f649b1426934dab claimNumberOnChain=1785055688366305
2026-07-31T09:02:37.280Z OK claim_number=361290 claim_id=244173bb-7e42-4b6d-812e-284e52195304 use=claim fid=FID-20-114807-9 cr=CR9085428777128-7 scheme=SHIF amount=250.00 tx=0xa08c4d4ef0fa8a905be2cfa65c3d8cadb04f153ae7fc99d785fac07c1a74a633 claimNumberOnChain=1785055688366306
2026-07-31T09:02:49.723Z OK claim_number=361291 claim_id=423ee820-45ed-4765-84c7-3c1f0158a7b3 use=claim fid=FID-29-117658-4 cr=CR8727405005556-7 scheme=SHIF amount=500.00 tx=0x364f00783b35499c2733df3599bb7272f7c9c55d332f7652296d890af0b83fb0 claimNumberOnChain=1785055688366307
2026-07-31T09:02:55.396Z OK claim_number=361292 claim_id=57e4fab9-1446-43c2-b7d3-b897c427cda2 use=claim fid=FID-29-117658-4 cr=CR3928672760384-2 scheme=SHIF amount=100.00 tx=0xaf3f0827715f5e3bfc77af8dcf89bb468ce6b79eceef06ae8d3bbecc0beac64e claimNumberOnChain=1785055688366308
2026-07-31T09:03:01.484Z OK claim_number=361293 claim_id=b2c68c63-f6d7-40d2-9070-c66e4015ec35 use=claim fid=FID-29-117658-4 cr=CR7860562929831-4 scheme=SHIF amount=100.00 tx=0x26e6a303d4ac1fe116c42ffd813b37e227db36cd20a639d973085ded72ebc49b claimNumberOnChain=1785055688366309
2026-07-31T09:03:07.170Z OK claim_number=361294 claim_id=6598db11-6229-4ae8-b6a3-a1cd5dfeb42f use=claim fid=FID-20-114807-9 cr=CR3659209155157-1 scheme=SHIF amount=125.00 tx=0x7aebf83d1cdb93754853fb2050b95bacfc4695e5f254883661df69cb7096b182 claimNumberOnChain=1785055688366310
2026-07-31T09:03:19.644Z OK claim_number=361295 claim_id=669918ef-7fc1-45ea-b2a9-7742460743ec use=claim fid=FID-29-117658-4 cr=CR9075906934472-6 scheme=SHIF amount=125.00 tx=0x16c97129a410be7b9aad9ae4c7077c3039d01c87386fcc1ceb25b61dd3540100 claimNumberOnChain=1785055688366311
2026-07-31T09:03:32.072Z OK claim_number=361296 claim_id=17c7153b-0f5d-40a3-98e2-5c5e4a098aed use=claim fid=FID-29-117658-4 cr=CR8727405005556-7 scheme=SHIF amount=266.05 tx=0xc052a76f2c416f4c6bb25491fa2d838a25ff7ecb8f663093145bc7d0949a2ec8 claimNumberOnChain=1785055688366312
2026-07-31T09:03:38.981Z OK claim_number=361297 claim_id=5c2ae079-1833-4667-8faa-3e24e7ebdf27 use=claim fid=FID-29-117658-4 cr=CR8727405005556-7 scheme=SHIF amount=266.05 tx=0x27da3034ada22be645bbaa2b5813773ad24c05babc1fc4c8049d66b764f52ee3 claimNumberOnChain=1785055688366313
2026-07-31T09:03:45.095Z OK claim_number=361298 claim_id=c3785814-912e-4ba7-8c43-dcab5f77bbaa use=claim fid=FID-29-117658-4 cr=CR0933217156566-9 scheme=SHIF amount=125.00 tx=0xd3189dc6221e5f10d8ac2ef32392c6166066b198ff92f6a05382e8bd768aa0b6 claimNumberOnChain=1785055688366315
2026-07-31T09:04:01.284Z OK claim_number=361299 claim_id=75369d9b-65be-45c3-bf63-233a159ec0ca use=claim fid=FID-20-114807-9 cr=CR6081356218602-1 scheme=SHIF amount=250.00 tx=0xfab173e8e75462c6eae1e231da801d75325bc2ce0b5d982abf2acef34c1c7ab6 claimNumberOnChain=1785055688366316
2026-07-31T09:04:24.083Z OK claim_number=361300 claim_id=c5c9bacd-2dfa-4e53-a5e8-c24e7f1de0ce use=claim fid=FID-29-117658-4 cr=CR8706882107674-0 scheme=SHIF amount=100.00 tx=0xb4e358d76c9dea494fb334a7845543f81e5d45b5c6128a5993d1c41c8a5e65c5 claimNumberOnChain=1785055688366317
2026-07-31T09:04:29.711Z OK claim_number=361301 claim_id=6249ecf5-5d6e-4ef7-9e88-a5d4bec3fc38 use=claim fid=FID-29-117658-4 cr=CR4195890425516-8 scheme=SHIF amount=75.00 tx=0x31c86859a3fd95f874e43b40781a286fc978ae00004941848676c0eacd134cb5 claimNumberOnChain=1785055688366318
2026-07-31T09:04:35.733Z OK claim_number=361302 claim_id=8c451376-2c80-4916-a773-39121d3ace9e use=claim fid=FID-20-114807-9 cr=CR0896293119462-3 scheme=SHIF amount=1250.00 tx=0x6c6d5b45a049fb513cd829ddbf431910d577cef56d0ced01f0c50d61fac47078 claimNumberOnChain=1785055688366319
2026-07-31T09:04:48.199Z OK claim_number=361303 claim_id=6f54b069-2ac5-479b-a8d3-157a9db410d1 use=claim fid=FID-29-117658-4 cr=CR4195890425516-8 scheme=SHIF amount=22.50 tx=0x451f6f0f761799e1a395dc99221f000a14cadda219b97ecc37342284a3c0a4e8 claimNumberOnChain=1785055688366320
2026-07-31T09:04:53.890Z OK claim_number=361304 claim_id=a93c0b03-de63-4a74-80b2-b2b29c7a2a98 use=claim fid=FID-29-117658-4 cr=CR4195890425516-8 scheme=SHIF amount=75.00 tx=0x2288b0c5b6e45171fb91bfec7e1d1d8f0197fdc99fab51deb1e4a3844a497821 claimNumberOnChain=1785055688366321
2026-07-31T09:04:59.584Z OK claim_number=361305 claim_id=f7e44b3b-cf85-4df6-83e3-3c615890cbf7 use=claim fid=FID-29-117658-4 cr=CR4195890425516-8 scheme=SHIF amount=22.50 tx=0x7c866facbf737ab4dc3faad3fa28171ccc12e09175bbe42258a3568f5f9620a6 claimNumberOnChain=1785055688366322
2026-07-31T09:05:05.178Z OK claim_number=361306 claim_id=c8a6e6f4-c586-466f-abf0-fc0440663951 use=claim fid=FID-20-114807-9 cr=CR7104418209457-0 scheme=SHIF amount=125.00 tx=0x2ab836935a24e512c8b85b05c523fb59caf9dd905cb12d2dee81f8ad0a47fd63 claimNumberOnChain=1785055688366323
2026-07-31T09:05:18.295Z OK claim_number=361307 claim_id=aa884293-c553-4ff2-aadb-b95e3e806ed8 use=claim fid=FID-29-117658-4 cr=CR4195890425516-8 scheme=SHIF amount=75.00 tx=0x19b35b4f819b85feaf77ee1a2813dd45c739e11acd1c6c0a5b24005557267cee claimNumberOnChain=1785055688366324
2026-07-31T09:05:23.924Z OK claim_number=361308 claim_id=710605c9-d914-4f1a-a71e-a96bdbca0a3a use=claim fid=FID-29-117658-4 cr=CR8200720725798-2 scheme=SHIF amount=125.00 tx=0x015eaa14ce2ebeb1163bdd4579b253b7e2980ab7dbc6775293a5c3edf479224d claimNumberOnChain=1785055688366325
2026-07-31T09:05:36.512Z OK claim_number=361309 claim_id=fa41e778-b95b-460b-8b97-12d1cdc761ff use=claim fid=FID-29-117658-4 cr=CR4195890425516-8 scheme=SHIF amount=22.50 tx=0xfcefe68b830abfeec3fd7ad08f496b917b98d68230ee337cb114d64334932de2 claimNumberOnChain=1785055688366326
2026-07-31T09:05:42.183Z OK claim_number=361310 claim_id=9b7747fa-6791-40ef-8efe-a80b10ffdca5 use=claim fid=FID-29-117658-4 cr=CR4195890425516-8 scheme=SHIF amount=75.00 tx=0xb2592784a58302c94eaf327ad422927b46f5ad2711cdc284e517e8673dbab709 claimNumberOnChain=1785055688366328
2026-07-31T09:05:50.949Z OK claim_number=361311 claim_id=cf7c483f-d9dc-4356-bb99-2984e9f798bf use=claim fid=FID-20-114807-9 cr=CR0217892164110-3 scheme=SHIF amount=281.25 tx=0xa58edd5e7ee99cdab7da31e60c28396d59ed86bb16310df712ac1b9cde9a4162 claimNumberOnChain=1785055688366329
2026-07-31T09:06:08.998Z OK claim_number=361312 claim_id=7b19afcc-9093-44c8-a38f-b74a9aa8a26c use=claim fid=FID-29-117658-4 cr=CR4195890425516-8 scheme=SHIF amount=22.50 tx=0x3979d9f57fd4eb48806f8f9373306c52ea2ceacdd862fbec582baec5f11f591b claimNumberOnChain=1785055688366330
2026-07-31T09:06:14.658Z OK claim_number=361313 claim_id=4b37fa15-ce56-4463-8bb2-000efb2487bf use=claim fid=FID-29-117658-4 cr=CR7697680196665-1 scheme=SHIF amount=125.00 tx=0xc84df2648d11783b86feac74cb6ef586d230cf39a85e782e6dd39cf215d85577 claimNumberOnChain=1785055688366331
2026-07-31T09:06:27.100Z OK claim_number=361314 claim_id=675e007b-396c-4d64-bf36-d521c328a02d use=claim fid=FID-29-117658-4 cr=CR4195890425516-8 scheme=SHIF amount=22.50 tx=0xfc4a15d80df1752621df8b8c5fca910ccdc3930a26dd98f4c360950079e303ab claimNumberOnChain=1785055688366332
2026-07-31T09:06:32.692Z OK claim_number=361315 claim_id=4ceb2b9b-be1b-49ab-9df3-6d9f4c7c3628 use=claim fid=FID-29-117658-4 cr=CR4195890425516-8 scheme=SHIF amount=75.00 tx=0x79dd682ca1d41824ad4da81b74f0535f8b2cda3168bbdbf25f37720f2926974d claimNumberOnChain=1785055688366333
2026-07-31T09:06:39.044Z OK claim_number=361316 claim_id=aaf1040f-cd5f-42ca-9edb-14b180c5b478 use=claim fid=FID-29-117658-4 cr=CR0597975760735-8 scheme=SHIF amount=100.00 tx=0xa0886e98923a3152532c174ea293bec772e7b3b140ed33681f89a16ff4a75259 claimNumberOnChain=1785055688366334
2026-07-31T09:06:45.596Z OK claim_number=361317 claim_id=58dd367a-ecea-48b8-99ee-8925620c9d9b use=claim fid=FID-20-114807-9 cr=CR1595031033328-5 scheme=SHIF amount=125.00 tx=0x8b7254c441a582a560d161ef7916731331f8f7e319034525d8284cfa4411e363 claimNumberOnChain=1785055688366335
2026-07-31T09:06:58.412Z OK claim_number=361318 claim_id=d2270268-bd52-483d-8649-94e5a48be067 use=claim fid=FID-29-117658-4 cr=CR9645760706984-8 scheme=SHIF amount=100.00 tx=0xda7741e8a214a8de47c2fc648a3b6c021ddaf4ec8e72ef9e56960e9394b5d452 claimNumberOnChain=1785055688366336
2026-07-31T09:07:04.044Z OK claim_number=361319 claim_id=3a3a1bf2-fd4e-485b-9d52-24ab3005631b use=claim fid=FID-29-117658-4 cr=CR8465668487331-1 scheme=SHIF amount=125.00 tx=0x1fc369567a4c3efc0120c053fea95507acfd43cd62345cf1754debe93cf4d27e claimNumberOnChain=1785055688366337
2026-07-31T09:07:16.425Z OK claim_number=361320 claim_id=47ae5768-7b34-499b-9235-52d5b32d4c23 use=claim fid=FID-29-117658-4 cr=CR4195890425516-8 scheme=SHIF amount=100.00 tx=0x527644a85706dd04a573cb51552234f2998291be7f4cc1927c52e11b89a6125e claimNumberOnChain=1785055688366338
2026-07-31T09:07:22.085Z OK claim_number=361321 claim_id=dc2c93dd-aaa3-4efb-8b24-d87fd57ce6cf use=claim fid=FID-29-117658-4 cr=CR2076038691424-6 scheme=SHIF amount=125.00 tx=0xf30405c27714c8d86dd425fe10520424514569091995e67fe102d75603df622c claimNumberOnChain=1785055688366339
2026-07-31T09:07:34.595Z OK claim_number=361322 claim_id=c511551d-9e3f-482d-bbbd-c5e8b7ce8d82 use=claim fid=FID-29-117658-4 cr=CR5741431600340-9 scheme=SHIF amount=100.00 tx=0x414e95b43efba9aa630456630a751f1d14fd8bfc3e5beed037e7dca26858502a claimNumberOnChain=1785055688366340
2026-07-31T09:07:40.296Z OK claim_number=361323 claim_id=6dec77a2-21ee-4c2e-98c4-c5274c5f8dc8 use=claim fid=FID-29-117658-4 cr=CR0876008986796-0 scheme=SHIF amount=125.00 tx=0x0bc02ba50847b66b5799a2bf7acfaaa2982afcd129ba7c5b7e152178a8c9c9e4 claimNumberOnChain=1785055688366342
2026-07-31T09:07:48.528Z OK claim_number=361324 claim_id=a77bb50a-7edf-4410-9ced-6d8973ee6bf7 use=claim fid=FID-20-114807-9 cr=CR4254793385630-9 scheme=SHIF amount=125.00 tx=0x5fd06a50ac4c45757f9c2d7e78f53a5a2048e86abafff8d67522faddf14b60b7 claimNumberOnChain=1785055688366343
2026-07-31T09:08:01.210Z OK claim_number=361325 claim_id=f0434f4d-3fad-4967-98fa-36e8fa7cb4d1 use=claim fid=FID-29-117658-4 cr=CR8706882107674-0 scheme=SHIF amount=100.00 tx=0x0f3d6127e49560aca787571bdf5de312ee85ffe90b36d9c6b2678197588e215f claimNumberOnChain=1785055688366344
2026-07-31T09:08:07.133Z OK claim_number=361326 claim_id=82b57086-d48d-4705-8c95-0079faa22b48 use=claim fid=FID-29-117658-4 cr=CR8706882107674-0 scheme=SHIF amount=100.00 tx=0xb18228d9ab7e63961f1f7e749ce160422660bc2e981012320177ec888343c767 claimNumberOnChain=1785055688366345
2026-07-31T09:08:12.730Z OK claim_number=361327 claim_id=bd50d170-1d91-49eb-9869-7415b0ac77a7 use=claim fid=FID-20-114807-9 cr=CR8180211923436-3 scheme=SHIF amount=125.00 tx=0x0991b75e4152f01c88445660c9906828f8da93f6a396aa1ceea4d67bd5f31305 claimNumberOnChain=1785055688366346
2026-07-31T09:08:25.248Z OK claim_number=361328 claim_id=2cbc8eef-02c8-43be-a688-75969a2d87f9 use=claim fid=FID-29-117658-4 cr=CR1043906218806-8 scheme=SHIF amount=125.00 tx=0xb79eb3469d94f8a41163e7664f29cdb1354aaf92bba36d6d1437da7829e0f46e claimNumberOnChain=1785055688366347
2026-07-31T09:08:37.924Z OK claim_number=361329 claim_id=8e92959e-d69e-4bed-a241-ce2085ca950a use=claim fid=FID-29-117658-4 cr=CR8706882107674-0 scheme=SHIF amount=100.00 tx=0xc8d25f2b67352883d4f364f4728a86a33688901d4b60f8ca6e58dbde74b04ea6 claimNumberOnChain=1785055688366348
2026-07-31T09:08:43.528Z OK claim_number=361330 claim_id=3ddba865-9d8f-41ad-80e4-c21ee02ea85a use=claim fid=FID-29-117658-4 cr=CR7400004069070-9 scheme=SHIF amount=100.00 tx=0xc0e0d9d2754474d35edc2d88f7373c9d6e38bc4c057e37f116cd292cc2d11fd3 claimNumberOnChain=1785055688366349
2026-07-31T09:08:49.125Z OK claim_number=361331 claim_id=6bc4a68f-22fb-4c69-8882-90663b892656 use=claim fid=FID-20-114807-9 cr=CR3756008902233-4 scheme=SHIF amount=778.17 tx=0x25a1bd17c3486a1694fd87a9c76c9b6a9bde64548ef8edd20d3ddfce221df017 claimNumberOnChain=1785055688366350
2026-07-31T09:09:02.003Z OK claim_number=361332 claim_id=0034411d-23e2-400a-b6c3-9d48491d6184 use=claim fid=FID-29-117658-4 cr=CR8727405005556-7 scheme=SHIF amount=625.00 tx=0x0c016ce66d8628c85b1d71fcf4e51ac9137d275a4952184b5c910976eb2f1796 claimNumberOnChain=1785055688366351
2026-07-31T09:09:07.646Z OK claim_number=361333 claim_id=254f625e-a4aa-46e4-9e6f-b5090e0037b9 use=claim fid=FID-20-114807-9 cr=CR5561456694076-0 scheme=SHIF amount=250.00 tx=0x7a86a95bb8a7547ba497a03bd9224f8e75a3c8358c636e5d62cbdb405224ba9c claimNumberOnChain=1785055688366352
2026-07-31T09:09:20.121Z OK claim_number=361334 claim_id=5e76db8b-c2e0-477c-a3cd-5f0e0587c6b7 use=claim fid=FID-29-117658-4 cr=CR8727405005556-7 scheme=SHIF amount=625.00 tx=0xb8fc1745ec715bc91f38f6cbc8d42b29becce86fc10009a41f45d7c3ac5722fc claimNumberOnChain=1785055688366353
2026-07-31T09:09:25.805Z OK claim_number=361335 claim_id=c5e3379c-15df-40af-a2c5-85180a656b94 use=claim fid=FID-20-114807-9 cr=CR0138399027845-3 scheme=SHIF amount=375.00 tx=0x920272abc97f0020fb6599a078553cffc81f6caf55abd1976cf7b91ddd263d9e claimNumberOnChain=1785055688366354
2026-07-31T09:09:49.174Z OK claim_number=361336 claim_id=678946cf-7bcc-4eb7-944b-7d9e419b39a6 use=claim fid=FID-29-117658-4 cr=CR8727405005556-7 scheme=SHIF amount=62.50 tx=0xaad23f239e7d79e592c58948e48b48d5efb25e979ce6176753f919be8ce09c40 claimNumberOnChain=1785055688366355
2026-07-31T09:09:54.807Z OK claim_number=361337 claim_id=2bcd44a5-8840-4885-a29f-41e814f182d8 use=claim fid=FID-29-117658-4 cr=CR8727405005556-7 scheme=SHIF amount=37.50 tx=0xf1bb96b90c818dec0073dc2593ca5132110aaf7c967b550000e6b9600cb0b704 claimNumberOnChain=1785055688366356
2026-07-31T09:10:00.832Z OK claim_number=361338 claim_id=c162acd6-a92e-4d88-8136-a013e0644c01 use=claim fid=FID-29-117658-4 cr=CR8727405005556-7 scheme=SHIF amount=62.50 tx=0xc17d909408977484cc9895cbfdb73e0f1dc9a5afaa4dd5d9fa3355030d848bb7 claimNumberOnChain=1785055688366357
2026-07-31T09:10:06.616Z OK claim_number=361339 claim_id=b5fe7b9e-61ee-4663-a76a-c464b0eb1829 use=claim fid=FID-20-114807-9 cr=CR4521083850061-6 scheme=SHIF amount=250.00 tx=0x2ea03efc36805462cdd9d93867c27425edfb9ce99e08d55018ac00501692562b claimNumberOnChain=1785055688366358
2026-07-31T09:10:19.761Z OK claim_number=361340 claim_id=0c2d3900-8d70-484d-a9e4-f9f856ac14cc use=claim fid=FID-29-117658-4 cr=CR8727405005556-7 scheme=SHIF amount=37.50 tx=0x516b4cce5f40abe60b06bb7106c841b9b79b019740c20895ac97493016d2054a claimNumberOnChain=1785055688366359
2026-07-31T09:10:25.407Z OK claim_number=361341 claim_id=4f6c9ac4-4056-4725-93df-fcb2d6297b48 use=claim fid=FID-29-117658-4 cr=CR8727405005556-7 scheme=SHIF amount=100.00 tx=0xe2d5e79c2b86c1f95fb62c5090b1d9451f61f99b8fe5fdc53ffaec1801f87b41 claimNumberOnChain=1785055688366360
2026-07-31T09:10:31.013Z OK claim_number=361342 claim_id=f5d71a8a-4572-48dc-b531-67c9561f8653 use=claim fid=FID-29-117658-4 cr=CR7400004069070-9 scheme=SHIF amount=100.00 tx=0x04c0f6a6d0bc33767e2fcf060165a04db93e36ea9b0720933c7f3c675790502b claimNumberOnChain=1785055688366361
2026-07-31T09:10:36.929Z OK claim_number=361343 claim_id=79891621-0617-4b87-9dab-cec723dcb3cc use=claim fid=FID-29-117658-4 cr=CR3256370334707-4 scheme=SHIF amount=625.00 tx=0x1139bfc2c6cd142f2130c4bcb7173b23d620f60f7697b6b458433c6dfc793f13 claimNumberOnChain=1785055688366362
2026-07-31T09:10:42.799Z OK claim_number=361344 claim_id=d3ee0b01-ac2d-4869-b31a-c4b74f1870db use=claim fid=FID-29-117658-4 cr=CR3928672760384-2 scheme=SHIF amount=6.25 tx=0xa391e60fb5466e21cddcd83bb39ca294f841f12a5e723aef386f6934fcd4e728 claimNumberOnChain=1785055688366363
2026-07-31T09:10:48.780Z OK claim_number=361345 claim_id=e8a14176-b557-4ae8-8a5a-2015a93c7544 use=claim fid=FID-29-117658-4 cr=CR3928672760384-2 scheme=SHIF amount=6.25 tx=0xacb99584b06557e23d093bc3dade3264e5e25f640d0377aa7c3d5a8288b2c3b6 claimNumberOnChain=1785055688366364
2026-07-31T09:10:54.459Z OK claim_number=361346 claim_id=000f88a0-a9f6-4528-b396-7c364c397d61 use=claim fid=FID-29-117658-4 cr=CR4925764247277-7 scheme=SHIF amount=100.00 tx=0xc67c8934553d5df670e3959b957d9c9ad344c9b1fb2a148affde9000085b25b9 claimNumberOnChain=1785055688366365
2026-07-31T09:11:00.102Z OK claim_number=361347 claim_id=ae171603-44ac-413c-ac35-b59adb237626 use=claim fid=FID-29-117658-4 cr=CR4037947014271-7 scheme=SHIF amount=46.95 tx=0x613cce1a72414e30562de65cfa436d018a5b31b4323a9df7aed86e7f9133f895 claimNumberOnChain=1785055688366366
2026-07-31T09:11:06.239Z OK claim_number=361348 claim_id=ff8200ec-ad5e-435a-9293-c3dbb9066771 use=claim fid=FID-29-117658-4 cr=CR4037947014271-7 scheme=SHIF amount=250.00 tx=0x2fa067a2e5c37a1935385a75bef1ef5220b7ef4031ddee8e548bae7554683d9b claimNumberOnChain=1785055688366367
2026-07-31T09:11:11.871Z OK claim_number=361349 claim_id=00bf5b43-54dd-4f3e-8ca2-172db08b0604 use=claim fid=FID-29-117658-4 cr=CR4037947014271-7 scheme=SHIF amount=46.95 tx=0xe57d0b449fafae5b36c744865b1120072ea5e3cf8b7b0c04b8330de4c6159270 claimNumberOnChain=1785055688366368
2026-07-31T09:11:17.466Z OK claim_number=361350 claim_id=5991d4a4-3e70-4ec8-b255-79d12790add5 use=claim fid=FID-29-117658-4 cr=CR4037947014271-7 scheme=SHIF amount=250.00 tx=0x87097876b43f7f9617ec613a2793681c6938937bce76339adeba85ec75983577 claimNumberOnChain=1785055688366369
2026-07-31T09:11:23.419Z OK claim_number=361351 claim_id=abe0c995-e38b-4290-9ff1-ae3186ff75c0 use=claim fid=FID-29-117658-4 cr=CR7400584309629-3 scheme=SHIF amount=100.00 tx=0x020b55885d83afc37b0ff6b43cb4d9d642d38333fa97cb261db78a107ad348ad claimNumberOnChain=1785055688366370
2026-07-31T09:11:29.034Z OK claim_number=361352 claim_id=3e8f67d2-4b3e-419c-91ec-60a731774f33 use=claim fid=FID-29-117658-4 cr=CR6913688396647-0 scheme=SHIF amount=125.00 tx=0xf692d6a0a9f5530d6c0495fcb1e52d46975fb907f53b2eacb7b661f1692245ed claimNumberOnChain=1785055688366371
2026-07-31T09:11:41.773Z OK claim_number=361353 claim_id=a6d801c8-e423-4e84-9738-3ac3a2413641 use=claim fid=FID-29-117658-4 cr=CR4457080300364-4 scheme=SHIF amount=500.00 tx=0x144ea4e76ca35fd7bb766b223924c2c99dd6406a464f842dd7997591bc9a8cdb claimNumberOnChain=1785055688366372
2026-07-31T09:11:47.460Z OK claim_number=361354 claim_id=645ee426-246d-45af-a1a3-89b4febfd0bf use=claim fid=FID-20-114807-9 cr=CR7234927256091-2 scheme=SHIF amount=125.00 tx=0x97ca84733b61e4e92fb32f065bed436da2fa81dd16c6aebe2a26a08642d7b589 claimNumberOnChain=1785055688366373
2026-07-31T09:11:59.969Z OK claim_number=361355 claim_id=6389fe2a-42ec-42e8-bbae-9ef944eccfe2 use=claim fid=FID-29-117658-4 cr=CR9645760706984-8 scheme=SHIF amount=100.00 tx=0x2e3126f47ccc27c9e3eadb18467e432b48cc840427e42be09387a66b3e36165a claimNumberOnChain=1785055688366374
2026-07-31T09:12:05.704Z OK claim_number=361356 claim_id=39739175-bef7-49a5-aecf-76973ae1a1a5 use=claim fid=FID-20-114807-9 cr=CR7784805985874-1 scheme=SHIF amount=125.00 tx=0x8dfbd87b62bee32cc52495522de05d9dcd16c91b7b8cbb97832255c66dbc14c7 claimNumberOnChain=1785055688366375
2026-07-31T09:12:13.978Z OK claim_number=361357 claim_id=457e8c29-97c0-4f8f-97ba-95791b6743b4 use=claim fid=FID-29-117658-4 cr=CR9645760706984-8 scheme=SHIF amount=125.00 tx=0x0f2ce14355128e89391bcdbc35d58520e622706e8cbf799d8ad36bd604410a76 claimNumberOnChain=1785055688366376
2026-07-31T09:12:19.624Z OK claim_number=361358 claim_id=201c653f-c677-4547-b689-46c48fa3a3a9 use=claim fid=FID-29-117658-4 cr=CR7860562929831-4 scheme=SHIF amount=1312.50 tx=0xc74be7a7cbb0a4d79aca4b6cd9b1b5fb242cbc3b24078347e67d1684a85a80f2 claimNumberOnChain=1785055688366377
2026-07-31T09:12:25.184Z OK claim_number=361359 claim_id=861514a6-5951-493f-bca4-4cb064a04f8d use=claim fid=FID-20-114807-9 cr=CR2394335437058-6 scheme=SHIF amount=250.00 tx=0xf7b2d3384faf6af024c1ed3d256f607fab3786944036b08aa0b2c09c4c395a7b claimNumberOnChain=1785055688366378
2026-07-31T09:12:37.681Z OK claim_number=361360 claim_id=20c406f7-7b64-4e7d-9fd7-79ccd2b5ef05 use=claim fid=FID-29-117658-4 cr=CR7860562929831-4 scheme=SHIF amount=218.75 tx=0xd3502cb6fe90d325e4c47454259249d116aa9512d8fabc7141adfa4e95b10092 claimNumberOnChain=1785055688366379
2026-07-31T09:12:43.286Z OK claim_number=361361 claim_id=8516eda9-d2c7-4efd-b793-96cfede25d93 use=claim fid=FID-29-117658-4 cr=CR7860562929831-4 scheme=SHIF amount=34.40 tx=0x933e3b0365e38986bae70a14f76177d5e3c986f11d57e104f6d6ed0a635e59f3 claimNumberOnChain=1785055688366380
2026-07-31T09:12:48.924Z OK claim_number=361362 claim_id=09da9312-9933-41a8-8ead-0308ef8b8401 use=claim fid=FID-20-114807-9 cr=CR2727577752030-7 scheme=SHIF amount=1595.00 tx=0x375283bf7a954c964de259f82a75a73701a4fdb14b7aac09355f0399acf93733 claimNumberOnChain=1785055688366382
2026-07-31T09:13:11.469Z OK claim_number=361363 claim_id=a0d6e2ca-a821-48ea-8704-31e32fb998b3 use=claim fid=FID-29-117658-4 cr=CR7860562929831-4 scheme=SHIF amount=1312.50 tx=0xede2bf6fe451acde1efec9b2937fc1111201ab81f1f093d685df6367d1a8624d claimNumberOnChain=1785055688366383
2026-07-31T09:13:17.140Z OK claim_number=361364 claim_id=8c94aab6-307f-410d-803b-bcc61984bc78 use=claim fid=FID-29-117658-4 cr=CR7860562929831-4 scheme=SHIF amount=218.75 tx=0x0cbf762ba8a97615a3cc942bd8c669237298a2c13bca0f4f42044711092a5738 claimNumberOnChain=1785055688366384
2026-07-31T09:13:22.781Z OK claim_number=361365 claim_id=d0201e8a-5b6c-4491-997c-cb13d0b86007 use=claim fid=FID-29-117658-4 cr=CR7860562929831-4 scheme=SHIF amount=34.40 tx=0x75fd59fc8e3cdb93bd603f7b798beae9c3e13e010f3c22a892d6262b55f19fdc claimNumberOnChain=1785055688366385
2026-07-31T09:13:28.369Z OK claim_number=361366 claim_id=97cda33a-5e1c-469c-8c10-31cf492ee6f8 use=claim fid=FID-29-117658-4 cr=CR9670087223531-7 scheme=SHIF amount=125.00 tx=0x13df0ae93cdcf194399110b8ce87da8160d8003dc18b12cc052e5000f4a9a69a claimNumberOnChain=1785055688366386
2026-07-31T09:13:41.783Z OK claim_number=361367 claim_id=e1d5401d-2b0f-42db-baad-dce17fc5671e use=claim fid=FID-29-117658-4 cr=BZ22334289-0 scheme=SHIF amount=192.64 tx=0x368f5b828d0910915a6c7be41be5434f5e1760aad6ac7b92fe7a2c0ded3516c3 claimNumberOnChain=1785055688366387
2026-07-31T09:13:47.353Z OK claim_number=361368 claim_id=bf318011-c10e-425e-ab76-d4a83aed67b8 use=claim fid=FID-29-117658-4 cr=BZ22334289-0 scheme=SHIF amount=250.00 tx=0xc6f281a28932d6d055b719aaf36d5c3a8cf82be9a6de72218599bd6a73b6d06b claimNumberOnChain=1785055688366388
2026-07-31T09:13:53.098Z OK claim_number=361369 claim_id=6bbdd646-d24b-4b00-9c27-58863b6e9e42 use=claim fid=FID-20-114807-9 cr=CR4959531912803-6 scheme=SHIF amount=375.00 tx=0x10e370d6727516f89ac722c793a720cb53d5364972e6a9abca09a3ff4e332463 claimNumberOnChain=1785055688366389
2026-07-31T09:14:10.701Z OK claim_number=361370 claim_id=800231c2-8417-4c90-b30c-f26261039c22 use=claim fid=FID-29-117658-4 cr=CR7247657794496-0 scheme=SHIF amount=125.00 tx=0xb4456788a50a84fd84bba49c731e65fb89f38257c762fdaa7079e81c3bb5e506 claimNumberOnChain=1785055688366391
2026-07-31T09:14:25.952Z OK claim_number=361371 claim_id=fd74b9c8-5055-455c-bd89-7228477f115b use=claim fid=FID-29-117658-4 cr=BZ22334289-0 scheme=SHIF amount=192.64 tx=0xd1f0aa7025a60a1208955a533ddf402624988eb24902d57704e034abf622a8f8 claimNumberOnChain=1785055688366392
2026-07-31T09:14:31.564Z OK claim_number=361372 claim_id=247fdb7d-5263-42c3-87e4-3c154a5d2076 use=claim fid=FID-29-117658-4 cr=BZ22334289-0 scheme=SHIF amount=250.00 tx=0x3679347399a29320664d5f36763d7190a85a207c50f84d3b05b93e123e335e6e claimNumberOnChain=1785055688366393
2026-07-31T09:14:37.224Z OK claim_number=361373 claim_id=699276fc-2487-4291-8c49-4ca2f638dd49 use=claim fid=FID-29-117658-4 cr=CR3267503196851-0 scheme=SHIF amount=125.00 tx=0x04a3a480219dec0e0725293cfed7aa47d8f88ba2d36aca246081dcfdd01d2ace claimNumberOnChain=1785055688366394
2026-07-31T09:14:46.209Z OK claim_number=361374 claim_id=959f2f2b-5d8d-4ec4-8ac7-817619d04110 use=claim fid=FID-29-117658-4 cr=BZ22334289-0 scheme=SHIF amount=192.64 tx=0x8dc8ba262b61da9b30c24e963da49c89ed3ae538bbf294a70212e71079b9c21f claimNumberOnChain=1785055688366395
2026-07-31T09:14:52.244Z OK claim_number=361375 claim_id=299f23d2-82d3-4269-a16e-2cfece3a20de use=claim fid=FID-29-117658-4 cr=BZ22334289-0 scheme=SHIF amount=250.00 tx=0x54aa5792f902dffe356e8d3893eff2e953572f5e6ce5f4b44ded85e91e62be48 claimNumberOnChain=1785055688366396
2026-07-31T09:14:57.841Z OK claim_number=361376 claim_id=f8bea3f4-919f-4b4a-a556-fae65aac238a use=claim fid=FID-29-117658-4 cr=CR7559028631034-2 scheme=SHIF amount=125.00 tx=0x10f229cd56f11c9f4c6246cc3efd190a079dd11b7f7af5c658c2ddc68b0dc60f claimNumberOnChain=1785055688366397
2026-07-31T09:15:03.493Z OK claim_number=361377 claim_id=140b8987-ac60-49fa-bd60-1e05867fc6f7 use=claim fid=FID-29-117658-4 cr=BZ22334289-0 scheme=SHIF amount=192.64 tx=0xdfb9d68bee3a84b2a89dfea00c72d37f3988cef5ef24ac65c0a1f1a6357728d4 claimNumberOnChain=1785055688366398
2026-07-31T09:15:09.300Z OK claim_number=361378 claim_id=57a68263-6ec4-42a6-906c-ebf82bce7d01 use=claim fid=FID-29-117658-4 cr=BZ22334289-0 scheme=SHIF amount=250.00 tx=0x75a5376f8eb2e8b124d8a827b4e2b40aa65a06dab548e8128743458efacc40e8 claimNumberOnChain=1785055688366399
2026-07-31T09:15:14.788Z OK claim_number=361379 claim_id=4f1d777f-c6e0-4674-b492-88440ff0aa17 use=claim fid=FID-29-117658-4 cr=CR0272007638734-5 scheme=SHIF amount=125.00 tx=0x56afc2c03c3b20df8adb55bd06b7860bd80c65411bd62518b4fdfb9a3d75a404 claimNumberOnChain=1785055688366400
2026-07-31T09:15:27.248Z OK claim_number=361380 claim_id=b45f0f6f-36be-4995-8078-396066a59c84 use=claim fid=FID-29-117658-4 cr=BZ22334289-0 scheme=SHIF amount=192.64 tx=0xc4268b49ca4118b37464c3ff7e39c3fe58951c94e70dce43d5a269afca1839df claimNumberOnChain=1785055688366401
2026-07-31T09:15:32.895Z OK claim_number=361381 claim_id=912b11a3-283c-4bab-85bf-776e2fe527ac use=claim fid=FID-20-114807-9 cr=CR1085775011921-2 scheme=SHIF amount=125.00 tx=0xf35d18709801c7d4398cafb211da6f49c6f555fc184a527dc1ec0d4ae4e3ea7f claimNumberOnChain=1785055688366402
2026-07-31T09:15:53.717Z OK claim_number=361382 claim_id=d4f9f6e7-89b4-471f-a868-04d973a0cdb6 use=claim fid=FID-29-117658-4 cr=BZ22334289-0 scheme=SHIF amount=250.00 tx=0x8de7d4cb4554368bee497536de5875f37e9a1ec80ed388b5b3447b9bbbdf9347 claimNumberOnChain=1785055688366403
2026-07-31T09:15:59.361Z OK claim_number=361383 claim_id=6607859b-167f-43cb-813b-2be41c06b432 use=claim fid=FID-29-117658-4 cr=BZ22334289-0 scheme=SHIF amount=192.64 tx=0x3ba1cdfe31c122f5c6c81b876df5be8fcb0c0250e7d823e9dc8687f6233bf76d claimNumberOnChain=1785055688366404
2026-07-31T09:16:04.931Z OK claim_number=361384 claim_id=aaae4c5d-77c1-411e-901f-1c5244cb785b use=claim fid=FID-29-117658-4 cr=CR5762606171471-2 scheme=SHIF amount=125.00 tx=0x47086480d3f15dfbba975b85f2a69c12de4430668582541fb781f647b2499d21 claimNumberOnChain=1785055688366405
2026-07-31T09:16:17.336Z OK claim_number=361385 claim_id=932a80b8-d8a7-43f6-a26b-4aec707fca3d use=claim fid=FID-29-117658-4 cr=BZ22334289-0 scheme=SHIF amount=250.00 tx=0x15af2b46593d98316b9f526a1d3a259b9d7635c3d8f73e366444463932ce87e5 claimNumberOnChain=1785055688366406
2026-07-31T09:16:22.931Z OK claim_number=361386 claim_id=9172a294-2f7e-4b05-9902-148f48997cf2 use=claim fid=FID-29-117658-4 cr=BZ22334289-0 scheme=SHIF amount=192.64 tx=0x336686d45fdce9bba3c5d2df9744918ff90856ecc743d23493219c1d71b5766d claimNumberOnChain=1785055688366407
2026-07-31T09:16:28.538Z OK claim_number=361387 claim_id=2e1b976a-95ce-4377-b732-a98b5f435ce3 use=claim fid=FID-20-114807-9 cr=CR5350601590996-0 scheme=SHIF amount=1362.50 tx=0xa1347ea70cb6213bbb7e278bb4038e5d636c68a2322982f3ce29d071d3e0f86e claimNumberOnChain=1785055688366408
2026-07-31T09:16:40.958Z OK claim_number=361388 claim_id=808cbbfd-f5cc-4ab1-8b9e-5434457a25b9 use=claim fid=FID-29-117658-4 cr=BZ22334289-0 scheme=SHIF amount=250.00 tx=0x1cb73170f186be2d231431745b3d8246b98a961757900b835985fd4e3e2ac6c9 claimNumberOnChain=1785055688366409
2026-07-31T09:16:46.562Z OK claim_number=361389 claim_id=009f2678-46e8-4542-8211-eec7943611af use=claim fid=FID-20-114807-9 cr=CR9880411349805-2 scheme=SHIF amount=125.00 tx=0xab9f8dbc8ca3ef1491d6307e33ad6beab045b4575e777e5a6c7c0973a2df6074 claimNumberOnChain=1785055688366410
2026-07-31T09:16:59.066Z OK claim_number=361390 claim_id=59752b89-b4a8-48eb-90e5-ea83677f5e36 use=claim fid=FID-29-117658-4 cr=BZ30970942-6 scheme=SHIF amount=625.00 tx=0x8f9011986b16c75ec6b765e6b110ced791ee8f9e0aa7198e21083d3d2b7bceaf claimNumberOnChain=1785055688366411
2026-07-31T09:17:04.886Z OK claim_number=361391 claim_id=5a4a651d-ef8a-483c-be24-c8ada85f0cec use=claim fid=FID-29-117658-4 cr=CR7860562929831-4 scheme=SHIF amount=1500.00 tx=0x6dc14696100ff52d3c0b9f1538b79f11c47813799b3da7070ddd86e7fdfdb574 claimNumberOnChain=1785055688366412
2026-07-31T09:17:10.412Z SKIP claim_number=361392 claim_id=a46d17f8-16f6-40e6-b177-b35de073e464 reason=zero_amount claimed_total_raw=0.00
2026-07-31T09:17:10.437Z OK claim_number=361393 claim_id=f0d46638-3edf-41d5-9ee3-8dbda86ef2de use=claim fid=FID-29-117658-4 cr=CR6050763886893-1 scheme=SHIF amount=125.00 tx=0x6b5a0b5be97f2eb35f21c7207f44f3e69a133792da8bbab9484359c013c184a6 claimNumberOnChain=1785055688366413
2026-07-31T09:17:32.933Z OK claim_number=361394 claim_id=363d4c84-34a2-417c-b2c8-6db28878b0a0 use=claim fid=FID-20-114807-9 cr=CR8767880367822-0 scheme=SHIF amount=250.00 tx=0x0e780f5fd8f42b829ffc981ad1f092c7a422238d5fb1093ba70e8b0685061e43 claimNumberOnChain=1785055688366414
2026-07-31T09:17:45.317Z OK claim_number=361395 claim_id=763af93f-444d-49e6-89da-edd2aaef2f57 use=claim fid=FID-29-117658-4 cr=CR9645760706984-8 scheme=SHIF amount=250.00 tx=0x3ffd25161809e661e11d956bdf1d57dc6dc9a38112aee3155fe83ac8b782cb3f claimNumberOnChain=1785055688366415
2026-07-31T09:17:51.130Z OK claim_number=361396 claim_id=70211a86-f0ef-4197-a76c-123cda0d4257 use=claim fid=FID-29-117658-4 cr=CR9645760706984-8 scheme=SHIF amount=250.00 tx=0x39b727a90ca4cb55b40036fcadcb110438b2caf08277cc18f7c1c4f6240e1a9e claimNumberOnChain=1785055688366416
2026-07-31T09:17:56.816Z OK claim_number=361397 claim_id=956f2c57-0af5-42c5-8f13-87f2b8dc873f use=claim fid=FID-20-114807-9 cr=CR0667877990791-6 scheme=SHIF amount=250.00 tx=0xe394332af771b7bd1a0e1a6ee8278fd5333dbb2e0feb9c258c077fb051202b9a claimNumberOnChain=1785055688366417
2026-07-31T09:18:14.414Z OK claim_number=361398 claim_id=77453984-a1e9-4c6c-affe-14503c52e23a use=claim fid=FID-29-117658-4 cr=CR1574843530950-7 scheme=SHIF amount=125.00 tx=0xd87a59942a25f48eedcd44be74580124d32e972f85520c6b63e96ecd58e17843 claimNumberOnChain=1785055688366418
2026-07-31T09:18:37.725Z OK claim_number=361399 claim_id=36bd90ed-2a0e-4ba3-888c-f12185785335 use=claim fid=FID-29-117658-4 cr=CR2459330761714-3 scheme=SHIF amount=125.00 tx=0xd7113db5c8bbebe03d71b7900c63b9ad4d928965ed80f0abcb6cc85c92e064ee claimNumberOnChain=1785055688366419
2026-07-31T09:18:50.116Z OK claim_number=361400 claim_id=d7d3ea8c-29a1-4c5c-9c25-66302312c616 use=claim fid=FID-20-114807-9 cr=CR8523998014569-9 scheme=SHIF amount=375.00 tx=0xc5f0ca52bc45bc05ce3b2c022505182c3b9b8dce6b32300bf91cbfb8f917111a claimNumberOnChain=1785055688366420
2026-07-31T09:19:02.656Z OK claim_number=361401 claim_id=2d33e63e-f8d9-4f59-9503-72d9f4a7fea9 use=claim fid=FID-20-114807-9 cr=CR4203110095053-4 scheme=SHIF amount=1000.00 tx=0xf678afe38ab846f8d17b0ce83890ea4b0c3db7ebe8fd2de24d05800aa03f5dac claimNumberOnChain=1785055688366421
2026-07-31T09:19:08.337Z OK claim_number=361402 claim_id=fc927f27-c54d-42cd-bf82-28cfc8ba9b0a use=claim fid=FID-29-117658-4 cr=CR9604564941868-3 scheme=SHIF amount=125.00 tx=0x05366152220cab07056b7650d4f72a155b0a8428062e9f0775f0430a921a4d6f claimNumberOnChain=1785055688366422
2026-07-31T09:19:29.105Z OK claim_number=361403 claim_id=8160cef6-f92a-42f3-a9cb-10033723a98f use=claim fid=FID-20-114807-9 cr=CR1773945746772-7 scheme=SHIF amount=2968.75 tx=0x25377594c84df7b7cd709e7efba417eb7d36aa0723581168e591437ddfb65072 claimNumberOnChain=1785055688366423
2026-07-31T09:19:41.511Z OK claim_number=361404 claim_id=da751649-ec52-4309-ade2-6743b98ab985 use=claim fid=FID-20-114807-9 cr=CR7839715307010-9 scheme=SHIF amount=375.00 tx=0x2c3c4137b9820cd0204033ef7105f96de91bbb0818661e75ffb8d5c71e7bca7c claimNumberOnChain=1785055688366424
2026-07-31T09:19:59.234Z OK claim_number=361405 claim_id=769a9367-5d0f-49dd-9cc1-966cc19ef8c6 use=claim fid=FID-29-117658-4 cr=CR3902248271580-6 scheme=SHIF amount=125.00 tx=0xdb701652abb92a2243c358b379be6c97ce09a86074d6c588a7101f841198d2fd claimNumberOnChain=1785055688366425
2026-07-31T09:20:11.869Z OK claim_number=361406 claim_id=fb99b545-19ab-47e0-9a6d-1af444723535 use=claim fid=FID-29-117658-4 cr=CR6104659797203-7 scheme=SHIF amount=125.00 tx=0xc9430b609870619b6f8dabb3b437b917c762e4f5dc742ed6b49037226bf6637b claimNumberOnChain=1785055688366426
2026-07-31T09:20:24.360Z OK claim_number=361407 claim_id=e3f0c7da-7691-484f-8abb-2f1ad506f6af use=claim fid=FID-29-117658-4 cr=CR0114700825847-0 scheme=SHIF amount=125.00 tx=0xb1c4598e00cba1d33767cc124295edacafa568541a2feb795eb7fd20e2ef0c20 claimNumberOnChain=1785055688366427
2026-07-31T09:20:36.832Z OK claim_number=361408 claim_id=f42606e5-6f6e-4623-98d9-06e31ac6a466 use=claim fid=FID-29-117658-4 cr=CR1379850514414-6 scheme=SHIF amount=125.00 tx=0xab83e6407e97fdd051d76ccbd01bba6bc203b410dccadcfc79819fd1b1e747a4 claimNumberOnChain=1785055688366428
2026-07-31T09:20:49.482Z OK claim_number=361409 claim_id=1fefa291-16fe-4d36-9fc5-56cce2094747 use=claim fid=FID-29-117658-4 cr=CR0236773778534-1 scheme=SHIF amount=100.00 tx=0x5982339262eb48a9ef2b8187ec614b6675162ee384bc3571d94cb34a852c6f30 claimNumberOnChain=1785055688366429
2026-07-31T09:20:55.203Z OK claim_number=361410 claim_id=965d1b6a-00ff-47d9-90bd-00312300fd39 use=claim fid=FID-29-117658-4 cr=CR7391145219174-0 scheme=SHIF amount=125.00 tx=0x1dc2ba143fa1c1daf549f6f2ef5104d6264424a64eeb4f7cc5ecbcdda220c9c4 claimNumberOnChain=1785055688366430
2026-07-31T09:21:07.809Z OK claim_number=361411 claim_id=979e1db6-b145-488e-9f6e-0f75800e8fcd use=claim fid=FID-29-117658-4 cr=CR1092666904959-4 scheme=SHIF amount=262.50 tx=0x67fe4121f5e3fa131c25ba0022a7b20668833fa5f1bcc7d71e82d943a24dc03e claimNumberOnChain=1785055688366431
2026-07-31T09:21:13.414Z OK claim_number=361412 claim_id=757ad3ed-c212-4284-8cfd-44c31f20e615 use=claim fid=FID-29-117658-4 cr=CR3010274168539-3 scheme=SHIF amount=125.00 tx=0x8ece1ec064e583f92f05d494bceb6f9a51642d2f6fbdd2231c22cfed6ddd64f8 claimNumberOnChain=1785055688366432
2026-07-31T09:21:26.691Z OK claim_number=361413 claim_id=3301b29b-8e93-40ba-b26a-192cb2e76daf use=claim fid=FID-29-117658-4 cr=CR1092666904959-4 scheme=SHIF amount=2500.00 tx=0xa6bb3d55ea8da14b0ff72beddf6b26c07b09bccf703038f44896af195baf24e6 claimNumberOnChain=1785055688366433
2026-07-31T09:21:32.285Z OK claim_number=361414 claim_id=d81e3d51-087c-4046-83a1-8550c2f4aa0a use=claim fid=FID-29-117658-4 cr=CR1092666904959-4 scheme=SHIF amount=375.00 tx=0x88746d90cd0bd97f0c317fae6f1ab3871702cda542d19f22ad40d9d1546434fb claimNumberOnChain=1785055688366434
2026-07-31T09:21:37.958Z OK claim_number=361415 claim_id=fc888873-1312-49e7-985b-1bb2bd537016 use=claim fid=FID-29-117658-4 cr=CR7744304029722-3 scheme=SHIF amount=125.00 tx=0x4b032f5424a7e5112be61903ddf0b595cfe21504790d8657b2e98675ba116efa claimNumberOnChain=1785055688366435
2026-07-31T09:21:50.389Z OK claim_number=361416 claim_id=4a4f29ba-fb71-417d-a897-b94c372866b7 use=claim fid=FID-29-117658-4 cr=CR5571956680586-1 scheme=SHIF amount=100.00 tx=0x19b6955a3c5c3b5d848bd60567a1b7c41ce84c58ea62a1df9af9972c89c0530f claimNumberOnChain=1785055688366436
2026-07-31T09:21:55.974Z OK claim_number=361417 claim_id=6b4a1c43-a942-4446-a427-8d72b0562f2f use=claim fid=FID-20-114807-9 cr=CR6042091836318-7 scheme=SHIF amount=250.00 tx=0x06595fd8937d64d47cb60e53c8b0f4f1a17024e96c981b598fb1cd416209f7c0 claimNumberOnChain=1785055688366437
2026-07-31T09:22:08.827Z OK claim_number=361418 claim_id=d7a92b20-2f9f-4093-9994-59728c213848 use=claim fid=FID-29-117658-4 cr=CR5571956680586-1 scheme=SHIF amount=12.50 tx=0x4e54fb24a270ed98ddaa76a1b07acf00815d131a0712128d09ef7532bef3ef1b claimNumberOnChain=1785055688366438
2026-07-31T09:22:14.348Z OK claim_number=361419 claim_id=062c217f-20d5-426d-8572-b39020993f41 use=claim fid=FID-29-117658-4 cr=CR5571956680586-1 scheme=SHIF amount=112.50 tx=0x2852713daa37137a59ae6a1896d744567f2ed923a58dd7bcc7f254d005361dd6 claimNumberOnChain=1785055688366439
2026-07-31T09:22:19.933Z OK claim_number=361420 claim_id=382627d5-bc2d-44ff-ada2-e7c9e956eb53 use=claim fid=FID-29-117658-4 cr=CR5120025471600-3 scheme=SHIF amount=125.00 tx=0xc63158e9e3df3d94adf6d3bf3cd0b1d0c1d39b329daa733515405eaed2d74ae6 claimNumberOnChain=1785055688366440
2026-07-31T09:22:32.319Z OK claim_number=361421 claim_id=3a72cac9-27f3-44c6-895f-a35e1dc309e2 use=claim fid=FID-29-117658-4 cr=CR5571956680586-1 scheme=SHIF amount=144.48 tx=0xd18e90238694190e4857329e2bffb9ce60e97189c397ce6765d8e9df1cebf2ef claimNumberOnChain=1785055688366441
2026-07-31T09:22:37.979Z OK claim_number=361422 claim_id=53a42b47-b178-4d7d-bb65-5e476a025c17 use=claim fid=FID-29-117658-4 cr=CR5571956680586-1 scheme=SHIF amount=12.50 tx=0xfedb27229c6e2f9414eb98b8efc016be6587a5a6a46aa04010070f459a295886 claimNumberOnChain=1785055688366442
2026-07-31T09:22:43.599Z OK claim_number=361423 claim_id=6666b658-1bf9-47ec-b40e-b7594a9311ee use=claim fid=FID-20-114807-9 cr=CR4884595779321-6 scheme=SHIF amount=125.00 tx=0x4a64c4550e887ad0e44e28f8a8e375d4f3662e54082fc5ab3961c41ae7224f14 claimNumberOnChain=1785055688366443
2026-07-31T09:22:56.221Z OK claim_number=361424 claim_id=b2526dea-973c-4962-b28a-d321cee211cd use=claim fid=FID-29-117658-4 cr=CR5571956680586-1 scheme=SHIF amount=112.50 tx=0x5ef691eced3352b89f21deb9efb56a0e6d2445756a511cbf36b8d635cfc06586 claimNumberOnChain=1785055688366444
2026-07-31T09:23:02.241Z OK claim_number=361425 claim_id=dff3c16b-bcea-4103-a5a3-3b984dcbdf99 use=claim fid=FID-29-117658-4 cr=CR5571956680586-1 scheme=SHIF amount=144.48 tx=0xf4107e1846398d8b31fc5976eb5c2b8495765ff0f164e9a77928f7076c6a9b35 claimNumberOnChain=1785055688366445
2026-07-31T09:23:07.868Z OK claim_number=361426 claim_id=6f54a45f-bf3c-4a5a-9846-9a479ae03842 use=claim fid=FID-20-114807-9 cr=CR3230707849797-7 scheme=SHIF amount=250.00 tx=0x6665a31a68fc37cb43ea8181e72cae19331b4ef374464e9ea2aa07e6dc0150ca claimNumberOnChain=1785055688366446
2026-07-31T09:23:20.575Z OK claim_number=361427 claim_id=0a94d770-33a1-46b4-8964-10e22b947be7 use=claim fid=FID-29-117658-4 cr=CR4798182882885-6 scheme=SHIF amount=10.00 tx=0xc5b71f384f342507062153330754e61a0df8645f89f3f2b6e42b741851a3778d claimNumberOnChain=1785055688366447
2026-07-31T09:23:26.234Z OK claim_number=361428 claim_id=fce85055-28d7-48ca-a985-6c7a78bd04b2 use=claim fid=FID-29-117658-4 cr=CR7559028631034-2 scheme=SHIF amount=125.00 tx=0xadb9d8f806994839f42462c9fea735e0a8c5b320a8641d43e2a2639be8facefd claimNumberOnChain=1785055688366448
2026-07-31T09:23:31.942Z SKIP claim_number=361429 claim_id=7e308596-1429-4244-90ad-3b03f547288e reason=zero_amount claimed_total_raw=0.00
2026-07-31T09:23:31.946Z OK claim_number=361430 claim_id=6200c206-344a-48e5-936c-f2983343d696 use=claim fid=FID-20-114807-9 cr=CR8434226882012-3 scheme=SHIF amount=250.00 tx=0x34e702d939ec4b42a6cafe58821047fd69250ca58c2552498fffa49fdf8542e6 claimNumberOnChain=1785055688366449
2026-07-31T09:23:45.037Z OK claim_number=361431 claim_id=08f16bc5-c998-4f25-a993-0b9c2c095008 use=claim fid=FID-29-117658-4 cr=CR8886594578046-4 scheme=SHIF amount=100.00 tx=0xaf0c13ac7c08b304ead09d9ce80c867aa80202fa98f7da05f49429530ada5064 claimNumberOnChain=1785055688366450
2026-07-31T09:23:50.634Z OK claim_number=361432 claim_id=c0e8cbdc-ab31-436b-94c1-344186186889 use=claim fid=FID-29-117658-4 cr=CR1574843530950-7 scheme=SHIF amount=125.00 tx=0xba5255c175c6a2e5b6dbecace2dbc4d710f103de3dcd811397d35f036cc337cb claimNumberOnChain=1785055688366451
2026-07-31T09:23:56.212Z OK claim_number=361433 claim_id=b019c56a-a469-4760-9128-8931d908e272 use=claim fid=FID-29-117658-4 cr=CR4199394261218-7 scheme=SHIF amount=100.00 tx=0x132fe6e5a77c3ab3ee8941184e3aadc8d295312d2ded65a415c526d493f7a197 claimNumberOnChain=1785055688366452
2026-07-31T09:24:01.995Z OK claim_number=361434 claim_id=dd3f6d14-be42-4ac9-9ec2-46925bd4531e use=claim fid=FID-29-117658-4 cr=CR2500972426344-4 scheme=SHIF amount=125.00 tx=0x1fd46416e0c063be161abcf660c282f0b70d03a385d83b3e160087439f62d9fd claimNumberOnChain=1785055688366453
2026-07-31T09:24:14.442Z OK claim_number=361435 claim_id=4ec320bb-71ed-4fcb-91ad-d4c408189ad4 use=claim fid=FID-29-117658-4 cr=CR4199394261218-7 scheme=SHIF amount=100.00 tx=0x574d8d380f789602ea0b8373ac835e6c5960710004fed78e3244aeebbe48ad44 claimNumberOnChain=1785055688366454
2026-07-31T09:24:20.122Z OK claim_number=361436 claim_id=af8b5f1c-2e57-4945-aafe-08374171d9cc use=claim fid=FID-29-117658-4 cr=CR3540450462504-5 scheme=SHIF amount=125.00 tx=0xb0684ea74640f491e8d4061ad7b405a9c176b3ac2be258a34b894b9aeb0f8dd7 claimNumberOnChain=1785055688366455
2026-07-31T09:24:34.670Z OK claim_number=361437 claim_id=9130cc3f-9cd3-4af1-afc3-900e9605f6ad use=claim fid=FID-29-117658-4 cr=CR9639951692725-4 scheme=SHIF amount=10000.00 tx=0x146eebcbba92c81f6ca33c02a2f7c7709a78658d494ac60802cdf2c91326c468 claimNumberOnChain=1785055688366456
2026-07-31T09:24:40.569Z OK claim_number=361438 claim_id=289954c8-be4e-4396-b3d9-893ebfe42c54 use=claim fid=FID-29-117658-4 cr=CR7813568328881-1 scheme=SHIF amount=125.00 tx=0xb23b35fbaf857f3d375c4b847a5e0c633a6dcfcd1c31edcdd625389b87e649c2 claimNumberOnChain=1785055688366457
2026-07-31T09:24:53.725Z OK claim_number=361439 claim_id=cf25581d-0224-4fb2-8cf3-f3aa87a9dffa use=claim fid=FID-29-117658-4 cr=CR4457080300364-4 scheme=SHIF amount=100.00 tx=0x04cb086b94f01f835389f3a9507e57810a35d90634917bfdb8808fbd1bd54378 claimNumberOnChain=1785055688366458
2026-07-31T09:25:03.410Z OK claim_number=361440 claim_id=07984249-f6d7-473b-9daa-3a8b016afa86 use=claim fid=FID-20-114807-9 cr=CR5332207174956-7 scheme=SHIF amount=250.00 tx=0xc6f68aae7b4c245b3edabf27d989754d86b3e120cc8f02231ce81176cee138c2 claimNumberOnChain=1785055688366459
2026-07-31T09:25:15.894Z OK claim_number=361441 claim_id=dce6b4c4-55ce-4cbf-a068-ff3639fbff9c use=claim fid=FID-29-117658-4 cr=CR0587521523759-0 scheme=SHIF amount=300.00 tx=0x79c2b9cbce71c9c464634530b8037722bbfbc5f9dfd3eb7880bb4889df9f1d90 claimNumberOnChain=1785055688366460
2026-07-31T09:25:18.581Z OK claim_number=361442 claim_id=26990fb3-d70a-4bc4-863c-45b0c3674cdb use=claim fid=FID-29-117658-4 cr=CR7870258402723-2 scheme=SHIF amount=125.00 tx=0xc5b7713b1737eb3f4d9f000e18cd52c6ec94487f1414e9cd427b1c490624d1e9 claimNumberOnChain=1785055688366461
2026-07-31T09:25:30.960Z OK claim_number=361443 claim_id=da13dcd4-920b-4f63-a0e7-cb421e4f7d67 use=claim fid=FID-29-117658-4 cr=CR4199394261218-7 scheme=SHIF amount=625.00 tx=0x58973f80f112292108b15ca18a193cf708c08fb11596b0cc25a0b1172d3a807e claimNumberOnChain=1785055688366462
2026-07-31T09:25:36.783Z OK claim_number=361444 claim_id=32568bd9-3ec2-4b50-aa97-f53092b62f62 use=claim fid=FID-29-117658-4 cr=CR7400004069070-9 scheme=SHIF amount=100.00 tx=0x074ebd98487e346b105b729253e2833cf36649bd96a347f3629de474e415c5db claimNumberOnChain=1785055688366463
2026-07-31T09:25:42.564Z OK claim_number=361445 claim_id=00f19a59-5eae-48a8-9285-e46f2a2a045e use=claim fid=FID-29-117658-4 cr=CR2034946160377-3 scheme=SHIF amount=125.00 tx=0x68a728da066921a2aaf23fdd30aa21195c1f60278fb99e57f11238a900e76e3d claimNumberOnChain=1785055688366464
2026-07-31T09:25:54.869Z OK claim_number=361446 claim_id=a3d635ed-6f79-4e07-9953-c94788f132a4 use=claim fid=FID-29-117658-4 cr=CR4457080300364-4 scheme=SHIF amount=500.00 tx=0x097cd60289245bfff6ab53a485d61e405320fe8c1be2b5828be6edf0333180a2 claimNumberOnChain=1785055688366465
2026-07-31T09:26:00.613Z OK claim_number=361447 claim_id=113c5bcd-061d-4461-82de-246685b132f0 use=claim fid=FID-29-117658-4 cr=CR9105470919366-0 scheme=SHIF amount=125.00 tx=0x33bae35b7e459aff6df22acc703863264cf5efa5688943fd7119acb59be6271c claimNumberOnChain=1785055688366466
2026-07-31T09:26:12.857Z OK claim_number=361448 claim_id=b4080711-3d69-4f5b-befe-95747d73c5ba use=claim fid=FID-29-117658-4 cr=CR9645760706984-8 scheme=SHIF amount=100.00 tx=0x38c54bd4e87bd81673e16792c72755fd06bfa67eec96b8afe6597af4bb856c76 claimNumberOnChain=1785055688366467
2026-07-31T09:26:18.451Z OK claim_number=361449 claim_id=907b6c52-eb45-4d9b-8398-ffc0008a0be7 use=claim fid=FID-29-117658-4 cr=CR8989876893814-0 scheme=SHIF amount=125.00 tx=0x83bd809161da6c823753bd13c99073925942abd5def772e5edcabd768e50d1f0 claimNumberOnChain=1785055688366468
2026-07-31T09:26:30.731Z OK claim_number=361450 claim_id=8d64dc9d-257b-4ed4-86d9-626db8f92a9d use=claim fid=FID-29-117658-4 cr=CR9645760706984-8 scheme=SHIF amount=125.00 tx=0xb15eaa205649b3a0383cfa2acca24709914d5205f3b5b81753948969ecd1ff02 claimNumberOnChain=1785055688366470
2026-07-31T09:26:38.966Z OK claim_number=361451 claim_id=a7d403e5-9c0a-4a86-97b5-49390fa74aa3 use=claim fid=FID-29-117658-4 cr=CR8303733518712-3 scheme=SHIF amount=125.00 tx=0xa1d549ae673393ea796b55aeb11b207fa3b9609421d541f8c49a5ab5283dc580 claimNumberOnChain=1785055688366471
2026-07-31T09:26:51.504Z OK claim_number=361452 claim_id=bb78093c-eee3-4b49-9298-92b9d26648d4 use=claim fid=FID-29-117658-4 cr=CR7860562929831-4 scheme=SHIF amount=1312.50 tx=0x3cc05c0d8824c82a9b9fe3a9599db327b5ffea13af0e680fe5046431f2e0f8ce claimNumberOnChain=1785055688366472
2026-07-31T09:26:57.085Z OK claim_number=361453 claim_id=00c05e7a-05ef-4e19-9568-57cd6720988e use=claim fid=FID-29-117658-4 cr=CR7860562929831-4 scheme=SHIF amount=218.75 tx=0x2f808468d20e37aa6d03fe94420fd7fcd2f692ca7e87ef989ac3329754e37e5e claimNumberOnChain=1785055688366473
2026-07-31T09:27:02.713Z OK claim_number=361454 claim_id=c1455dc0-27cb-4141-bd7f-df113652f61d use=claim fid=FID-29-117658-4 cr=CR7860562929831-4 scheme=SHIF amount=34.40 tx=0x2c79a1e05f08025a88b9e15217b2ccec13d91c44a897edfbb36cf4e6f0b20a45 claimNumberOnChain=1785055688366474
2026-07-31T09:27:08.302Z OK claim_number=361455 claim_id=9433697a-7ec4-4376-a175-c5c7c026529f use=claim fid=FID-20-114807-9 cr=CR3410219815847-8 scheme=SHIF amount=250.00 tx=0x47266849a75a379ceead39998b7590ddb2cda1a15faacb20b7f44899fbf324d7 claimNumberOnChain=1785055688366475
2026-07-31T09:27:30.901Z OK claim_number=361456 claim_id=41130906-0ecd-48c4-9c30-b6ed4025abbb use=claim fid=FID-29-117658-4 cr=CR7860562929831-4 scheme=SHIF amount=1312.50 tx=0x855a59dcf3b9a062a6360365e738c5962cb14f5ac1955e4cc9c655d4bb9438c5 claimNumberOnChain=1785055688366476
2026-07-31T09:27:36.632Z OK claim_number=361457 claim_id=f315bf12-dbc9-4993-9695-775dc1a9383d use=claim fid=FID-29-117658-4 cr=CR7860562929831-4 scheme=SHIF amount=218.75 tx=0xac989ea85228b529b94fa6b17bdd575ea4a53eebff532981695740db5f56bc97 claimNumberOnChain=1785055688366477
2026-07-31T09:27:39.283Z OK claim_number=361458 claim_id=17eb05ad-025a-4810-95e2-1b227f17864c use=claim fid=FID-29-117658-4 cr=CR8250693182142-7 scheme=SHIF amount=125.00 tx=0xa3c650190660d56ec35f431cc2687d8440fb538fc3b42486b7fbf83e4754c652 claimNumberOnChain=1785055688366478
2026-07-31T09:27:51.818Z OK claim_number=361459 claim_id=b8f6a4a9-e0b7-4323-bb31-31970cb775f4 use=claim fid=FID-29-117658-4 cr=CR7860562929831-4 scheme=SHIF amount=34.40 tx=0x20d2e9aa23f112f91bab9fbb5067a6795de6e5b4d8265b88380e53048b840079 claimNumberOnChain=1785055688366479
2026-07-31T09:27:57.450Z OK claim_number=361460 claim_id=b701334d-40b4-41eb-8215-9790f14a046f use=claim fid=FID-20-114807-9 cr=CR6049880735881-5 scheme=SHIF amount=250.00 tx=0x46ca75e77e61bca2a630cddbe52672382b0d0deeed83076318e1a5fba8c7cf97 claimNumberOnChain=1785055688366480
2026-07-31T09:28:10.583Z OK claim_number=361461 claim_id=0acb919d-857d-4018-a3ee-d6f541942594 use=claim fid=FID-29-117658-4 cr=BZ22334289-0 scheme=SHIF amount=192.64 tx=0x849ce2a5f755ee0675d8a997dc91b202b0deec95001b00b80bdfde68eb119e56 claimNumberOnChain=1785055688366481
2026-07-31T09:28:16.200Z OK claim_number=361462 claim_id=1074e319-3593-4a5f-a944-7235985e5793 use=claim fid=FID-29-117658-4 cr=BZ22334289-0 scheme=SHIF amount=250.00 tx=0x0ea9d352e8cbd3621938b3dc1601b0813a480709d42568ff5103c6edf21859ff claimNumberOnChain=1785055688366483
2026-07-31T09:28:24.498Z OK claim_number=361463 claim_id=1cdae256-2704-4e27-9030-7afcd57ad305 use=claim fid=FID-29-117658-4 cr=BZ22334289-0 scheme=SHIF amount=192.64 tx=0x54d5e6a22b1edc00394e346a645e9617e3aad0161f2de4cadffa03ea4a0fc9cb claimNumberOnChain=1785055688366484
2026-07-31T09:28:30.298Z OK claim_number=361464 claim_id=4f8952e8-f202-463c-8a6d-cdd2f56d8f1d use=claim fid=FID-20-114807-9 cr=CR6383950103468-0 scheme=SHIF amount=125.00 tx=0x759b7713cc0fd65b9c64d10cebbba65778860fa0635f494c9b0fa7aa66472b5a claimNumberOnChain=1785055688366485
2026-07-31T09:28:52.960Z OK claim_number=361465 claim_id=543a2672-8f00-4025-9db9-bf32569cc15c use=claim fid=FID-29-117658-4 cr=BZ22334289-0 scheme=SHIF amount=250.00 tx=0x96a0603ee5b72ad16a30f47ab0cbc909d06993420e4a2551050e2ed833036e69 claimNumberOnChain=1785055688366486
2026-07-31T09:28:58.586Z OK claim_number=361466 claim_id=32fd22f3-f366-4b4e-a426-694299467a89 use=claim fid=FID-20-114807-9 cr=CR9663624242003-3 scheme=SHIF amount=125.00 tx=0xcb2beafc557c618d8053250378ad5bc683cfa038077f6134192326a8f85f2247 claimNumberOnChain=1785055688366487
2026-07-31T09:29:10.990Z OK claim_number=361467 claim_id=0309badd-ea5c-41d1-b306-cdd03f72c73a use=claim fid=FID-29-117658-4 cr=BZ22334289-0 scheme=SHIF amount=192.64 tx=0x6a4663b5dbccd604a7422920eeec5d5d11f14fb168c5596501369a8a9fcaa5b6 claimNumberOnChain=1785055688366488
2026-07-31T09:29:16.584Z OK claim_number=361468 claim_id=bb7d7be5-35d0-4854-8938-45d5dc8e3f74 use=claim fid=FID-29-117658-4 cr=CR2770530185451-7 scheme=SHIF amount=125.00 tx=0x5746871137c58c632c35b196db356bfd6ff9239cc873385b08838615d745f428 claimNumberOnChain=1785055688366489
2026-07-31T09:29:30.395Z OK claim_number=361469 claim_id=70055228-a924-4abd-99f2-416bdaad140f use=claim fid=FID-29-117658-4 cr=BZ22334289-0 scheme=SHIF amount=250.00 tx=0xdce0aad8e3a5304bfdaf87b891293d2d428def8625e78bd42ae2da651a4a5441 claimNumberOnChain=1785055688366490
2026-07-31T09:29:36.312Z OK claim_number=361470 claim_id=04ab64c3-72de-497a-acfd-d42815373b07 use=claim fid=FID-29-117658-4 cr=BZ22334289-0 scheme=SHIF amount=192.64 tx=0xc24e68f2f4dc86a5848461eab2d184662510335722f00383b8c4689ddc353ca1 claimNumberOnChain=1785055688366491
2026-07-31T09:29:41.926Z OK claim_number=361471 claim_id=f6080c63-9fef-4e28-89c0-6cbbe0e46422 use=claim fid=FID-20-114807-9 cr=CR4379769336600-2 scheme=SHIF amount=250.00 tx=0xb1531edd2fd35e55b41faf6a3c292d62edc40edfc91cadd7c33b5da79c7b259f claimNumberOnChain=1785055688366492
2026-07-31T09:29:54.293Z OK claim_number=361472 claim_id=50f2b1c3-b8c8-4c7d-92a6-2281d8383bfc use=claim fid=FID-29-117658-4 cr=BZ22334289-0 scheme=SHIF amount=250.00 tx=0x50779b01c7f068f0b867d1ecc23ebafecb315826ca54b45a78c6ab7ec84c1411 claimNumberOnChain=1785055688366493
2026-07-31T09:29:59.905Z OK claim_number=361473 claim_id=3a3e5e58-0030-45c4-b745-2e51b92c99e4 use=claim fid=FID-29-117658-4 cr=BZ22334289-0 scheme=SHIF amount=192.64 tx=0xad87a58d1f666cb8a7749657667202ab7b816080a23c309bbad73aa0728e4b5e claimNumberOnChain=1785055688366494
2026-07-31T09:30:05.491Z OK claim_number=361474 claim_id=a7b55136-6765-4055-b6f7-7f886b5d8bfe use=claim fid=FID-29-117658-4 cr=CR3739617430933-0 scheme=SHIF amount=125.00 tx=0x36a9c7ef83dc94ff23407aa147c902f8bd0ed527d715cd6c7de22b7e561abd8a claimNumberOnChain=1785055688366496
2026-07-31T09:30:21.623Z OK claim_number=361475 claim_id=4159d45c-463f-4ee2-a56c-62833f1474c0 use=claim fid=FID-29-117658-4 cr=BZ22334289-0 scheme=SHIF amount=250.00 tx=0xce00ae7063e616f854e710d420441da5fa7ade3355da51401a89acca82c622fd claimNumberOnChain=1785055688366497
2026-07-31T09:30:27.239Z OK claim_number=361476 claim_id=b6a837c1-0629-42b5-be2d-ee3040501eb3 use=claim fid=FID-20-114807-9 cr=CR3125894356017-9 scheme=SHIF amount=250.00 tx=0x9ec1b0472559bb50023e8a1b8cba000e0b631b8c5ce58894e81dd11fd1102a9c claimNumberOnChain=1785055688366498
2026-07-31T09:30:39.633Z OK claim_number=361477 claim_id=7d7f5c9a-d5d4-4e2e-bc98-902e4d6b07e9 use=claim fid=FID-29-117658-4 cr=BZ22334289-0 scheme=SHIF amount=192.64 tx=0xcab87c7f18f923666cd8c4c1145d6caf07efea6ad4d17f16b7d33864d1af4f03 claimNumberOnChain=1785055688366500
2026-07-31T09:30:49.538Z OK claim_number=361478 claim_id=f7ecf480-c71f-42da-ad35-bbafca207033 use=claim fid=FID-29-117658-4 cr=BZ22334289-0 scheme=SHIF amount=250.00 tx=0x65e5ec48404bb481465f0192663e9bfc26c4cae63481cb57bbac909d407a2866 claimNumberOnChain=1785055688366501
2026-07-31T09:30:55.159Z OK claim_number=361479 claim_id=ee3743b7-0a8c-42bf-a9c0-9196bc66b2c9 use=claim fid=FID-29-117658-4 cr=CR1577146748843-7 scheme=SHIF amount=125.00 tx=0x7ab771bdc54f1ccf7795741a5a2883f7ae8857d706a52574c05f6119c6264da0 claimNumberOnChain=1785055688366502
2026-07-31T09:31:07.591Z OK claim_number=361480 claim_id=9f064de7-676e-4c69-b9e4-01539f58f915 use=claim fid=FID-29-117658-4 cr=BZ22334289-0 scheme=SHIF amount=192.64 tx=0xf7c0dff2749ccb63d81739b0eee8a74d68a228ace43cc7496c3e105dd4a62176 claimNumberOnChain=1785055688366503
2026-07-31T09:31:13.258Z OK claim_number=361481 claim_id=4977d93e-1ab5-42b5-8c31-1aecf7a9130c use=claim fid=FID-29-117658-4 cr=BZ22334289-0 scheme=SHIF amount=250.00 tx=0xe012be5a9758b285a150b3b9f3a2d9608bd90cd46084dab4bbcf59ed816e7e2a claimNumberOnChain=1785055688366504
2026-07-31T09:31:20.520Z OK claim_number=361482 claim_id=92ae5413-4030-4117-ab56-8028f19308f6 use=claim fid=FID-29-117658-4 cr=CR5224481516988-9 scheme=SHIF amount=125.00 tx=0x2de6d59d4dc848d38fec14380437a8a833bb424f1c707a8d6f390a65d3304255 claimNumberOnChain=1785055688366505
2026-07-31T09:31:32.863Z OK claim_number=361483 claim_id=e50633ef-af5e-4c65-9fa3-3252b406de73 use=claim fid=FID-29-117658-4 cr=BZ30970942-6 scheme=SHIF amount=625.00 tx=0x354a8af45d595888d7dee03d13f01eb3be5a029336d67156a0ddce6b6fbb0771 claimNumberOnChain=1785055688366506
2026-07-31T09:31:38.581Z OK claim_number=361484 claim_id=ad8b227e-2e86-4149-9a74-86071c262815 use=claim fid=FID-29-117658-4 cr=CR7860562929831-4 scheme=SHIF amount=1500.00 tx=0x01c32b62ab64ef1f16390495cd0147952d88cbe0e309d399a254ceb87b07fb20 claimNumberOnChain=1785055688366507
2026-07-31T09:31:45.224Z OK claim_number=361485 claim_id=f48a64b6-3918-483e-b8c6-e48c60612395 use=claim fid=FID-20-114807-9 cr=CR8727399925609-6 scheme=SHIF amount=125.00 tx=0x1bd6928f1dc21d209469c169229ee9ee2e8743a3e40c2f094aa81db2f21e75f0 claimNumberOnChain=1785055688366508
2026-07-31T09:31:58.398Z SKIP claim_number=361486 claim_id=c10561f8-36a2-4656-ab59-6d63fc7f897a reason=zero_amount claimed_total_raw=0.00
2026-07-31T09:31:58.402Z OK claim_number=361487 claim_id=a5d3facb-8934-4d5f-a679-455e4864c58b use=claim fid=FID-29-117658-4 cr=CR1689106652499-1 scheme=SHIF amount=125.00 tx=0x237fe393a9c153c1855731fe93f5ce93272ad7a5b7580aff705dd2d4c2fed720 claimNumberOnChain=1785055688366509
2026-07-31T09:32:10.791Z OK claim_number=361488 claim_id=9a03055a-7edc-4a9d-975d-945e38d9f440 use=claim fid=FID-20-114807-9 cr=CR5448675624148-6 scheme=SHIF amount=250.00 tx=0xb2a341824d2b51053bd24d3e88196642a7a5472a5579bb5f503fe8f20f6da53c claimNumberOnChain=1785055688366510
2026-07-31T09:32:23.206Z OK claim_number=361489 claim_id=4b73719a-1518-4d3a-859b-08807c15c749 use=claim fid=FID-29-117658-4 cr=CR9645760706984-8 scheme=SHIF amount=250.00 tx=0xb5b0a7d890bf435a159d09a5c8370efcd49c233102f7fac2772b88775a0239bd claimNumberOnChain=1785055688366511
2026-07-31T09:32:28.809Z OK claim_number=361490 claim_id=f8cfb082-9e07-4078-aca7-a545edcf6662 use=claim fid=FID-29-117658-4 cr=CR9645760706984-8 scheme=SHIF amount=250.00 tx=0x180588262d42ad533f4bde0f9d97deb3ad5cb63af164bf531f1a99b197c1633c claimNumberOnChain=1785055688366512
2026-07-31T09:32:34.423Z OK claim_number=361491 claim_id=c06aa805-b46c-460f-aa10-8bc9008f3829 use=claim fid=FID-29-117658-4 cr=CR1543497281978-2 scheme=SHIF amount=125.00 tx=0x84371316b74d37515fdb85f56228ada059875801a3406e5c56d9e0174876f7bd claimNumberOnChain=1785055688366513
2026-07-31T09:32:46.820Z OK claim_number=361492 claim_id=5f03e7f7-27c6-454c-b184-028ff8395de7 use=claim fid=FID-29-117658-4 cr=BZ29728796-3 scheme=SHIF amount=100.00 tx=0xadf0e83376b023653691df3e53f05c819ef4c2f98db281a7720092204109fca9 claimNumberOnChain=1785055688366514
2026-07-31T09:32:52.483Z OK claim_number=361493 claim_id=c1a9406f-2a7f-42bf-8462-c9bdfca18400 use=claim fid=FID-20-114807-9 cr=CR6251309763659-3 scheme=SHIF amount=562.50 tx=0x295a289273f292e788cbd0f39db1d4c8731d0ddde706e5aa8371d7d124564bcb claimNumberOnChain=1785055688366515
2026-07-31T09:33:05.178Z OK claim_number=361494 claim_id=499b37ef-c748-42c6-b6c8-8e638576150e use=claim fid=FID-29-117658-4 cr=CR7400004069070-9 scheme=SHIF amount=250.00 tx=0x7cb7ea3b0d32ab8a721f4c15a61d7de032c4921eae6f83fcafb41e323db55f1a claimNumberOnChain=1785055688366516
2026-07-31T09:33:19.005Z OK claim_number=361495 claim_id=290e5fae-5125-4c5b-9dd6-470f4a9bd468 use=claim fid=FID-20-114807-9 cr=CR8968774661888-6 scheme=SHIF amount=250.00 tx=0x6e293a77aec24aca13ecc80a00e4bde874f39e009f85a950f7b03dfef47ec57e claimNumberOnChain=1785055688366517
2026-07-31T09:33:31.421Z OK claim_number=361496 claim_id=41c5a384-d4b5-4aa4-9363-34cde662aaca use=claim fid=FID-29-117658-4 cr=CR7400004069070-9 scheme=SHIF amount=250.00 tx=0xeefd1cd64e8e023e973d7e35a148d1eb65a533c7e9b95a167a39f6d084c5486e claimNumberOnChain=1785055688366518
2026-07-31T09:33:37.043Z OK claim_number=361497 claim_id=dad46ed5-22d8-45e7-9bb0-ce392bae12b0 use=claim fid=FID-29-117658-4 cr=CR7400004069070-9 scheme=SHIF amount=375.00 tx=0x989ad146b563e17821741c2dcb62cf3bdadca938a42c0b2947430aa8d3cf21c2 claimNumberOnChain=1785055688366519
2026-07-31T09:33:42.623Z OK claim_number=361498 claim_id=f40282a0-43ee-4b68-989a-39a224b8ed18 use=claim fid=FID-29-117658-4 cr=CR1160856663072-1 scheme=SHIF amount=125.00 tx=0xfc1e271efab50df6d6526e1a57a10c083853ad698cbe82043524f9f8e9b9642c claimNumberOnChain=1785055688366520
2026-07-31T09:34:05.136Z OK claim_number=361499 claim_id=bea3424f-ccab-4668-ba9d-c261363b5f4a use=claim fid=FID-29-117658-4 cr=CR7400004069070-9 scheme=SHIF amount=250.00 tx=0x342ebe8e05769a2d41eb5802fd73a10f8969781719e7e5e92af087d0a854b331 claimNumberOnChain=1785055688366521
2026-07-31T09:34:18.987Z OK claim_number=361500 claim_id=54598abb-7cdc-4ef4-ba75-ec0083a93103 use=claim fid=FID-29-117658-4 cr=CR7400004069070-9 scheme=SHIF amount=250.00 tx=0xf88bedcc803b529909b62b7b04759a380c13c0985793f609c4087fefe025566a claimNumberOnChain=1785055688366522
2026-07-31T09:34:24.631Z OK claim_number=361501 claim_id=eb29d652-871e-43b5-9cd6-8819cdd05a32 use=claim fid=FID-29-117658-4 cr=CR7400004069070-9 scheme=SHIF amount=375.00 tx=0x6168cfddf75e6b1f1f0a52a0c0f72f31b5e68dda000bee185fb4346008146b09 claimNumberOnChain=1785055688366523
2026-07-31T09:34:30.178Z OK claim_number=361502 claim_id=2dd9cc8f-1d77-4911-b760-0df4552ee1ff use=claim fid=FID-29-117658-4 cr=CR3052434534717-1 scheme=SHIF amount=125.00 tx=0x15f7086e72924c3cc20631bcb29d545841dcb1d8a9e10777a8e53601cfec2a3b claimNumberOnChain=1785055688366524
2026-07-31T09:34:42.501Z OK claim_number=361503 claim_id=56808aa0-af83-4153-88bc-7231dd08f5c7 use=claim fid=FID-20-114807-9 cr=CR4367979134079-2 scheme=SHIF amount=375.00 tx=0x1e3cb2259758e12ff5c87d2c7fa20d966872030a3fd7f3b2dc0469932016a2e7 claimNumberOnChain=1785055688366525
2026-07-31T09:35:04.988Z OK claim_number=361504 claim_id=0dad36fe-9248-49ef-ad90-5caf4a57ee10 use=claim fid=FID-29-117658-4 cr=CR2160817833121-1 scheme=SHIF amount=100.00 tx=0x9d1c7f29e2c55f1051b8605fac112e21dafebbe571497303eaf837cf55e8a59a claimNumberOnChain=1785055688366526
2026-07-31T09:35:10.598Z OK claim_number=361505 claim_id=67e57768-2f6a-451a-aaa1-bad2d7dc58da use=claim fid=FID-20-114807-9 cr=CR5928219546807-8 scheme=SHIF amount=250.00 tx=0x6cd578daa41f64b19b05361d556a065daca78ddd23748ad5527640ab0f98a37f claimNumberOnChain=1785055688366527
2026-07-31T09:35:22.954Z OK claim_number=361506 claim_id=c59fa76f-44a2-4090-b1a7-345e60f25ddc use=claim fid=FID-29-117658-4 cr=CR7400004069070-9 scheme=SHIF amount=100.00 tx=0x00634c4d0071a04bbd5093e952d1772e6499869fc033d77f2236afd600b0f37c claimNumberOnChain=1785055688366528
2026-07-31T09:35:28.539Z OK claim_number=361507 claim_id=af086240-eb56-42c8-b86c-d3e823acd694 use=claim fid=FID-29-117658-4 cr=CR3980683816456-4 scheme=SHIF amount=125.00 tx=0x4a2d707b61df6f9c08ce5d8c84d21b5d9009cd302c26e9f0644ee57b226f6d00 claimNumberOnChain=1785055688366529
2026-07-31T09:35:41.123Z OK claim_number=361508 claim_id=0f5bbad2-1443-49d8-9515-192abd56554b use=claim fid=FID-29-117658-4 cr=CR7400004069070-9 scheme=SHIF amount=100.00 tx=0xc633167b3ab5bb0185e93b890495ae923b1e1f3941cdc7f3e690fad51d99d06b claimNumberOnChain=1785055688366530
2026-07-31T09:35:46.875Z OK claim_number=361509 claim_id=4d40dd7e-931d-4ef0-b443-3580583dd004 use=claim fid=FID-29-117658-4 cr=CR2160817833121-1 scheme=SHIF amount=100.00 tx=0xb65794b9bca3e1333e67d914ff841f0105598291fa7492048094980269bdb7e0 claimNumberOnChain=1785055688366531
2026-07-31T09:35:52.635Z OK claim_number=361510 claim_id=91a41168-ed2e-4d28-b468-a1c978978781 use=claim fid=FID-20-114807-9 cr=CR0546922019309-5 scheme=SHIF amount=250.00 tx=0xc024cb4df267641258dfa13462e170b08d8460b5d074b59990ad0a8e5943f46d claimNumberOnChain=1785055688366532
2026-07-31T09:36:06.012Z SKIP claim_number=361511 claim_id=4019e6e8-47a2-406b-a927-2b84c40c88d8 reason=zero_amount claimed_total_raw=0.00
2026-07-31T09:36:06.016Z OK claim_number=361512 claim_id=d8aca325-fc45-495d-9e86-fe6049f5a6f2 use=claim fid=FID-29-117658-4 cr=CR3522687843103-5 scheme=SHIF amount=125.00 tx=0xa34a826554b139bdb0a6d56aa46743f28296ff40333a0c1e350e7611ab7fb4aa claimNumberOnChain=1785055688366533
2026-07-31T09:36:32.119Z OK claim_number=361513 claim_id=c47b5559-8f02-47ed-9d41-6be7b4e59303 use=claim fid=FID-20-114807-9 cr=CR8512281530806-4 scheme=SHIF amount=250.00 tx=0x79b67bd3e2b92f290829d4a33588ae115962ef22a5f0f8992d63a88b2b4b4e95 claimNumberOnChain=1785055688366534
2026-07-31T09:36:44.857Z OK claim_number=361514 claim_id=fcabf8f9-f0a4-4492-87d2-27b478d93682 use=claim fid=FID-29-117658-4 cr=CR5749088994631-5 scheme=SHIF amount=100.00 tx=0x511fbc2fe7fd7ce80d790c5c32319c3c12da6a172b4c8ed6caa7e2a2fd64b54c claimNumberOnChain=1785055688366535
2026-07-31T09:36:50.603Z OK claim_number=361515 claim_id=4449b433-aeee-4735-8ab0-f12e74f9a978 use=claim fid=FID-29-117658-4 cr=CR4904944877318-9 scheme=SHIF amount=100.00 tx=0xb9b892f54f4ea704ef7adbea8f757bb2387f8584edc7f6990fc5482182f6125f claimNumberOnChain=1785055688366536
2026-07-31T09:36:56.256Z OK claim_number=361516 claim_id=7692df43-c812-4058-a7cb-289f5fc107d6 use=claim fid=FID-29-117658-4 cr=CR7400004069070-9 scheme=SHIF amount=100.00 tx=0x9805598ebd5e41fa3432aeacb2dcdced75267eb695179f16493ff0790bf8a5f7 claimNumberOnChain=1785055688366537
2026-07-31T09:37:01.961Z OK claim_number=361517 claim_id=7b795880-ce09-4e1e-98f4-835b6a20d2fd use=claim fid=FID-20-114807-9 cr=CR8103440879973-8 scheme=SHIF amount=125.00 tx=0x31904bf7be4af640af55069b05e0fe33f7f2ca98ef32e5c7309cdc61c66e86e5 claimNumberOnChain=1785055688366538
2026-07-31T09:37:14.666Z OK claim_number=361518 claim_id=a63bf83b-d6e6-4928-8fbf-8129467d6d8b use=claim fid=FID-29-117658-4 cr=CR2799777131603-2 scheme=SHIF amount=125.00 tx=0x428adc003417d68dd055a0ac85f8bae670d33a04e4d5332cef2d26051583b37a claimNumberOnChain=1785055688366539
2026-07-31T09:37:27.353Z OK claim_number=361519 claim_id=a791d291-d062-464a-950e-318a1395fce5 use=claim fid=FID-29-117658-4 cr=CR3531987583256-8 scheme=SHIF amount=125.00 tx=0xd4adb87ce9a6ab8015119126c50740f38622306749cf128809b0fc9dda860721 claimNumberOnChain=1785055688366540
2026-07-31T09:37:39.983Z OK claim_number=361520 claim_id=2c4f73f0-58f1-465f-ae4e-d4e67c5f7a1b use=claim fid=FID-29-117658-4 cr=CR8727405005556-7 scheme=SHIF amount=625.00 tx=0xe4384e2ce5b8b2fbb408d0d1de2592d46797cb2890c1d355d2a191fc7138f415 claimNumberOnChain=1785055688366541
2026-07-31T09:43:12.625Z OK claim_number=361521 claim_id=5f3067df-d67f-4cda-be46-e435e0da6c78 use=claim fid=FID-20-114807-9 cr=CR8616756080470-9 scheme=SHIF amount=375.00 tx=0xf689ada4970c2cb95d225bfc877cb39c8220e95495ee1e3657ffdd47c1169e70 claimNumberOnChain=1785055688366542
2026-07-31T09:43:20.922Z OK claim_number=361522 claim_id=8355cf2f-76fb-4348-8f4b-15e6bc043dd9 use=claim fid=FID-29-117658-4 cr=CR4686598781823-1 scheme=SHIF amount=46.95 tx=0x1e18a8d7855d0ecbb577c09785e4836c5d01b1af0052334b507c451efe8cb6db claimNumberOnChain=1785055688366543
2026-07-31T09:43:26.493Z OK claim_number=361523 claim_id=519051e2-a84b-4cb3-837c-62d0044d282a use=claim fid=FID-29-117658-4 cr=CR4686598781823-1 scheme=SHIF amount=87.50 tx=0xe1001ec31f51a9344292b4873733cb37f0abef89806a3bdcf61fbee9d8ce4d92 claimNumberOnChain=1785055688366544
2026-07-31T09:43:32.044Z OK claim_number=361524 claim_id=3d3a294e-e375-44ab-b84f-174aaf1f92dc use=claim fid=FID-29-117658-4 cr=CR5758836372692-9 scheme=SHIF amount=125.00 tx=0x237a56a38666691e6f4cd14c60239ba680fde252983e7927696bae24bf39b8cd claimNumberOnChain=1785055688366545
2026-07-31T09:43:44.607Z OK claim_number=361525 claim_id=285a8c99-a34b-4cd9-8720-56b0ae749017 use=claim fid=FID-29-117658-4 cr=CR4686598781823-1 scheme=SHIF amount=46.95 tx=0x1aeaff0371d669d4785e8b4a8519ef324a88279c9757d043a0f08508244bc206 claimNumberOnChain=1785055688366546
2026-07-31T09:43:50.585Z OK claim_number=361526 claim_id=ca6b9966-89df-439b-8516-76424054f843 use=claim fid=FID-29-117658-4 cr=CR4686598781823-1 scheme=SHIF amount=87.50 tx=0x84f04efd38eb9091669efc2378a3bf1ec44224d57271c85bc93b59b4703200ac claimNumberOnChain=1785055688366547
2026-07-31T09:43:56.208Z OK claim_number=361527 claim_id=88bb6e7d-2b28-4f56-92a6-b6488815863c use=claim fid=FID-29-117658-4 cr=CR4686598781823-1 scheme=SHIF amount=46.95 tx=0x310d0a3eab0909eddef47662208397eb82623cef1f871f67c661d065eb1bd3cf claimNumberOnChain=1785055688366548
2026-07-31T09:44:01.813Z OK claim_number=361528 claim_id=3b2b2be9-026b-4373-85df-eccfaffb5cdf use=claim fid=FID-29-117658-4 cr=CR4686598781823-1 scheme=SHIF amount=87.50 tx=0xdd90006ba019cac3c9c6c4fac3492e7b8f6f011d843365af24ddf0361ee7feae claimNumberOnChain=1785055688366549
2026-07-31T09:44:07.453Z OK claim_number=361529 claim_id=bab66288-0a59-4010-888b-975aae01011b use=claim fid=FID-29-117658-4 cr=CR4686598781823-1 scheme=SHIF amount=46.95 tx=0x7332f3dc6ec4ba334cd71b51692a81c32e3ae71a5c2312983555d86979db27b6 claimNumberOnChain=1785055688366550
2026-07-31T09:44:13.034Z OK claim_number=361530 claim_id=3e7323f7-39d8-447d-9ae6-3be7d6bf9b8c use=claim fid=FID-29-117658-4 cr=CR4686598781823-1 scheme=SHIF amount=87.50 tx=0x3ce9a9ce49047f92b0b55eb4c2e36aeb1d3e39d8af3cdf96d3e32c675eaefde5 claimNumberOnChain=1785055688366551
2026-07-31T09:44:18.613Z OK claim_number=361531 claim_id=c62b2653-ca0c-4709-bd75-7b21a6a97a0f use=claim fid=FID-20-114807-9 cr=CR6131932843047-0 scheme=SHIF amount=250.00 tx=0x3c7e59b8ac535953b7dc57eb6789cd7ade04791ce3e00bd80f132c07e28de6f8 claimNumberOnChain=1785055688366552
2026-07-31T09:44:42.267Z OK claim_number=361532 claim_id=36dcb3db-e97c-4633-9f21-7a496dcdf7dc use=claim fid=FID-29-117658-4 cr=CR4686598781823-1 scheme=SHIF amount=87.50 tx=0xd9ca4cfa1fddd5479e94b1314e97ab439abc64f84a898f6ee7a34d5aad2d68d5 claimNumberOnChain=1785055688366553
2026-07-31T09:44:47.860Z OK claim_number=361533 claim_id=ac639824-ecae-4eeb-b658-2de2583d2420 use=claim fid=FID-29-117658-4 cr=CR4686598781823-1 scheme=SHIF amount=46.95 tx=0xa0ed706020bff2a494295670cd8a52bf4b8cecf5d534d9017a2205a8df76b313 claimNumberOnChain=1785055688366555
2026-07-31T09:44:56.206Z OK claim_number=361534 claim_id=43a7412f-a9e4-438d-a802-08e038ee149a use=claim fid=FID-29-117658-4 cr=CR4686598781823-1 scheme=SHIF amount=87.50 tx=0xee4c79288e7e17c080427c05a865c1af4083120deedaa914f6be62ff8e472814 claimNumberOnChain=1785055688366556
2026-07-31T09:45:01.822Z OK claim_number=361535 claim_id=27c5fde1-5b88-425f-b693-cf00e77df031 use=claim fid=FID-29-117658-4 cr=CR4686598781823-1 scheme=SHIF amount=46.95 tx=0x4c6d3ab46a85897858a33858f7a4f3a634bd7d38f59ba5c2e43e9aa6d3e28ffd claimNumberOnChain=1785055688366557
2026-07-31T09:45:07.400Z OK claim_number=361536 claim_id=bdcd60ac-cfa8-4687-8b50-8e0e2480653d use=claim fid=FID-29-117658-4 cr=CR4686598781823-1 scheme=SHIF amount=87.50 tx=0x9126b0af25de5b8ebb681015cccf2044c053cc43f39df821b22a2fda6528f520 claimNumberOnChain=1785055688366558
2026-07-31T09:45:13.088Z OK claim_number=361537 claim_id=88ad7734-ea05-4a14-b3d7-06df342bab28 use=claim fid=FID-29-117658-4 cr=CR8727405005556-7 scheme=SHIF amount=100.00 tx=0xb5e6ea491c36127a86c17b74e6341b93078b86cc3f830d885aa9e2940deae4c2 claimNumberOnChain=1785055688366559
2026-07-31T09:45:18.704Z OK claim_number=361538 claim_id=6e761dbb-4fc7-44fa-a929-ac14a5ed2bad use=claim fid=FID-29-117658-4 cr=CR0131755862223-1 scheme=SHIF amount=125.00 tx=0x03d88490a829c0702dadbbfbecb488a51ee60fa1903b7a79f6ab3839c5ff9866 claimNumberOnChain=1785055688366560
2026-07-31T09:45:27.109Z OK claim_number=361539 claim_id=ac093f12-5703-4799-a122-f651ee7e90bb use=claim fid=FID-29-117658-4 cr=BZ29728796-3 scheme=SHIF amount=625.00 tx=0xf84f15c7a20b5a5d00ac0d5e0c3b0b0e0b906d0a16fedac2fc76eac3c4c17db8 claimNumberOnChain=1785055688366561
2026-07-31T09:45:32.824Z OK claim_number=361540 claim_id=e882c210-0b05-4204-b5d6-a195698b5114 use=claim fid=FID-29-117658-4 cr=CR0816057332419-0 scheme=SHIF amount=125.00 tx=0x07713cf93bc256ee3b3ea42c675054a90634ebd7475e304757ed556123db1758 claimNumberOnChain=1785055688366562
2026-07-31T09:45:47.953Z OK claim_number=361541 claim_id=13be75ef-863c-4572-a344-e4f40dc7ddbc use=claim fid=FID-29-117658-4 cr=CR1998282864591-4 scheme=SHIF amount=125.00 tx=0x273284c112b32c579b6228467316afa3392029f6e975ec1d56395b1cd1596d3a claimNumberOnChain=1785055688366563
2026-07-31T09:46:00.650Z OK claim_number=361542 claim_id=05efdf22-4a13-4554-9953-e737f221e497 use=claim fid=FID-20-114807-9 cr=CR6335593759597-0 scheme=SHIF amount=600.00 tx=0x43a269e879c20fbcb9b8036348e654a6caffae943b6cd3fe10b82e2d3cd70e4b claimNumberOnChain=1785055688366564
2026-07-31T09:46:13.412Z OK claim_number=361543 claim_id=8011f415-5f29-4719-8175-42be3eec0090 use=claim fid=FID-29-117658-4 cr=CR4686598781823-1 scheme=SHIF amount=46.95 tx=0x5bc5f5f88548e62f01369476887b3d957e1504a4b3c1b7c79dfa814ac18b10d5 claimNumberOnChain=1785055688366565
2026-07-31T09:46:19.129Z OK claim_number=361544 claim_id=f08135e0-e95d-431d-b6b9-09bde3009b67 use=claim fid=FID-29-117658-4 cr=CR4686598781823-1 scheme=SHIF amount=87.50 tx=0xec7108eee5c24962fc40f0dc920175de0b6f8ad929ad452cdfbd1c7b124bf059 claimNumberOnChain=1785055688366566
2026-07-31T09:46:24.941Z OK claim_number=361545 claim_id=76634634-5ae2-4fe3-8c7b-5799e196b1c4 use=claim fid=FID-29-117658-4 cr=CR0140971949738-7 scheme=SHIF amount=125.00 tx=0x257cbf40f6c6937b353f2fe4de8ff9d95d9dd3142fa87f4b62cb60e718e7bc14 claimNumberOnChain=1785055688366567
2026-07-31T09:46:37.845Z OK claim_number=361546 claim_id=78f99b72-32a4-40df-a0e3-f9ab66d3bea3 use=claim fid=FID-29-117658-4 cr=CR4686598781823-1 scheme=SHIF amount=46.95 tx=0x3a5b9ea98bea7f0ce05f4724d4f0b5edc34eb6d683e0ae50e9c8ceb6b280cc6f claimNumberOnChain=1785055688366568
2026-07-31T09:46:43.442Z OK claim_number=361547 claim_id=eabdb423-dca9-4130-89eb-690ac9459da3 use=claim fid=FID-29-117658-4 cr=CR4686598781823-1 scheme=SHIF amount=87.50 tx=0xcd3f033ab1a84ca5712f7b6e81c0da123fa20657b71557cac2d3b04710a2e529 claimNumberOnChain=1785055688366569
2026-07-31T09:46:49.036Z OK claim_number=361548 claim_id=ff91cb49-0ade-4854-ba85-0c60afa13394 use=claim fid=FID-29-117658-4 cr=CR4686598781823-1 scheme=SHIF amount=46.95 tx=0x5bc82d63bf4715af07ac4cf40140df2aafe2edae90ec21de4e75c7a37c8caae8 claimNumberOnChain=1785055688366570
2026-07-31T09:46:54.712Z OK claim_number=361549 claim_id=6b768183-a28e-463b-9848-7a0f9914f6fa use=claim fid=FID-29-117658-4 cr=CR4686598781823-1 scheme=SHIF amount=87.50 tx=0xb72141c5c95af2873df72d5900a0e2ee2c2b8b17c564424578a9d9c97dfaebe2 claimNumberOnChain=1785055688366571
2026-07-31T09:47:00.528Z OK claim_number=361550 claim_id=c3a2a824-7bf9-4892-8f48-d64573feb896 use=claim fid=FID-29-117658-4 cr=CR4686598781823-1 scheme=SHIF amount=46.95 tx=0xaf60a8bf8dbade42f2aa10de6ddcbd820b147c51c31c6a5f162a3e31545469f6 claimNumberOnChain=1785055688366572
2026-07-31T09:47:06.413Z OK claim_number=361551 claim_id=04fbcb42-9e04-41f4-b9f1-67067e1319b3 use=claim fid=FID-20-114807-9 cr=CR6615653504264-8 scheme=SHIF amount=250.00 tx=0x49b8cdff006619cee9bee89969d0f66fe7393f7b76a4684127fe714d72558275 claimNumberOnChain=1785055688366573
2026-07-31T09:47:19.227Z OK claim_number=361552 claim_id=1a5e6961-9420-403a-b84f-81ee154fa31c use=claim fid=FID-29-117658-4 cr=CR4686598781823-1 scheme=SHIF amount=87.50 tx=0x0e611e41fc4b5316919994d1a20da3a555501d2ad8fb0a9801d4b2f14ac7a40a claimNumberOnChain=1785055688366574
2026-07-31T09:47:24.868Z OK claim_number=361553 claim_id=f5cebd21-7a90-4c96-b700-1fc914e3882d use=claim fid=FID-29-117658-4 cr=CR8727405005556-7 scheme=SHIF amount=625.00 tx=0x4e9cc97f3b45fdde18fb57d1b825251b78d854010b6d33398fe1914d16b06418 claimNumberOnChain=1785055688366575
2026-07-31T09:47:30.699Z OK claim_number=361554 claim_id=ab2ed98e-20b9-4fb5-90dd-34bf9679199f use=claim fid=FID-29-117658-4 cr=CR6112705313169-6 scheme=SHIF amount=125.00 tx=0xf24435cd081a984f831d99869e356c19046c27bb9ac83a2e4893781bce72a340 claimNumberOnChain=1785055688366576
2026-07-31T09:47:43.593Z OK claim_number=361555 claim_id=834e7060-fe3b-45dc-92b2-d442c7f15380 use=claim fid=FID-29-117658-4 cr=CR8727405005556-7 scheme=SHIF amount=600.00 tx=0xb60b1bb7ac8674d38ac419c6db21c85873164adcaf8bbce5fe02cd3515fd131d claimNumberOnChain=1785055688366577
2026-07-31T09:47:49.245Z OK claim_number=361556 claim_id=db7b9630-b092-43db-a9c8-ae5b5ec7a282 use=claim fid=FID-29-117658-4 cr=CR2201723685536-0 scheme=SHIF amount=125.00 tx=0x8848b093c908d2232159ec0f60f547e727674f0f73494b14eab05944e3b753b6 claimNumberOnChain=1785055688366578
2026-07-31T09:48:01.856Z OK claim_number=361557 claim_id=44e98330-a34b-42b8-bdc4-9e89fce0020a use=claim fid=FID-29-117658-4 cr=CR2065859490528-9 scheme=SHIF amount=125.00 tx=0x46c45450ac1ac91c588e62698cd978c48141c29dea54c4e785959dc5dae94bd7 claimNumberOnChain=1785055688366579
2026-07-31T09:48:14.472Z OK claim_number=361558 claim_id=7b02aeef-9a5a-42b1-8b87-335eef70b823 use=claim fid=FID-29-117658-4 cr=CR8727405005556-7 scheme=SHIF amount=500.00 tx=0xcf54afeba2ea097a7908d10236e179583dae709fc7891c60526070562fde9db0 claimNumberOnChain=1785055688366580
2026-07-31T09:48:20.078Z OK claim_number=361559 claim_id=258d531d-b1bf-4be9-baa4-2c796a7346e8 use=claim fid=FID-20-114807-9 cr=CR1657665843261-8 scheme=SHIF amount=500.00 tx=0xb38384a797fd555fb44e4a5e233db16f30b8191796aa662d17b3ce1ec5238442 claimNumberOnChain=1785055688366581
2026-07-31T09:48:32.722Z OK claim_number=361560 claim_id=0d6f2463-0a95-44b1-81c1-d37b673a3753 use=claim fid=FID-29-117658-4 cr=CR3928672760384-2 scheme=SHIF amount=100.00 tx=0xfcc38548f8766d1e29cdabbc6fbeb45c2b375e4f80a36979296274a9b0483887 claimNumberOnChain=1785055688366582
2026-07-31T09:48:38.338Z OK claim_number=361561 claim_id=3a85c439-b9a4-41ba-aaf1-8cdcf6cdb278 use=claim fid=FID-29-117658-4 cr=CR7860562929831-4 scheme=SHIF amount=100.00 tx=0xfe3644cccafb202ad7e523811c8ae3116a2841304c8a4ab1205d44152ed0b882 claimNumberOnChain=1785055688366583
2026-07-31T09:48:43.991Z OK claim_number=361562 claim_id=9108dd0f-fd90-4409-ba20-e3d7af375bf4 use=claim fid=FID-20-114807-9 cr=CR8790974079251-3 scheme=SHIF amount=250.00 tx=0x755230cad34d3689dda263a139e75b3f61d4ab0fbd31648dd333341cdcb83252 claimNumberOnChain=1785055688366584
2026-07-31T09:49:06.830Z OK claim_number=361563 claim_id=e51dd372-8b08-43ba-a090-ff3539389696 use=claim fid=FID-29-117658-4 cr=CR8727405005556-7 scheme=SHIF amount=266.05 tx=0x0ab9ceb73fd18c943df29644b292c83cbe0b2ddc903ae47781855bcb15513e28 claimNumberOnChain=1785055688366585
2026-07-31T09:49:12.403Z OK claim_number=361564 claim_id=9b0cebbc-3016-49a2-9519-7357f78c3aea use=claim fid=FID-29-117658-4 cr=CR9907203844595-9 scheme=SHIF amount=125.00 tx=0x76b5b0ade34e7389559aea1eb622d2633e7d7c577106381813e2a84aafcb1b83 claimNumberOnChain=1785055688366586
2026-07-31T09:49:25.014Z OK claim_number=361565 claim_id=6378423d-2292-441c-b887-d7414be7763d use=claim fid=FID-29-117658-4 cr=CR8727405005556-7 scheme=SHIF amount=266.05 tx=0x22e6513595edd8cc0118891dbb7a6bcafeaa44e779d8a1276102902a473fc8f9 claimNumberOnChain=1785055688366587
2026-07-31T09:49:30.679Z OK claim_number=361566 claim_id=e8b93071-f727-4643-abc2-9d5d8bd449fd use=claim fid=FID-29-117658-4 cr=CR8706882107674-0 scheme=SHIF amount=100.00 tx=0x5968957bea1392759d67ce44a78ab0cd2e0bbd176a1d6c2e379faa3ccbb8d162 claimNumberOnChain=1785055688366588
2026-07-31T09:49:36.396Z OK claim_number=361567 claim_id=cd48d16d-136a-4b1e-886e-4471bcf18358 use=claim fid=FID-29-117658-4 cr=CR6693180406922-9 scheme=SHIF amount=125.00 tx=0x1688f48141bef7d5bc0e99b0db352465bf6feb9a2605bcad7fe7d56224a42463 claimNumberOnChain=1785055688366589
2026-07-31T09:49:49.501Z OK claim_number=361568 claim_id=b171a140-60e1-4736-8c1d-e8c6c65b7674 use=claim fid=FID-29-117658-4 cr=CR4481918313126-3 scheme=SHIF amount=125.00 tx=0x57228eb2fa90a96275e63bf696f0cec499f7464139d4dcae208349c9bd728544 claimNumberOnChain=1785055688366590
2026-07-31T09:50:02.000Z OK claim_number=361569 claim_id=af97d0f3-901e-4f89-a45d-1f20f9f88e01 use=claim fid=FID-29-117658-4 cr=CR4195890425516-8 scheme=SHIF amount=75.00 tx=0xc5c30e0eb578a4ff484a6e6e90a1752790b9e51cb90467e65b184ba9f00da53b claimNumberOnChain=1785055688366591
2026-07-31T09:50:07.663Z OK claim_number=361570 claim_id=0104c552-e17f-4bcf-adef-505d4b8aa1e8 use=claim fid=FID-20-114807-9 cr=CR9814306178617-0 scheme=SHIF amount=375.00 tx=0xda2fbf62f67113914617bab361607b94ceb36710ade9444ecf44858ed1596188 claimNumberOnChain=1785055688366592
2026-07-31T09:50:20.994Z OK claim_number=361571 claim_id=68606111-c2cd-43de-be3f-5b076a909294 use=claim fid=FID-29-117658-4 cr=CR4195890425516-8 scheme=SHIF amount=22.50 tx=0x4c0c57aa58f9fc70be1f2d10f2e9ccf9e2d6f73d5e03e7d5ca954c53938a7fd5 claimNumberOnChain=1785055688366593
2026-07-31T09:50:26.625Z OK claim_number=361572 claim_id=0e1a46e0-0574-4087-98d9-db4386f05058 use=claim fid=FID-29-117658-4 cr=CR4551528709322-2 scheme=SHIF amount=125.00 tx=0x840710524936fb8f962f1a157950644d7ccf96546a65d03a131df24a5e9c1221 claimNumberOnChain=1785055688366594
2026-07-31T09:50:39.410Z OK claim_number=361573 claim_id=6f908b30-2b6a-4a10-993c-0e86c239c469 use=claim fid=FID-29-117658-4 cr=CR4195890425516-8 scheme=SHIF amount=75.00 tx=0x30c4b84fef6530ae1c1b46c2f83965de424d2b084bf90b3477202c42087919ca claimNumberOnChain=1785055688366595
2026-07-31T09:50:45.043Z OK claim_number=361574 claim_id=5ca38319-1796-4978-9cc3-f393dc056432 use=claim fid=FID-29-117658-4 cr=CR4195890425516-8 scheme=SHIF amount=22.50 tx=0x012dc5e35650b1c44a3f4ccdf02c98e906eb3a09d08ca948ec8463eacaa4cbc5 claimNumberOnChain=1785055688366596
2026-07-31T09:50:51.147Z OK claim_number=361575 claim_id=623fa335-b18b-4dab-ba60-4b65250dda56 use=claim fid=FID-20-114807-9 cr=CR2834949222768-5 scheme=SHIF amount=625.00 tx=0x3e5bcb94305031ece21383a3c31fd4fc12ebd86a3a38a45d0313a97798a6254c claimNumberOnChain=1785055688366597
2026-07-31T09:51:03.751Z OK claim_number=361576 claim_id=359d1e0d-7156-42e7-bc7b-83f898bf10e8 use=claim fid=FID-29-117658-4 cr=CR4195890425516-8 scheme=SHIF amount=75.00 tx=0x2cb4ea2b9ebdd1d16db0248d12aa888d969366840ecabeaa419d803d3f840643 claimNumberOnChain=1785055688366598
2026-07-31T09:51:09.345Z OK claim_number=361577 claim_id=3753ff4c-2c48-43b3-a013-ffbcfe8e6295 use=claim fid=FID-29-117658-4 cr=CR4195890425516-8 scheme=SHIF amount=22.50 tx=0x4116251a279467be30f7eb93f57495a549fe57d18ac0d544eb1d807d1c498984 claimNumberOnChain=1785055688366599
2026-07-31T09:51:14.927Z OK claim_number=361578 claim_id=8c7ce732-1983-4b2b-9f2f-da0022cff5aa use=claim fid=FID-29-117658-4 cr=CR2770908184456-5 scheme=SHIF amount=125.00 tx=0x12395460b3f15db775f0280198da7d0611a3244d3de9a3e8d66418da4d32ba3c claimNumberOnChain=1785055688366600
2026-07-31T09:51:27.539Z OK claim_number=361579 claim_id=fc8a8295-8902-4ebd-ad17-61c424709ed4 use=claim fid=FID-29-117658-4 cr=CR4195890425516-8 scheme=SHIF amount=75.00 tx=0xe7d65484a9fa94c43ae19b6ca8f96b904b576f310ed1e90bc62e51e44d304a12 claimNumberOnChain=1785055688366601
2026-07-31T09:51:33.161Z OK claim_number=361580 claim_id=6dbd0d0a-7eed-4539-a752-2efa5030ef41 use=claim fid=FID-29-117658-4 cr=CR4195890425516-8 scheme=SHIF amount=22.50 tx=0x66cb0691d7dfc335f9eeaa701dc9931bb4788447680f50fe83fa8130c2abca4c claimNumberOnChain=1785055688366602
2026-07-31T09:51:38.869Z OK claim_number=361581 claim_id=cc96446f-c793-4c90-a8e9-7cdcb04faf41 use=claim fid=FID-29-117658-4 cr=CR4195890425516-8 scheme=SHIF amount=75.00 tx=0x14a1712bfcdf6f6dec15d7cca0155d2cd3a535c8aa8a8de402f7d8adc30cc748 claimNumberOnChain=1785055688366603
2026-07-31T09:51:44.512Z OK claim_number=361582 claim_id=51fa74e6-bd61-4bea-9feb-0aa699b70704 use=claim fid=FID-20-114807-9 cr=CR6791499366123-7 scheme=SHIF amount=1260.00 tx=0xb218169ed6e808e06b31732c71bad91400f741ae76299f49e59cbfe5ed2d7666 claimNumberOnChain=1785055688366604
2026-07-31T09:51:57.454Z OK claim_number=361583 claim_id=e59a34a5-22d4-4939-a132-e90f60dc28c5 use=claim fid=FID-29-117658-4 cr=CR4195890425516-8 scheme=SHIF amount=22.50 tx=0x2a03e59a3cbbf4afe1e9ed25d199e6d021824926f86e6195df8191f5c7694485 claimNumberOnChain=1785055688366605
2026-07-31T09:52:03.019Z OK claim_number=361584 claim_id=e653538e-237c-463b-9a8d-03021dd32edc use=claim fid=FID-29-117658-4 cr=CR9021504308343-5 scheme=SHIF amount=125.00 tx=0x509210d26aee82f24372d76cb32a4ddde7c96b7bdd08cecee0d9450989adafef claimNumberOnChain=1785055688366606
2026-07-31T09:52:15.588Z OK claim_number=361585 claim_id=108b7248-1f54-48be-b922-9e9b691766ca use=claim fid=FID-29-117658-4 cr=CR0597975760735-8 scheme=SHIF amount=100.00 tx=0x8e6ea6f28dba71405de4fdbdc2bbd4b56bc2f3cad0c94580bad7268b5f1c3578 claimNumberOnChain=1785055688366607
2026-07-31T09:52:21.282Z OK claim_number=361586 claim_id=961ecf3b-bcb1-44e0-8733-0723b30b40ec use=claim fid=FID-29-117658-4 cr=CR7961868610509-9 scheme=SHIF amount=125.00 tx=0x76256e8aed93649cf44b5f5fb67c94f762a3d425d3e69bb0d2b1da792753bd2f claimNumberOnChain=1785055688366608
2026-07-31T09:52:33.787Z OK claim_number=361587 claim_id=59c26d51-1b74-441b-bf52-c5f04dc88fcb use=claim fid=FID-29-117658-4 cr=CR9645760706984-8 scheme=SHIF amount=100.00 tx=0x094eb68fbfe834fa7350aa8fbb4bbdcbaf790fa12ef1fa92a9934f1c4d06ad98 claimNumberOnChain=1785055688366609
2026-07-31T09:52:39.394Z OK claim_number=361588 claim_id=85fe6343-65ab-422b-b81e-d528671c71b6 use=claim fid=FID-29-117658-4 cr=CR7029740210590-4 scheme=SHIF amount=125.00 tx=0x9863d81e3d22d5e05d61d67cd3e36ef1eb6d899450ab2983bd39bd126f4b8c84 claimNumberOnChain=1785055688366610
2026-07-31T09:52:52.024Z OK claim_number=361589 claim_id=f3386315-9444-4ffb-a3bd-292a7d1b98e6 use=claim fid=FID-29-117658-4 cr=CR4195890425516-8 scheme=SHIF amount=100.00 tx=0xdbb536cbce1eaf19ba4c4b47063223dfa4427d4cb643626aae52f6c3bbb6313e claimNumberOnChain=1785055688366611
2026-07-31T09:52:57.640Z OK claim_number=361590 claim_id=0355916f-ef19-47ef-9c76-bd8af877540f use=claim fid=FID-20-114807-9 cr=CR6351555633194-6 scheme=SHIF amount=312.50 tx=0x93ac0a8a9e2d1548e712caf031a690461eaf0283cab464ffbe16512bf208ef38 claimNumberOnChain=1785055688366612
2026-07-31T09:53:03.258Z OK claim_number=361591 claim_id=857ad5a1-fbb5-49f1-8cf6-bde73e429f50 use=claim fid=FID-29-117658-4 cr=CR5741431600340-9 scheme=SHIF amount=100.00 tx=0xa4ef45bb24342322a74e9680fb4be725bec43bff2a47e9305c068bcf34f754d8 claimNumberOnChain=1785055688366613
2026-07-31T09:53:08.923Z OK claim_number=361592 claim_id=52fe5dc5-de89-4e63-bbcb-8b5d40c9525e use=claim fid=FID-29-117658-4 cr=CR7582951907048-3 scheme=SHIF amount=125.00 tx=0xb96689231504b15763eb1e3461e0f5649da82b0a4414202053155d1201490148 claimNumberOnChain=1785055688366614
2026-07-31T09:53:21.598Z OK claim_number=361593 claim_id=278257b7-4c94-40c6-a54d-b90cdb885c6c use=claim fid=FID-29-117658-4 cr=CR8706882107674-0 scheme=SHIF amount=100.00 tx=0x8a10a6b636580d014a90c74c18ecb7488edcfda639d2acad740a8de4b351e4d6 claimNumberOnChain=1785055688366615
2026-07-31T09:53:27.242Z OK claim_number=361594 claim_id=d6d587f4-594b-4134-8f86-94471c07b122 use=claim fid=FID-29-117658-4 cr=CR9564395622571-6 scheme=SHIF amount=125.00 tx=0xa1c4c36274eecef59fead15cbf1aa18545f097e40e26f31010851ed0b8549bc0 claimNumberOnChain=1785055688366616
2026-07-31T09:53:39.941Z OK claim_number=361595 claim_id=eff023d0-f19b-4f38-b122-462606f4a95b use=claim fid=FID-29-117658-4 cr=CR8706882107674-0 scheme=SHIF amount=100.00 tx=0x6cd7ae3ab54d23a65860b8e9f5efcfe384fd18a89f000baa38ca000574770afe claimNumberOnChain=1785055688366617
2026-07-31T09:53:45.559Z OK claim_number=361596 claim_id=d7e01f7f-66ea-4e38-8ff8-e0b87287c9e1 use=claim fid=FID-20-114807-9 cr=CR6600732036738-7 scheme=SHIF amount=125.00 tx=0x03a1a1a663c6af36c339b56d426b35346a98aa10564ffee5865ea9c478acfc90 claimNumberOnChain=1785055688366618
2026-07-31T09:53:58.185Z OK claim_number=361597 claim_id=e4a5dc4c-c15e-46b2-afc4-1e2290a92a60 use=claim fid=FID-29-117658-4 cr=CR7400004069070-9 scheme=SHIF amount=100.00 tx=0x449d17b52ae4126b42876b6f216b7134c8ddf9377975f246b9944bd937ef6027 claimNumberOnChain=1785055688366619
2026-07-31T09:54:03.832Z OK claim_number=361598 claim_id=2cb0057a-460c-48b7-b987-1eac446dbbb9 use=claim fid=FID-20-114807-9 cr=CR8671311426008-6 scheme=SHIF amount=12625.00 tx=0xa540a4bc4a20ac0f3afe5c958da10217d0b8b3a8d14edc03ecd203f6a53f4b30 claimNumberOnChain=1785055688366620
2026-07-31T09:54:16.417Z OK claim_number=361599 claim_id=dfd4faef-27d0-4b42-b109-9d63da7b2450 use=claim fid=FID-29-117658-4 cr=CR8727405005556-7 scheme=SHIF amount=625.00 tx=0x3fc376472b98ad8a7c38af171f6b269fdf54fbf0c04e64c4697a6226a0b85fc3 claimNumberOnChain=1785055688366622
2026-07-31T09:54:24.786Z OK claim_number=361600 claim_id=ba5124f0-56c5-43fb-b107-88e30bb5b4a6 use=claim fid=FID-20-114807-9 cr=CR5416432396085-0 scheme=SHIF amount=1235.00 tx=0xfc9954414956db3e940ea9df8feea198cdb5fed9ef56f8b127f4b222a314b7a9 claimNumberOnChain=1785055688366623
2026-07-31T09:54:37.602Z OK claim_number=361601 claim_id=73112dac-bb18-42d6-af3c-e79d57b8bfb7 use=claim fid=FID-20-114807-9 cr=CR2153688995084-9 scheme=SHIF amount=2000.00 tx=0xccccb9be5bb23566e410df795c6eab5c7b42d85d7270e898904ae11b0f0eda1b claimNumberOnChain=1785055688366624
2026-07-31T09:54:50.348Z OK claim_number=361602 claim_id=f928e149-f321-4933-a354-cf4063bd5b3a use=claim fid=FID-29-117658-4 cr=CR8727405005556-7 scheme=SHIF amount=62.50 tx=0x55b1fc55cccce21de56e09a85490967787a0702c2dace3fed2d36451af13e459 claimNumberOnChain=1785055688366625
2026-07-31T09:54:55.938Z OK claim_number=361603 claim_id=d7cb7882-a651-4aea-8d58-0651a554f19c use=claim fid=FID-29-117658-4 cr=CR8727405005556-7 scheme=SHIF amount=37.50 tx=0xdf36c9f267c6bbf411913b2bf264dcb1052afd778c8e44f02625481952f692da claimNumberOnChain=1785055688366626
2026-07-31T09:55:01.596Z OK claim_number=361604 claim_id=82104e3f-0efb-43f8-80ef-a802b53d8086 use=claim fid=FID-29-117658-4 cr=CR1937195442343-9 scheme=SHIF amount=125.00 tx=0x916970c6a974b49cbfa47432837eb9382d9fd860c2f36a3d5c3d7082cabbee90 claimNumberOnChain=1785055688366627
2026-07-31T09:55:07.211Z OK claim_number=361605 claim_id=006cece7-250d-4946-99df-459e2e3e21e7 use=claim fid=FID-29-117658-4 cr=CR8727405005556-7 scheme=SHIF amount=62.50 tx=0x0742f486e9c93861a528b4758c792986f076f18ee72f21182d384bf03a1f80a9 claimNumberOnChain=1785055688366628
2026-07-31T09:55:12.842Z OK claim_number=361606 claim_id=c4e1b36c-0f80-4de4-976d-ca1f8d8be902 use=claim fid=FID-29-117658-4 cr=CR8727405005556-7 scheme=SHIF amount=37.50 tx=0x15bdd161fc16dde6505e349872be857f2521819d56eda4201f2c8e7baab7e651 claimNumberOnChain=1785055688366629
2026-07-31T09:55:18.509Z OK claim_number=361607 claim_id=81b3cd5a-d7ce-4e75-8a7b-eeb9c3233166 use=claim fid=FID-29-117658-4 cr=CR7620472501046-8 scheme=SHIF amount=125.00 tx=0x4bc4d2f5dd7a049d5576ef35d926a74f470d3ac2a89b187b6db916adf2d61eb7 claimNumberOnChain=1785055688366630
2026-07-31T09:55:26.868Z OK claim_number=361608 claim_id=3ef28650-a264-4379-8444-4fa4b7a3b61c use=claim fid=FID-29-117658-4 cr=CR8727405005556-7 scheme=SHIF amount=100.00 tx=0xb1d5245d95a2b132ff4ecca7e042457c88a233c530cba5eab51dbd14e88960a9 claimNumberOnChain=1785055688366631
2026-07-31T09:55:32.505Z OK claim_number=361609 claim_id=584c6cde-50f4-4506-bcca-c6aa688db566 use=claim fid=FID-20-114807-9 cr=CR7764017764832-2 scheme=SHIF amount=718.75 tx=0x4fcecfa8514d5391c46cfb1698c3c9fb0f92ce2c35334b53526a57077219e26d claimNumberOnChain=1785055688366632
2026-07-31T09:55:38.123Z OK claim_number=361610 claim_id=dada019b-4ace-41c9-944e-7eeb42cd5559 use=claim fid=FID-29-117658-4 cr=CR7400004069070-9 scheme=SHIF amount=100.00 tx=0xad4ea5d7bdcc394ca6c042ef5281549541bbf73219693482c124b00963cc97d1 claimNumberOnChain=1785055688366633
2026-07-31T09:55:43.754Z OK claim_number=361611 claim_id=30c9a06e-f616-46e5-ab19-2c51aea74f62 use=claim fid=FID-20-114807-9 cr=CR2633742919318-9 scheme=SHIF amount=250.00 tx=0xc9104ab01b55493bab988c0e1906d64bc7ee6d2b2afa5c1ffdc37090bf4a34b3 claimNumberOnChain=1785055688366634
2026-07-31T09:55:56.478Z OK claim_number=361612 claim_id=5a1e74a5-ab9c-499e-825c-100ef68742ab use=claim fid=FID-29-117658-4 cr=CR3256370334707-4 scheme=SHIF amount=625.00 tx=0xd3a855423c217e4451a841885c84ec0670d6df07d084e61a81d7f1f693436095 claimNumberOnChain=1785055688366636
2026-07-31T09:56:04.911Z OK claim_number=361613 claim_id=4f1231d4-a4c4-49f6-ad05-585382cdf009 use=claim fid=FID-29-117658-4 cr=CR3928672760384-2 scheme=SHIF amount=6.25 tx=0xc302f9a4be4f266213d82d1963b0b9b0594a485deeb703309fc9488e2a12c89a claimNumberOnChain=1785055688366637
2026-07-31T09:56:10.646Z OK claim_number=361614 claim_id=e101c208-c8c4-472d-b4bb-6fc961b4143e use=claim fid=FID-29-117658-4 cr=CR4425160424760-3 scheme=SHIF amount=125.00 tx=0x42a17499583b03c6a8f36aa7863f9cceb7cb8189101d9328281d61c8b2029b1e claimNumberOnChain=1785055688366638
2026-07-31T09:56:18.988Z OK claim_number=361615 claim_id=a437030b-6c81-488b-9955-ad9a3d090f88 use=claim fid=FID-29-117658-4 cr=CR3928672760384-2 scheme=SHIF amount=6.25 tx=0x7e1702496412cf7ce3cdb0d0c69fd0da9e217ecfa2280c9ef73b164bb208912c claimNumberOnChain=1785055688366639
2026-07-31T09:56:28.699Z OK claim_number=361616 claim_id=daa24fcc-aaa5-4d0b-b20e-7f6df4956a13 use=claim fid=FID-29-117658-4 cr=CR3596015534543-1 scheme=SHIF amount=125.00 tx=0x896d199cea852b969c943a82230e58058b0bba44271d6fa487eec4ee013d3c6c claimNumberOnChain=1785055688366640
2026-07-31T09:56:41.290Z OK claim_number=361617 claim_id=bcdc16fa-0f0f-4ea0-aede-8e876d244ced use=claim fid=FID-29-117658-4 cr=CR8020584153570-4 scheme=SHIF amount=125.00 tx=0xae137f248022e78b13f531f00900ab54b18d0fea131fc3e1bf87d8d05acec40f claimNumberOnChain=1785055688366641
2026-07-31T09:56:54.522Z OK claim_number=361618 claim_id=b5c2b371-068c-4f7b-b782-daa43a76746c use=claim fid=FID-29-117658-4 cr=CR9607124551347-9 scheme=SHIF amount=125.00 tx=0xeb8aeb56214740aa6fd2344df49d8e388fb038bfe3ca07a7fe9d513ba0906da7 claimNumberOnChain=1785055688366642
2026-07-31T09:57:07.127Z OK claim_number=361619 claim_id=f332ff06-e351-4c1b-a784-21baa87856c4 use=claim fid=FID-29-117658-4 cr=CR4925764247277-7 scheme=SHIF amount=100.00 tx=0x16e3102b71002b97ce665ae48488dc1e851fe210242f7ec6170be2a072df5bac claimNumberOnChain=1785055688366643
2026-07-31T09:57:12.770Z OK claim_number=361620 claim_id=c67b7e44-c643-41b1-b9d7-b446810f22a4 use=claim fid=FID-29-117658-4 cr=CR4037947014271-7 scheme=SHIF amount=250.00 tx=0x8aec9d975f18bbf86c5e986f6c9bf3b640452945513fbaf0e16c981fc46f407c claimNumberOnChain=1785055688366644
2026-07-31T09:57:18.364Z OK claim_number=361621 claim_id=9df4a65d-0cf0-482e-adca-c87d7711802e use=claim fid=FID-20-114807-9 cr=CR8817128874795-8 scheme=SHIF amount=812.50 tx=0x2751360020e827cf06bb35fec8487622e796d14a45e7bcb146b3878e9c99a24c claimNumberOnChain=1785055688366645
2026-07-31T09:57:31.023Z OK claim_number=361622 claim_id=a0d604f9-7471-4255-b52c-9289a6135326 use=claim fid=FID-29-117658-4 cr=CR4037947014271-7 scheme=SHIF amount=46.95 tx=0x22db9e5748c3c990d54e47358cfc7377a2b821e9a5638e5c192b8367fda5d09f claimNumberOnChain=1785055688366646
2026-07-31T09:57:36.731Z OK claim_number=361623 claim_id=cb673343-8920-4fc7-8013-6a91fa7ebb49 use=claim fid=FID-29-117658-4 cr=CR4037947014271-7 scheme=SHIF amount=250.00 tx=0xe8eacd9f519965d7333285eba921bc0e98c755566e4a05479ace43fd08772f53 claimNumberOnChain=1785055688366647
2026-07-31T09:57:42.404Z OK claim_number=361624 claim_id=c3d9dce1-3768-4ad2-a1c5-1b81c8c43f40 use=claim fid=FID-29-117658-4 cr=CR5915054668856-3 scheme=SHIF amount=125.00 tx=0x64a19176efe14933a6880419ef92e53c32919b243d92f682fce67d5e9368dd02 claimNumberOnChain=1785055688366648
2026-07-31T09:57:55.023Z OK claim_number=361625 claim_id=3c7e4b41-d0b8-43d0-9e76-8124da8d2f49 use=claim fid=FID-29-117658-4 cr=CR6698461341095-1 scheme=SHIF amount=125.00 tx=0xc145ce1a8b70a735ddd07e25e8b619d5738397732f203d061cdad82f4daa2c33 claimNumberOnChain=1785055688366649
2026-07-31T09:58:07.676Z OK claim_number=361626 claim_id=f12f7bd4-003f-44f2-b029-e39bfed79829 use=claim fid=FID-29-117658-4 cr=CR8883778747876-2 scheme=SHIF amount=125.00 tx=0xfde58ef462d63b57ff756b59b8b220e2ca212007cc26eca0ff4ac0ed51c22e35 claimNumberOnChain=1785055688366650
2026-07-31T09:58:21.096Z OK claim_number=361627 claim_id=248c4a4a-8905-49bc-ad4d-f63bfe2c008d use=claim fid=FID-29-117658-4 cr=CR1834352028428-1 scheme=SHIF amount=125.00 tx=0xf4b3818905edf9b87e91a8b012657dc16dfd3bfff6ef3dee314ba047437ef803 claimNumberOnChain=1785055688366651
2026-07-31T09:58:33.803Z OK claim_number=361628 claim_id=629e1d69-3df5-4567-aba3-e05d2d427ed7 use=claim fid=FID-29-117658-4 cr=CR9983588097923-8 scheme=SHIF amount=125.00 tx=0x2ae1f412c546f1b9b58c7b229ceb855a20f6331d521408f6e3293d6c138ce777 claimNumberOnChain=1785055688366652
2026-07-31T09:58:39.707Z OK claim_number=361629 claim_id=66edae6c-1155-4db3-bede-83a3b531c509 use=claim fid=FID-29-117658-4 cr=CR7836487289735-2 scheme=SHIF amount=125.00 tx=0x3be8e0178598f62bf650067d8a81ae2f87d19e3abb70e8c45dcb094e678c185e claimNumberOnChain=1785055688366653
2026-07-31T09:58:45.361Z OK claim_number=361630 claim_id=534f146b-7f29-4320-9e38-9f8b925c7b09 use=claim fid=FID-29-117658-4 cr=CR7860562929831-4 scheme=SHIF amount=1312.50 tx=0xb36f35a72f737071573d99185561f3ce8feaa483e29aa75f8289afad07d6d585 claimNumberOnChain=1785055688366654
2026-07-31T09:58:51.072Z OK claim_number=361631 claim_id=29b2e14b-ae82-4db2-94cf-a83a1dd3418b use=claim fid=FID-29-117658-4 cr=CR7860562929831-4 scheme=SHIF amount=218.75 tx=0xac83920c0af5140f9420a5f8fca9e11d429a2e5cac388c44629d65ee4464416b claimNumberOnChain=1785055688366656
2026-07-31T09:58:59.525Z OK claim_number=361632 claim_id=23917ff0-8464-4a79-a389-44fef6452327 use=claim fid=FID-29-117658-4 cr=CR7860562929831-4 scheme=SHIF amount=34.40 tx=0x2b017d41ed64498434196275ea5c96ac157ecc4dc06358ebc78441587984e1cd claimNumberOnChain=1785055688366658
2026-07-31T09:59:08.147Z OK claim_number=361633 claim_id=64f8a100-7a9b-4561-8c77-af530879005c use=claim fid=FID-29-117658-4 cr=CR6164711105276-6 scheme=SHIF amount=390.63 tx=0xc92404f664c41e13619c39f9c80f82905bf6026dfa14b0d477467d70f8f88c49 claimNumberOnChain=1785055688366659
2026-07-31T09:59:13.775Z OK claim_number=361634 claim_id=db0f295e-8aed-43aa-8c10-abfac899dded use=claim fid=FID-29-117658-4 cr=BZ22334289-0 scheme=SHIF amount=192.64 tx=0x57e2f16610c01b6969874e6bc52919c24e1c5cfa4bdd5610d697df706e2d12e8 claimNumberOnChain=1785055688366660
2026-07-31T09:59:19.509Z OK claim_number=361635 claim_id=aac29869-b1fa-451b-a0cb-3fbe95109946 use=claim fid=FID-29-117658-4 cr=BZ22334289-0 scheme=SHIF amount=250.00 tx=0x30c6e85256d7e98ff99da2e7b3f3e3003cac9424712c6d4769fd22eb573670ba claimNumberOnChain=1785055688366662
2026-07-31T09:59:28.183Z OK claim_number=361636 claim_id=5616c585-f329-4488-951b-ce51376d8b3e use=claim fid=FID-29-117658-4 cr=BZ22334289-0 scheme=SHIF amount=192.64 tx=0x291a57eb4408a81253b604c4d7841e0c64a59c8f831debcbe50209d8244b4eae claimNumberOnChain=1785055688366663
2026-07-31T09:59:33.790Z OK claim_number=361637 claim_id=11388eea-ad70-48a5-b190-c2ac451dd2cc use=claim fid=FID-29-117658-4 cr=BZ22334289-0 scheme=SHIF amount=250.00 tx=0xd37952a7ecef499abd296c47c8e1716a9bcf1123c349fe11db0780e461f51ec4 claimNumberOnChain=1785055688366664
2026-07-31T09:59:39.407Z OK claim_number=361638 claim_id=b7394876-a40b-44da-be0a-6f787118b73f use=claim fid=FID-29-117658-4 cr=BZ22334289-0 scheme=SHIF amount=192.64 tx=0xdea0bbfa5412441ade0916d713753cd867c3a89af97509ecb47562b44fa2d6c7 claimNumberOnChain=1785055688366665
2026-07-31T09:59:45.051Z OK claim_number=361639 claim_id=cd6461f6-6038-4415-a271-aefb12de782d use=claim fid=FID-29-117658-4 cr=BZ22334289-0 scheme=SHIF amount=250.00 tx=0xb044c9cbd3d3526a07dec6074e666afeb182e09fc6612794ff40e9f42bd39717 claimNumberOnChain=1785055688366666
2026-07-31T09:59:50.946Z OK claim_number=361640 claim_id=b9266811-34ee-4f74-a460-47aebf8bec69 use=claim fid=FID-20-114807-9 cr=CR2296472005304-6 scheme=SHIF amount=250.00 tx=0xec8c566acb67c2a86232b2a4435db21968ad1a2aba5c50e9f1616b999336adf2 claimNumberOnChain=1785055688366667
2026-07-31T10:00:00.568Z OK claim_number=361641 claim_id=0fe0a264-a702-4766-9552-595cfc8706a3 use=claim fid=FID-29-117658-4 cr=CR2747059218312-2 scheme=SHIF amount=125.00 tx=0x837cc802247518fa34da8ac60e7107230ac899515efe93b9bd03944f719fceb7 claimNumberOnChain=1785055688366668
2026-07-31T10:00:06.347Z OK claim_number=361642 claim_id=fd9c225f-3e3f-4b37-9635-b7c8179c6d2d use=claim fid=FID-29-117658-4 cr=BZ22334289-0 scheme=SHIF amount=192.64 tx=0x554de71d43b51e5f2443c9100f09be88d7a5d7f4879601bb98a94eff481b8be1 claimNumberOnChain=1785055688366669
2026-07-31T10:00:12.022Z OK claim_number=361643 claim_id=6b6614dc-a867-46b7-8bcc-347eb3d23818 use=claim fid=FID-29-117658-4 cr=BZ22334289-0 scheme=SHIF amount=250.00 tx=0xa47c30411add4471a4d62f4a72de19a795fd99c07d68b5883acbbb75f2d0d50e claimNumberOnChain=1785055688366670
2026-07-31T10:00:17.675Z OK claim_number=361645 claim_id=0df4f98c-f974-4ad7-893d-5d1d50b1b905 use=claim fid=FID-29-117658-4 cr=BZ22334289-0 scheme=SHIF amount=192.64 tx=0x84feb14d0223d51fe60554abb80bf84e1049e3a15d5c22fdf4439f15280658b6 claimNumberOnChain=1785055688366671
2026-07-31T10:00:23.495Z OK claim_number=361646 claim_id=5a08798c-75bc-4855-aca4-a259a9b11a95 use=claim fid=FID-20-114807-9 cr=CR1011046364112-6 scheme=SHIF amount=375.00 tx=0x4b21fa380992f39cbefcb07fe6253a2ff2e1eb332fa4021b6611ef612c040354 claimNumberOnChain=1785055688366672
2026-07-31T10:00:29.056Z OK claim_number=361647 claim_id=4210e12a-d124-46b2-aaed-03a6b8f74ec7 use=claim fid=FID-29-117658-4 cr=BZ22334289-0 scheme=SHIF amount=250.00 tx=0xa16b0b4c3c4f2676bfdf58a1fead1d7186deac3f694fbce1e6c171b2171c72b3 claimNumberOnChain=1785055688366673
2026-07-31T10:00:34.687Z OK claim_number=361648 claim_id=4c54141a-8753-4d35-bc3a-7afd24d2be67 use=claim fid=FID-29-117658-4 cr=BZ22334289-0 scheme=SHIF amount=192.64 tx=0xf2e8e8fe3192bcd63a23d8e3000af4bd554595bdf9e4a270243b413ffe906cde claimNumberOnChain=1785055688366674
2026-07-31T10:00:40.450Z OK claim_number=361649 claim_id=ca2f26d0-fdcc-45d5-b7b6-6d8217e65f47 use=claim fid=FID-29-117658-4 cr=BZ22334289-0 scheme=SHIF amount=250.00 tx=0x5b25a4318636e63141b82416ba61746bc29dfbe69671ffa622583be78f4fc2e1 claimNumberOnChain=1785055688366675
2026-07-31T10:00:48.222Z OK claim_number=361650 claim_id=7f5151b1-1254-4117-b8aa-7a8bb642e3dc use=claim fid=FID-20-114807-9 cr=CR3099491659846-2 scheme=SHIF amount=2593.75 tx=0x73cb395737839115bc4bd26d1ee0ee6501e8ae30b74daebdf593fed6fc70ffbd claimNumberOnChain=1785055688366676
2026-07-31T10:00:53.891Z OK claim_number=361651 claim_id=347e1be0-72cf-4658-876a-b050c0be15ee use=claim fid=FID-29-117658-4 cr=BZ22334289-0 scheme=SHIF amount=250.00 tx=0x939d03b0ac8c43a925972c635fd760257a563aea85c5f7d6b29b2bca573b144a claimNumberOnChain=1785055688366677
2026-07-31T10:00:59.540Z OK claim_number=361652 claim_id=bbc4e13b-dcfc-438f-9b72-2c90d80f5a7a use=claim fid=FID-29-117658-4 cr=BZ22334289-0 scheme=SHIF amount=192.64 tx=0xd60b3ff5fddd1838773fe2043320fdeb0b3aa3bf83320bb3bba79259a2282361 claimNumberOnChain=1785055688366678
2026-07-31T10:01:05.408Z OK claim_number=361653 claim_id=7e2f3de8-94f3-4984-bfd0-e75ef91784b4 use=claim fid=FID-20-114807-9 cr=CR7938321174287-0 scheme=SHIF amount=375.00 tx=0x69f236d504faa09a57d83b8cd02b53ef5fbd74d84d71d55a0619943841ab6bba claimNumberOnChain=1785055688366679
2026-07-31T10:01:11.005Z OK claim_number=361654 claim_id=63e3edba-a52c-4d71-b158-ef8a70f37bb2 use=claim fid=FID-20-114807-9 cr=CR3110928716711-5 scheme=SHIF amount=375.00 tx=0x860c2b4b579904ae9fd813dcb5380e1c6b012c65ac3e0bc44e449e4c23a4035b claimNumberOnChain=1785055688366680
2026-07-31T10:01:16.620Z OK claim_number=361655 claim_id=69ed62c8-cf09-4395-9b51-4c7541cedba0 use=claim fid=FID-29-117658-4 cr=BZ30970942-6 scheme=SHIF amount=625.00 tx=0x200d9989b28066982a390badd8bc9825964932e64b2ed3b9855b273cda36e815 claimNumberOnChain=1785055688366681
2026-07-31T10:01:22.479Z OK claim_number=361656 claim_id=0bd856af-99c4-4269-9a49-876a839df5a3 use=claim fid=FID-20-114807-9 cr=CR6394711733343-6 scheme=SHIF amount=125.00 tx=0xee13f5dc9e62ec1bd8fe335dca18ddefa719ab2a2234a5f2ff6e156654ffacde claimNumberOnChain=1785055688366682
2026-07-31T10:01:25.481Z OK claim_number=361657 claim_id=cf995546-2cce-482b-813d-172634c95435 use=claim fid=FID-29-117658-4 cr=CR7860562929831-4 scheme=SHIF amount=1500.00 tx=0x54808e34cc74f03040d4463d4457017fba5b548ca325703cda57946f74d4da5c claimNumberOnChain=1785055688366683
2026-07-31T10:01:31.109Z OK claim_number=361658 claim_id=2009f183-00b5-4efd-857f-0fcea25d4d99 use=claim fid=FID-29-117658-4 cr=CR6991645469498-5 scheme=SHIF amount=125.00 tx=0x2494bee0dd58b78f585bdb9810806a210841249455cc70924ef5cad738c86d48 claimNumberOnChain=1785055688366684
2026-07-31T10:01:36.856Z SKIP claim_number=361659 claim_id=4b8e3385-49b7-45fc-a9bc-5558096e67e0 reason=zero_amount claimed_total_raw=0.00
2026-07-31T10:01:36.867Z OK claim_number=361660 claim_id=32a0b7c0-17bf-4357-889d-083b60059def use=claim fid=FID-20-114807-9 cr=CR7890297198580-8 scheme=SHIF amount=2902.86 tx=0x6110a5595c0f8e467c95c7699bc0d2f8656f38f98515f49c4484d4b6d981445e claimNumberOnChain=1785055688366685
2026-07-31T10:01:42.517Z OK claim_number=361661 claim_id=f353bab6-c94d-49d1-8291-75cbd76b3bb0 use=claim fid=FID-29-117658-4 cr=CR9645760706984-8 scheme=SHIF amount=250.00 tx=0xef40cce7cd5537e5982e5cfa4e8b22c7fa5124ba7527f0427b9cfb4cdefa694c claimNumberOnChain=1785055688366686
2026-07-31T10:01:48.286Z OK claim_number=361662 claim_id=8aa8f43d-51ee-48a6-8599-8d985260229d use=claim fid=FID-29-117658-4 cr=CR3156232607267-2 scheme=SHIF amount=125.00 tx=0xc4f945648f23f83393c0e6a7f3a23015b8994429fc0b1dc12171c2b015dabf7a claimNumberOnChain=1785055688366687
2026-07-31T10:01:53.933Z OK claim_number=361663 claim_id=40b4e2f4-e330-4199-b146-f12b5e29610e use=claim fid=FID-20-114807-9 cr=CR9406063951778-4 scheme=SHIF amount=875.00 tx=0xd228e40c444ec14d9366e72a4741043cd11ac4d64ddfd987bca42ff190937d61 claimNumberOnChain=1785055688366688
2026-07-31T10:01:59.681Z OK claim_number=361664 claim_id=f24342bf-8f6e-4c23-b5ce-19f19add7b73 use=claim fid=FID-29-117658-4 cr=CR9645760706984-8 scheme=SHIF amount=250.00 tx=0x955565e00dbbf61a6a08671a6dc7093a90d0d4b14b2cee75f0242d303c939ab9 claimNumberOnChain=1785055688366690
2026-07-31T10:02:08.280Z OK claim_number=361665 claim_id=d90cdefe-7d98-4748-9782-7262c0553993 use=claim fid=FID-20-114807-9 cr=CR9944025350854-8 scheme=SHIF amount=125.00 tx=0x50874ed2d7ec56a6fa4447a7ffb5b2906ca287099d21dc96257097bcda907976 claimNumberOnChain=1785055688366691
2026-07-31T10:02:13.888Z OK claim_number=361666 claim_id=f1155e2e-b89b-4845-91d1-2abf0d33513f use=claim fid=FID-29-117658-4 cr=BZ29728796-3 scheme=SHIF amount=100.00 tx=0x0fde4e96b147c61f34e417e1a7506dbc5b511f59451f282b82a793573b06658c claimNumberOnChain=1785055688366692
2026-07-31T10:02:19.504Z OK claim_number=361667 claim_id=9b71f5b6-6b9a-4fe6-9379-b4fc9cb5c9b2 use=claim fid=FID-20-114807-9 cr=CR4702006292433-5 scheme=SHIF amount=250.00 tx=0xaff69c71b802d965f58d62e418f96d346d3bae7642bc57a7db85acb5e99b9a98 claimNumberOnChain=1785055688366693
2026-07-31T10:02:32.092Z OK claim_number=361668 claim_id=14e9821f-b7b1-43f1-b4d7-b414c8ca098a use=claim fid=FID-29-117658-4 cr=CR7400004069070-9 scheme=SHIF amount=250.00 tx=0xd9fdaa1c1598b31db7ab7ec51c529a49167e475fff6c59d56572b07a707396c4 claimNumberOnChain=1785055688366694
2026-07-31T10:02:37.696Z OK claim_number=361669 claim_id=449d2571-544a-4ac2-a7af-5e97dd711443 use=claim fid=FID-20-114807-9 cr=CR3009508243695-6 scheme=SHIF amount=311435.24 tx=0x3a96c6d1255c5dd57a7491438d78f5337cadef7e493e04e1ccb20ff881bd9728 claimNumberOnChain=1785055688366695
2026-07-31T10:02:43.350Z OK claim_number=361670 claim_id=88c9aa90-0a8c-4bde-ab51-91a2e000b076 use=claim fid=FID-29-117658-4 cr=CR7400004069070-9 scheme=SHIF amount=250.00 tx=0x0da980db04601b072d0f40e0023949ba6804733362cdfbcbb57494074c6bac00 claimNumberOnChain=1785055688366696
2026-07-31T10:02:49.015Z OK claim_number=361671 claim_id=7d0a12a2-1172-46dc-9ac9-02e531c2b535 use=claim fid=FID-20-114807-9 cr=CR0904346950048-8 scheme=SHIF amount=250.00 tx=0x39c1f891688065eef476cdcdb368f5441c90073de7828338ef85a73d639de8ca claimNumberOnChain=1785055688366697
2026-07-31T10:02:54.928Z OK claim_number=361672 claim_id=7ab79854-be34-4ee3-aec7-4ee232c69a8c use=claim fid=FID-29-117658-4 cr=CR7400004069070-9 scheme=SHIF amount=375.00 tx=0xb24f0b3f8beace6b0686a1b2d40521ced5cfb126afbe280684e08f10789c773e claimNumberOnChain=1785055688366698
2026-07-31T10:03:00.778Z OK claim_number=361673 claim_id=35291ddb-1d26-4123-9a81-a5f14f91945a use=claim fid=FID-29-117658-4 cr=CR6183688864153-5 scheme=SHIF amount=125.00 tx=0x7fd0eba11f98fb7b82f4b0a144af9d72eaed994457368773700364c42da9407a claimNumberOnChain=1785055688366699
2026-07-31T10:03:06.627Z OK claim_number=361674 claim_id=09c7be0c-fbc4-401d-9c31-b243fc4e80b7 use=claim fid=FID-29-117658-4 cr=CR7400004069070-9 scheme=SHIF amount=250.00 tx=0x1cc7e11415f4e470bb9877ec00925eb915492e289b038362e3e05c3e3db38ff8 claimNumberOnChain=1785055688366700
2026-07-31T10:03:12.220Z OK claim_number=361675 claim_id=690f762e-f043-4944-b536-7188f68b10d2 use=claim fid=FID-29-117658-4 cr=CR7400004069070-9 scheme=SHIF amount=250.00 tx=0xd09f2156bedb3bfba5f94dc9c61dc46671326ae221a59621767dae31d6372ff3 claimNumberOnChain=1785055688366701
2026-07-31T10:03:17.826Z OK claim_number=361676 claim_id=465fcda7-b548-4c6f-8424-35740e852ce3 use=claim fid=FID-20-114807-9 cr=CR5783935248467-7 scheme=SHIF amount=250.00 tx=0xe1c5653d45dc81cd39b2dde0d2bcc468a470b3fa41ed825efc5d2a0784d940c5 claimNumberOnChain=1785055688366702
2026-07-31T10:03:23.445Z OK claim_number=361677 claim_id=6af00560-790c-48fa-bfce-ae103a22a8d9 use=claim fid=FID-29-117658-4 cr=CR7400004069070-9 scheme=SHIF amount=375.00 tx=0x5f8ed9bf958e87b56f2b11ff6e57d14ef6a08f189a051944db5a0423ec14c077 claimNumberOnChain=1785055688366703
2026-07-31T10:03:28.993Z OK claim_number=361678 claim_id=36e6f460-5c5d-44c5-b7f9-d5dc0ecb0a96 use=claim fid=FID-20-114807-9 cr=CR9009599219515-2 scheme=SHIF amount=281.25 tx=0xe4918277e3b9de9ca4569f78b35e315b027df8a0d6e256f84396b6bb733f1723 claimNumberOnChain=1785055688366704
2026-07-31T10:03:34.687Z OK claim_number=361679 claim_id=906692ec-7aef-481f-9874-f67e9272bff0 use=claim fid=FID-29-117658-4 cr=CR4327095730487-9 scheme=SHIF amount=125.00 tx=0x1e3d5a87c973a751005a24d2aa2763fb21675a4a101ef473b0bb22af4b94ce50 claimNumberOnChain=1785055688366706
2026-07-31T10:03:43.148Z OK claim_number=361680 claim_id=e8baac57-8a7f-4939-8ad3-53cfb5702b26 use=claim fid=FID-29-117658-4 cr=CR3570468280090-0 scheme=SHIF amount=125.00 tx=0x6231eb10e887f45ac846c3610255be6da9b1a36dc98dd7322db0b6b42529720a claimNumberOnChain=1785055688366707
2026-07-31T10:03:48.829Z OK claim_number=361681 claim_id=dc85e728-132c-4c24-bcb8-051f3d7e3263 use=claim fid=FID-29-117658-4 cr=CR2160817833121-1 scheme=SHIF amount=100.00 tx=0xf376614471a0185b8e010bcb6841e7b04b2309c2da7136f92ae6188596c41c8f claimNumberOnChain=1785055688366708
2026-07-31T10:03:54.437Z OK claim_number=361682 claim_id=10310b32-27c4-4280-86a7-40c2ba475b31 use=claim fid=FID-29-117658-4 cr=CR4203603176163-7 scheme=SHIF amount=125.00 tx=0xf14cdeb41e86fa9f3dc30ac284f43b51decf8d0d4cd87d3fa5d1e343cfcdc5d4 claimNumberOnChain=1785055688366709
2026-07-31T10:04:00.123Z OK claim_number=361683 claim_id=f8c15162-0cd8-4699-970c-41a66f95d164 use=claim fid=FID-29-117658-4 cr=CR7400004069070-9 scheme=SHIF amount=100.00 tx=0xf7d9398c30a57ef4e991e9b753e0d1cb6e09c288227baa790ad178919dac78c8 claimNumberOnChain=1785055688366710
2026-07-31T10:04:05.772Z OK claim_number=361684 claim_id=fcaf3e5e-e535-4b25-8925-eda13fa750ea use=claim fid=FID-20-114807-9 cr=CR4454134831133-9 scheme=SHIF amount=375.00 tx=0xa11271511d36af11b208bd34a05743763044cfb18870844685eced03f97d8813 claimNumberOnChain=1785055688366711
2026-07-31T10:04:11.385Z OK claim_number=361685 claim_id=50e28611-4855-4181-bd9f-8b00c8ac6ef8 use=claim fid=FID-29-117658-4 cr=CR6699621974419-5 scheme=SHIF amount=125.00 tx=0x43a2568c4c0dab6124c1421b2f2a253efe7df5763b821d5a2e334f033bb3877e claimNumberOnChain=1785055688366712
2026-07-31T10:04:17.040Z OK claim_number=361686 claim_id=f6885786-8852-4fb3-b9e3-f0950869645f use=claim fid=FID-29-117658-4 cr=CR7400004069070-9 scheme=SHIF amount=100.00 tx=0x407b08ab9ee4d680fb5019ee21b239f4495bc782c72e2b64e165c707d0a69ad0 claimNumberOnChain=1785055688366713
2026-07-31T10:04:23.042Z OK claim_number=361687 claim_id=b1a2d3f0-f742-449c-a441-531566b65fb3 use=claim fid=FID-20-114807-9 cr=CR5504779330205-0 scheme=SHIF amount=125.00 tx=0x7d92fa1b713132ab5f79ba6af53d4198d631d785f73e51a58dd4dc5319567cd3 claimNumberOnChain=1785055688366714
2026-07-31T10:04:28.641Z OK claim_number=361688 claim_id=64d62bdc-e569-4992-a0b2-7552ee469a6e use=claim fid=FID-29-117658-4 cr=CR2160817833121-1 scheme=SHIF amount=100.00 tx=0x57cd2a8934033ff0d4fee6cbf813e04a3fdeb62f0899c66433250a53ad581da9 claimNumberOnChain=1785055688366715
2026-07-31T10:04:34.257Z OK claim_number=361689 claim_id=4ebf19c1-d89f-48ca-ad37-241d3f75f9a0 use=claim fid=FID-29-117658-4 cr=CR1719173865679-5 scheme=SHIF amount=125.00 tx=0xfd561e745fb59f4006e546fe7a58eab82b51d0f16465ef9b01287e9d1332027f claimNumberOnChain=1785055688366716
2026-07-31T10:04:40.010Z SKIP claim_number=361690 claim_id=134a001c-8b58-45dd-b5bb-44003f6d95d6 reason=zero_amount claimed_total_raw=0.00
2026-07-31T10:04:40.013Z OK claim_number=361691 claim_id=253c04f4-c455-46eb-977a-033ef175efa5 use=claim fid=FID-29-117658-4 cr=CR7335961151003-0 scheme=SHIF amount=125.00 tx=0x3f654b077118f89d1d7f63190ffbbbf000bb144b883ee554a4855844521020cf claimNumberOnChain=1785055688366717
2026-07-31T10:04:45.658Z OK claim_number=361692 claim_id=2ed4e91d-ddb5-4e6d-a116-04c0d3bf3508 use=claim fid=FID-29-117658-4 cr=CR2463035872911-0 scheme=SHIF amount=125.00 tx=0x439ba6f84bb36559867297a77a02f93eb4b52e2c08dd8af86502d0c655003fc6 claimNumberOnChain=1785055688366719
2026-07-31T10:04:54.148Z OK claim_number=361693 claim_id=77e8be55-3b68-44f6-9ac3-9ab3fa3bdacd use=claim fid=FID-29-117658-4 cr=CR5749088994631-5 scheme=SHIF amount=100.00 tx=0x0f6a3257daf259914b227f528d79970bde1fe733007b4e99c8f5217c92cd2b02 claimNumberOnChain=1785055688366720
2026-07-31T10:04:59.794Z OK claim_number=361694 claim_id=6cec1bb6-7e34-4980-bcd3-9897b0f6d2c4 use=claim fid=FID-29-117658-4 cr=CR0484602813859-9 scheme=SHIF amount=125.00 tx=0x78084803ce25e1249faf30f2a923d4541c228ec10dc0560da0bad13c7e2046f6 claimNumberOnChain=1785055688366721
2026-07-31T10:05:12.519Z OK claim_number=361695 claim_id=54495092-c8cf-49fb-bc7f-9281f1aadf3f use=claim fid=FID-29-117658-4 cr=CR4904944877318-9 scheme=SHIF amount=100.00 tx=0x5a20b5dc923ff7b302dad39f7d9df4d914a514261fdc233dc943c626acb0a252 claimNumberOnChain=1785055688366722
2026-07-31T10:05:18.111Z OK claim_number=361696 claim_id=0f58391d-3709-47cb-b7fa-fd502583724a use=claim fid=FID-20-114807-9 cr=CR6422379788574-2 scheme=SHIF amount=250.00 tx=0x6d8ed8c8a595c602c50c25a40f6eda71a2981be6fbb54019cba26794a270668a claimNumberOnChain=1785055688366723
2026-07-31T10:05:23.716Z OK claim_number=361697 claim_id=73343c55-1209-4977-a70a-67dea02623eb use=claim fid=FID-29-117658-4 cr=CR7400004069070-9 scheme=SHIF amount=100.00 tx=0x89765d638c1a0c3a763e0728f49dc19858dc5a15d588183ac5c9c1392d490c4a claimNumberOnChain=1785055688366724
2026-07-31T10:05:29.299Z OK claim_number=361698 claim_id=24c17e43-0b64-497a-a14f-c3c5cc4afce9 use=claim fid=FID-20-114807-9 cr=CR6742328737104-0 scheme=SHIF amount=375.00 tx=0xa39338cd9a157907a229454c2bf52bd7aa3edfb06f21169cc043a37fbd1dc8b0 claimNumberOnChain=1785055688366725
2026-07-31T10:05:42.134Z OK claim_number=361699 claim_id=0316b5a5-4890-4a93-a774-ab1ced4e402a use=claim fid=FID-29-117658-4 cr=CR8727405005556-7 scheme=SHIF amount=625.00 tx=0x63408d5c7f7c638510534664d2a040f290d2eca2fab8064f8516f84b71d8687b claimNumberOnChain=1785055688366726
2026-07-31T10:05:47.802Z OK claim_number=361700 claim_id=40a2ffd3-53d7-4922-bcc2-ebb2b230874d use=claim fid=FID-29-117658-4 cr=CR0346087824096-7 scheme=SHIF amount=125.00 tx=0x7b0701ec93068959b707bc9ef74fb6c2ad06e0de7aa4afc18c120b8142376d19 claimNumberOnChain=1785055688366727
2026-07-31T10:06:00.564Z OK claim_number=361701 claim_id=03cebe37-eb46-4dfd-b9cc-ea0320e642bb use=claim fid=FID-29-117658-4 cr=CR4686598781823-1 scheme=SHIF amount=46.95 tx=0x1b758998c05a3558e94fa4e0ba7e13aec02f628ae8dcaf010af374d94c820ea4 claimNumberOnChain=1785055688366728
2026-07-31T10:06:06.195Z OK claim_number=361702 claim_id=ce73bd9a-c37b-4f72-8ff8-5da4ea1cc4d5 use=claim fid=FID-29-117658-4 cr=CR4686598781823-1 scheme=SHIF amount=87.50 tx=0x1f08de372e895d8e9655cb49b6c16425941faf9df651090cb5c78fd82cfed0f3 claimNumberOnChain=1785055688366729
2026-07-31T10:06:12.057Z OK claim_number=361703 claim_id=cfbf70e1-3b6d-442d-bd8b-72fe46e30432 use=claim fid=FID-29-117658-4 cr=CR8650335410537-6 scheme=SHIF amount=125.00 tx=0x9d9a82f3c05c814fa90aaf75ce1327c636d4620f41ffadc33d6df67e6cc6257c claimNumberOnChain=1785055688366730
2026-07-31T10:06:24.610Z OK claim_number=361704 claim_id=e1b3510f-1b97-43f0-b160-4aa6027f4248 use=claim fid=FID-29-117658-4 cr=CR4686598781823-1 scheme=SHIF amount=46.95 tx=0xddea1ba987877c55e87a6b5517cd8d414817fbae0a1b35f8271a1e02ad27d525 claimNumberOnChain=1785055688366731
2026-07-31T10:06:30.216Z OK claim_number=361705 claim_id=503ba5cb-c8cb-45f0-abdc-580928cba0bb use=claim fid=FID-29-117658-4 cr=CR4686598781823-1 scheme=SHIF amount=87.50 tx=0x98528c7e105b417688fa01ad1d76561a8fcc18aed5dfb5ea6b338d91ae2974e1 claimNumberOnChain=1785055688366732
2026-07-31T10:06:35.831Z OK claim_number=361706 claim_id=d76392eb-4683-4b34-9010-cf5130daf7c6 use=claim fid=FID-29-117658-4 cr=CR0011462721711-4 scheme=SHIF amount=125.00 tx=0x4196f9c820ebd07cada750767103481f78c6dcb67faf1891e66e4c0feeb90aac claimNumberOnChain=1785055688366733
2026-07-31T10:06:48.594Z OK claim_number=361707 claim_id=5f18d798-b28b-46db-b08a-69bfbfe4e971 use=claim fid=FID-29-117658-4 cr=CR4686598781823-1 scheme=SHIF amount=46.95 tx=0xff34d301a8b862924e66d2fb5fd7aad8e2191a668826a55e22fad4f2cd27226e claimNumberOnChain=1785055688366734
2026-07-31T10:06:54.234Z OK claim_number=361708 claim_id=d76d7da2-6908-49ac-b94d-fab770419a66 use=claim fid=FID-29-117658-4 cr=CR4686598781823-1 scheme=SHIF amount=87.50 tx=0x5b66fd810ea6137c73945787561f0f728cee23d072053a7856c0314613b257f9 claimNumberOnChain=1785055688366735
2026-07-31T10:06:59.884Z OK claim_number=361709 claim_id=6659987a-0e9c-4397-9af9-2d75f29a0590 use=claim fid=FID-20-114807-9 cr=CR2137353305091-1 scheme=SHIF amount=250.00 tx=0xc16db55c162e0822f90b9c31f26f5582379f0a51fb6b43b88102377b425d4885 claimNumberOnChain=1785055688366737
2026-07-31T10:07:15.364Z OK claim_number=361710 claim_id=450311a6-2f9c-42bd-a178-5413eecbc6ae use=claim fid=FID-29-117658-4 cr=CR4686598781823-1 scheme=SHIF amount=46.95 tx=0x1f9b1ed468dae067ea7afa26b4db690d5b8957e82aaebf065091d03bd99ed43e claimNumberOnChain=1785055688366738
2026-07-31T10:07:21.081Z OK claim_number=361711 claim_id=9c6c3007-2ef2-49a0-a77a-526dcaae8b09 use=claim fid=FID-29-117658-4 cr=CR4686598781823-1 scheme=SHIF amount=87.50 tx=0x001990742371fdb9285bca3325d2ece141c18ebf01fbeeb70a592d07e9d046e2 claimNumberOnChain=1785055688366739
2026-07-31T10:07:26.691Z OK claim_number=361712 claim_id=4f12abaa-d1ed-423c-9955-7c9cb3a663e7 use=claim fid=FID-29-117658-4 cr=CR5938824540329-4 scheme=SHIF amount=125.00 tx=0x49d12ecd5820338ffb6455d2db5ff22e76ea30d57c638d08558182162ef85382 claimNumberOnChain=1785055688366740
2026-07-31T10:07:39.986Z OK claim_number=361713 claim_id=3b15ade7-f29b-48aa-a78b-65ed397d05a4 use=claim fid=FID-29-117658-4 cr=CR4686598781823-1 scheme=SHIF amount=46.95 tx=0x955b4fbfca9b07926bc12c4d48b1d24b91b2c8ed33f553b79b728d3322f21f41 claimNumberOnChain=1785055688366741
2026-07-31T10:07:45.634Z OK claim_number=361714 claim_id=e09794ef-980b-459a-a62d-72a3e71f53fe use=claim fid=FID-29-117658-4 cr=CR4686598781823-1 scheme=SHIF amount=87.50 tx=0xb61268e42bc68c4803d164690f24eaee8048631c327cce9073038fd7b6d40fd8 claimNumberOnChain=1785055688366742
2026-07-31T10:07:51.569Z OK claim_number=361715 claim_id=d6bd99a8-904d-4f8a-be6b-782cb479bf0b use=claim fid=FID-20-114807-9 cr=CR6721018381939-0 scheme=SHIF amount=250.00 tx=0xda54da85c8614809ceb8dda9e48de152756220c67d4e48b873fe9c0446f8f1fe claimNumberOnChain=1785055688366743
2026-07-31T10:08:04.407Z OK claim_number=361716 claim_id=2abba217-5a68-4c1d-8614-2315975eae84 use=claim fid=FID-29-117658-4 cr=CR4686598781823-1 scheme=SHIF amount=46.95 tx=0x936f4af3aad283518a06a7c4a2c5c424eb23e00f0611a4825f0c4754bf4f7ea4 claimNumberOnChain=1785055688366744
2026-07-31T10:08:10.024Z OK claim_number=361717 claim_id=a325b60a-4108-4330-a1ba-91ca2a5d25e5 use=claim fid=FID-29-117658-4 cr=CR4686598781823-1 scheme=SHIF amount=87.50 tx=0xe894fe5485330f6abddf67888c2b3d0051aa2b9f8f58b068d82076b3746d46b9 claimNumberOnChain=1785055688366746
2026-07-31T10:08:18.534Z OK claim_number=361718 claim_id=81659602-979d-4fab-a5c4-e14266cada57 use=claim fid=FID-20-114807-9 cr=CR0432384750377-5 scheme=SHIF amount=250.00 tx=0x17e7f7ae61fad2d1e718845c71a0e6933e2595410401c10a1a62b2f044fb13e8 claimNumberOnChain=1785055688366747
2026-07-31T10:08:32.584Z OK claim_number=361719 claim_id=2700a4a5-ccd8-4296-bc09-38e84c18654b use=claim fid=FID-29-117658-4 cr=CR4686598781823-1 scheme=SHIF amount=46.95 tx=0x5406c79349e13e41b1166dc4a5ce4805b0e42f7dc14544a12c4b5fe646248797 claimNumberOnChain=1785055688366748
2026-07-31T10:08:38.327Z OK claim_number=361720 claim_id=6d3aa4ca-19a4-4aed-9a2c-85797d2051d3 use=claim fid=FID-29-117658-4 cr=CR4686598781823-1 scheme=SHIF amount=87.50 tx=0x1261b2c311b7471ee238ce760d87278a19d51ed88ca276fde609b7e016973123 claimNumberOnChain=1785055688366749
2026-07-31T10:08:44.103Z OK claim_number=361721 claim_id=5fc9dc69-da41-47cd-aa1d-1e84c205b4ba use=claim fid=FID-29-117658-4 cr=CR8727405005556-7 scheme=SHIF amount=100.00 tx=0x72ad941194629a5a518f2d18a845eb900778e0468c25c6b41e79f3f2969bb7a4 claimNumberOnChain=1785055688366750
2026-07-31T10:08:50.157Z OK claim_number=361722 claim_id=f52dd208-6dc0-4caf-a69b-f65aec5b9418 use=claim fid=FID-29-117658-4 cr=CR5963084322818-9 scheme=SHIF amount=125.00 tx=0xde5466d125c6bfb794d67ade1991f9c47973e9da8043b42d4e7be64d97a6e8fc claimNumberOnChain=1785055688366752
2026-07-31T10:09:08.314Z OK claim_number=361723 claim_id=0a48d302-2573-4a80-856c-5f9e0cd067a8 use=claim fid=FID-20-114807-9 cr=CR1986909965374-5 scheme=SHIF amount=281.50 tx=0x94e4619eb499b0dbe01b626281fcce4ab9e1081383cf3961402c5f30ddfb5770 claimNumberOnChain=1785055688366753
2026-07-31T10:09:21.571Z OK claim_number=361724 claim_id=1db72c50-acba-4577-a4db-bd56bf13e556 use=claim fid=FID-29-117658-4 cr=BZ29728796-3 scheme=SHIF amount=625.00 tx=0xe2c83eb3da8c5fd963ebf16017280d28359e23829526fcbe89e6b1543eb9e42f claimNumberOnChain=1785055688366754
2026-07-31T10:09:27.209Z OK claim_number=361725 claim_id=785da6ed-6317-4f14-9b8d-615ab54bb891 use=claim fid=FID-29-117658-4 cr=CR6509895938248-3 scheme=SHIF amount=100.00 tx=0x6c5bfb1a4573380d699a130ee1be934e8164851fe36f7bc1c6ca270ea417f09f claimNumberOnChain=1785055688366755
2026-07-31T10:09:32.932Z OK claim_number=361726 claim_id=f540e1a8-fd26-4dd4-b7ef-807d8d73a2b3 use=claim fid=FID-20-114807-9 cr=CR8432425773647-8 scheme=SHIF amount=500.00 tx=0x5e6b099420590b8592ed0d3b8c392fd7286b1310b30fdd6300e808dfd5c2c109 claimNumberOnChain=1785055688366756
2026-07-31T10:09:45.958Z OK claim_number=361727 claim_id=1b13532c-d7f7-4eaa-84f1-dbc8f61376be use=claim fid=FID-29-117658-4 cr=CR5751346909205-9 scheme=SHIF amount=125.00 tx=0xcd890e78dd6feb16b63c45f04498cb638a68cf1f3f2159299e3b3d0f3dc1dfd5 claimNumberOnChain=1785055688366757
2026-07-31T10:09:59.087Z OK claim_number=361728 claim_id=bb506f45-9d34-4344-bc77-30dd5f91efdb use=claim fid=FID-29-117658-4 cr=CR8199563374994-8 scheme=SHIF amount=125.00 tx=0x545b45d0bb27c2ab3ffb0ca4f58de863a21ee2e30bb8ca2f3623d737a0af5c28 claimNumberOnChain=1785055688366758
2026-07-31T10:10:11.843Z OK claim_number=361729 claim_id=2e6a2a1d-3aab-465a-bbe6-9e0d99964189 use=claim fid=FID-29-117658-4 cr=CR4686598781823-1 scheme=SHIF amount=46.95 tx=0x62d64e9a06953d4042a94d7aaa3d9c7266fafee0eef38e747d1a1c65a5c4253d claimNumberOnChain=1785055688366759
2026-07-31T10:10:17.499Z OK claim_number=361730 claim_id=828b1105-d748-4015-a8a8-d9548e39138d use=claim fid=FID-29-117658-4 cr=CR4686598781823-1 scheme=SHIF amount=87.50 tx=0x998dab5e72d7beee4a6bb7406ad391471e7b7e3685386414cd65fe7838583612 claimNumberOnChain=1785055688366760
2026-07-31T10:10:23.077Z OK claim_number=361731 claim_id=20e7b8b7-c3c8-48ca-bb4e-1297a7a5cf29 use=claim fid=FID-29-117658-4 cr=CR4686598781823-1 scheme=SHIF amount=46.95 tx=0x72f4cbb6535644ff04d0588ae0878ed8e4cd52db3cd518ba306ea81f22bca1ac claimNumberOnChain=1785055688366761
2026-07-31T10:10:28.688Z OK claim_number=361732 claim_id=0f00435c-b003-4c3b-b6ed-7b3a2fbb6b30 use=claim fid=FID-20-114807-9 cr=CR4026806073813-5 scheme=SHIF amount=312.50 tx=0x90f910a670dbe8c7606cf8e675af210794f5a1679c945c9b477390e13113d47a claimNumberOnChain=1785055688366762
2026-07-31T10:10:51.839Z OK claim_number=361733 claim_id=983561b8-5c5a-449d-9cce-c53769de7357 use=claim fid=FID-29-117658-4 cr=CR4686598781823-1 scheme=SHIF amount=87.50 tx=0xda4d26490ef74ecaa0b6a2d963618d77231910c5ae5e04d48e6e19581dccaf8a claimNumberOnChain=1785055688366763
2026-07-31T10:10:57.541Z OK claim_number=361734 claim_id=7a4edbbb-4ab1-4255-84f8-f533b839d2e2 use=claim fid=FID-29-117658-4 cr=CR4686598781823-1 scheme=SHIF amount=46.95 tx=0x69ca9678109889c58ece5c2ba98e1d9d0446f6cc8b0b6bafbdb9029f8b770a64 claimNumberOnChain=1785055688366764
2026-07-31T10:11:03.189Z OK claim_number=361735 claim_id=f12876bd-202b-4a34-a962-8473e999da42 use=claim fid=FID-20-114807-9 cr=CR8637196451576-8 scheme=SHIF amount=1200.00 tx=0xb74dfc8682732ad17385ea93c72d5c76ab2369fdecff8c9d15740875c68c1d2d claimNumberOnChain=1785055688366765
2026-07-31T10:11:15.829Z OK claim_number=361736 claim_id=6421fda2-a10f-43a1-89ce-55f541dedfe3 use=claim fid=FID-29-117658-4 cr=CR4686598781823-1 scheme=SHIF amount=87.50 tx=0xa4af1c8905e3f1a5c4e325eab1db37fbf2018fd47da37129ad66c35c678eb984 claimNumberOnChain=1785055688366766
2026-07-31T10:11:21.513Z OK claim_number=361737 claim_id=89b115ab-1a95-45f7-81c5-edae88f4b7f4 use=claim fid=FID-29-117658-4 cr=CR4686598781823-1 scheme=SHIF amount=46.95 tx=0x30812da2452e6be89f8c74005e151d018ae67b68c8284884987bb7dacb9c6ae4 claimNumberOnChain=1785055688366767
2026-07-31T10:11:27.123Z OK claim_number=361738 claim_id=5de75b75-f7e4-4804-9566-fd447a0719cb use=claim fid=FID-29-117658-4 cr=CR4686598781823-1 scheme=SHIF amount=87.50 tx=0xf98b09358fca490fb786f0737e4d4feb257481fc328f50d47a3605d8b736c8ad claimNumberOnChain=1785055688366768
2026-07-31T10:11:32.842Z OK claim_number=361739 claim_id=fc7f3778-ce6e-4ef1-ae8f-a661bfed00de use=claim fid=FID-20-114807-9 cr=CR0291374703325-3 scheme=SHIF amount=375.00 tx=0x6871cab241efd544b9aa67723ba6acb8a6cf1eea3b8ec19613c63c38a7fff5df claimNumberOnChain=1785055688366769
2026-07-31T10:11:45.369Z OK claim_number=361740 claim_id=bf169098-10cb-4859-bfc7-3c15c6424103 use=claim fid=FID-29-117658-4 cr=CR8727405005556-7 scheme=SHIF amount=625.00 tx=0x207a3dbb612d0741da6b6f8314024ab3b1e760684ffe4e8572c5b91ed9d2900d claimNumberOnChain=1785055688366770
2026-07-31T10:11:51.012Z OK claim_number=361741 claim_id=b7459bd7-82b9-4f31-adef-c324de02a40f use=claim fid=FID-29-117658-4 cr=CR7485917049039-0 scheme=SHIF amount=125.00 tx=0xdf7b3e43fee560dcc2566774db3f0db717c335ced882d94de28627bdfd15dad5 claimNumberOnChain=1785055688366771
2026-07-31T10:12:03.486Z OK claim_number=361742 claim_id=bad7930e-3c25-4ea8-9565-5897ea3ef037 use=claim fid=FID-29-117658-4 cr=CR8727405005556-7 scheme=SHIF amount=600.00 tx=0xeb1715e67781f4840fa8bb951af86f89fa474ca534a21b119bf41a28d41b70ef claimNumberOnChain=1785055688366772
2026-07-31T10:12:09.267Z OK claim_number=361743 claim_id=a1c94352-df34-4b75-a74c-ef19ea79da26 use=claim fid=FID-29-117658-4 cr=CR7559028631034-2 scheme=SHIF amount=125.00 tx=0x0ddbec60e32ec6920dd4fa20bcd5cbe45989cad8783f82788d626fb59c8555c5 claimNumberOnChain=1785055688366773
2026-07-31T10:12:15.035Z OK claim_number=361744 claim_id=22f926cf-cbbc-42c8-8bd5-548ef33fa6fd use=claim fid=FID-29-117658-4 cr=CR8727405005556-7 scheme=SHIF amount=500.00 tx=0xd723a79808d10baaa0965eb9d1bafbea72455233d8843b3eac4067a39d14d256 claimNumberOnChain=1785055688366774
2026-07-31T10:12:20.817Z OK claim_number=361745 claim_id=eb9b3d05-2ee7-458c-8257-2a0f597f0c36 use=claim fid=FID-29-117658-4 cr=CR1574843530950-7 scheme=SHIF amount=125.00 tx=0xc0637ac44e3130d19f0f7c5f6df31fe59c39e787d875e95861d7bb062695e4c0 claimNumberOnChain=1785055688366775
2026-07-31T10:12:26.478Z OK claim_number=361746 claim_id=464b8c13-06fe-461b-904b-5d25bb94b277 use=claim fid=FID-29-117658-4 cr=CR7590664550703-2 scheme=SHIF amount=125.00 tx=0xe1e2c510a55fb155d078936c2cf3cc0abc0d93f203961333f9aec8ad07e396f6 claimNumberOnChain=1785055688366776
2026-07-31T10:12:39.133Z OK claim_number=361747 claim_id=49267f59-b1f3-42d5-88bd-1effba09f15e use=claim fid=FID-29-117658-4 cr=CR3928672760384-2 scheme=SHIF amount=100.00 tx=0xa04552637174087dd277df8e9c19f112f8d6bf021bf05a6dc3d26e661e7858e5 claimNumberOnChain=1785055688366777
2026-07-31T10:12:44.872Z OK claim_number=361748 claim_id=78eeb12e-8a6a-497b-9c91-1e388ab9c768 use=claim fid=FID-29-117658-4 cr=CR7860562929831-4 scheme=SHIF amount=100.00 tx=0x017145266de880d48dbc89f9229f6850e74b4d2209a2d04edf9c25c42bc38a5b claimNumberOnChain=1785055688366778
2026-07-31T10:12:50.604Z OK claim_number=361749 claim_id=b629bcec-95a7-463e-83fc-a19c249a0018 use=claim fid=FID-20-114807-9 cr=CR3154234078070-8 scheme=SHIF amount=500.00 tx=0x5b94c3f5f5c1ef1bc1c0bd94509b09d4f8e2e811b59545e9eae52c49ec3ce78b claimNumberOnChain=1785055688366779
2026-07-31T10:13:08.762Z OK claim_number=361750 claim_id=f050e009-b618-41d5-b10e-683d45d53ca6 use=claim fid=FID-20-114807-9 cr=CR2925103554840-4 scheme=SHIF amount=312.50 tx=0x1b4d8fc41200f418802550dc10c3072561423bcaf90736952465f8d5ba650320 claimNumberOnChain=1785055688366780
2026-07-31T10:13:21.496Z OK claim_number=361751 claim_id=c46c883e-bbb3-4171-97a8-eb134c3b2f9c use=claim fid=FID-20-114807-9 cr=CR7630253168826-9 scheme=SHIF amount=125.00 tx=0x3acbe43666ac0420d7228c9d5a38e3bfe9d36e432fe0049b3ceb2d97c22a2102 claimNumberOnChain=1785055688366781
2026-07-31T10:13:34.179Z OK claim_number=361752 claim_id=1b1b6533-5c86-43b7-b31d-dc093241afb2 use=claim fid=FID-29-117658-4 cr=CR8727405005556-7 scheme=SHIF amount=266.05 tx=0x9471f61786bc28a72f94bed2ebf906118fbd9b8344c42704b1dec64d6805b3a5 claimNumberOnChain=1785055688366782
2026-07-31T10:13:39.852Z OK claim_number=361753 claim_id=794dfe7c-3a51-4c3d-a8ff-a9ec09f47199 use=claim fid=FID-29-117658-4 cr=CR9353590127619-4 scheme=SHIF amount=125.00 tx=0x4c46b6518a299af01e73b3a9a0390b105c1d6f6d9a29c3817f70ce43d5f8b012 claimNumberOnChain=1785055688366783
2026-07-31T10:13:52.500Z OK claim_number=361754 claim_id=5c0d741c-5b2c-453a-b7ae-cd3883966a7b use=claim fid=FID-29-117658-4 cr=CR8727405005556-7 scheme=SHIF amount=266.05 tx=0xdc5e0e9065d7bfe15fcc6cff05ae95a5a20c8282542721b0351e7d4b76af7133 claimNumberOnChain=1785055688366784
2026-07-31T10:13:58.084Z OK claim_number=361755 claim_id=dbb316b0-0648-49a1-88ed-5c9f4bd8923e use=claim fid=FID-29-117658-4 cr=CR8706882107674-0 scheme=SHIF amount=100.00 tx=0x8737f9236c255504e60c56099811e93a9edf9f7d6077f7d533982a40f6347c68 claimNumberOnChain=1785055688366785
2026-07-31T10:14:03.782Z OK claim_number=361756 claim_id=d63275ae-6d6c-41df-bfec-85eb2d44c8a7 use=claim fid=FID-29-117658-4 cr=CR0184562850516-8 scheme=SHIF amount=125.00 tx=0x0f40f602686388d4fa07bf98fc408f610004c5b162f3193db330282c096f2acb claimNumberOnChain=1785055688366786
2026-07-31T10:14:16.474Z OK claim_number=361757 claim_id=bb3bded2-ae6c-4f23-9c83-1bd693699b1f use=claim fid=FID-29-117658-4 cr=CR4195890425516-8 scheme=SHIF amount=75.00 tx=0x02271afafeb7e655913107494e061604aa396b4ead57a0758ce791fd49dd6708 claimNumberOnChain=1785055688366787
2026-07-31T10:14:22.179Z OK claim_number=361758 claim_id=1633c7db-9483-4447-aa50-1688d7366054 use=claim fid=FID-20-114807-9 cr=CR2859932328885-6 scheme=SHIF amount=250.00 tx=0x7aeb7b70abfe2dd5901ac310bd7a6db3da738b050049ef00cf367aaec623eb8d claimNumberOnChain=1785055688366788
2026-07-31T10:14:34.959Z OK claim_number=361759 claim_id=f1f9bbfa-9fc2-4762-afcf-a11fd2bfc66b use=claim fid=FID-29-117658-4 cr=CR4195890425516-8 scheme=SHIF amount=22.50 tx=0x2eea764e7a0f70feaf00ed2c3b10450a67b5118d865da50ae4a1770dcd0bb704 claimNumberOnChain=1785055688366789
2026-07-31T10:14:40.545Z OK claim_number=361760 claim_id=a7eac64a-629a-427e-8fdf-d0bed9c03b40 use=claim fid=FID-20-114807-9 cr=CR3504723321875-4 scheme=SHIF amount=625.00 tx=0x93c0d0cbfd7206880ed2efd75aeed4ba104c6eb13b62af5936dbfd5c74ef6a4d claimNumberOnChain=1785055688366790
2026-07-31T10:15:03.262Z OK claim_number=361761 claim_id=415ff7b0-a2f9-4d91-89e1-d5b0633d6b34 use=claim fid=FID-29-117658-4 cr=CR4195890425516-8 scheme=SHIF amount=75.00 tx=0xa867db8cdfe75f4884c9949a1419ac202a05689fb0ea53efa16d881591b9ddf2 claimNumberOnChain=1785055688366791
2026-07-31T10:15:08.875Z OK claim_number=361762 claim_id=d0acb790-f92e-419c-a149-16dc2876e182 use=claim fid=FID-29-117658-4 cr=CR4195890425516-8 scheme=SHIF amount=22.50 tx=0x17c3dfc5c479ee64a6eb5aad227427e05567e951f0892d85fd801ffbd8ca4d62 claimNumberOnChain=1785055688366792
2026-07-31T10:15:14.419Z OK claim_number=361763 claim_id=1d9a6107-efed-4cd7-acce-ddcb505d59a4 use=claim fid=FID-29-117658-4 cr=CR8420684130801-5 scheme=SHIF amount=125.00 tx=0x32ed91f34f2695add7cacbea9a665dc290e5ad14a7d3651ee5c20786c5293705 claimNumberOnChain=1785055688366793
2026-07-31T10:15:26.979Z OK claim_number=361764 claim_id=8b0ff88f-df5a-41f5-acbb-5e04a4c16726 use=claim fid=FID-29-117658-4 cr=CR4195890425516-8 scheme=SHIF amount=75.00 tx=0x1d3957aa4134431ad8731417151b7e32579a2941db96e3eea976cb15c7a29418 claimNumberOnChain=1785055688366794
2026-07-31T10:15:32.594Z OK claim_number=361765 claim_id=5a5dfaf3-b664-459a-afae-0bd0f312126c use=claim fid=FID-29-117658-4 cr=CR4195890425516-8 scheme=SHIF amount=22.50 tx=0xc2284f2b5a336b10da1ff36c655a85682bf21841765aedec519f2d5aaeaa119c claimNumberOnChain=1785055688366795
2026-07-31T10:15:38.264Z OK claim_number=361766 claim_id=eaa05941-5ea2-4581-8c38-3388c017ee76 use=claim fid=FID-29-117658-4 cr=CR4195890425516-8 scheme=SHIF amount=75.00 tx=0x7fd4d3f818edb663ae18c47dcf8c18a949b05a2501d133ec48615285c4f62ee2 claimNumberOnChain=1785055688366796
2026-07-31T10:15:47.319Z OK claim_number=361767 claim_id=2e107062-c2eb-4b8d-a5a8-cc53802bdcd0 use=claim fid=FID-29-117658-4 cr=CR2822065421936-6 scheme=SHIF amount=125.00 tx=0xfcd94545c70dad5bc550e3b8bd2fc2a6084bb142753b06dd07bb54dffc27bc6c claimNumberOnChain=1785055688366797
2026-07-31T10:16:00.160Z OK claim_number=361768 claim_id=a60aa32f-d376-4cb0-be6c-74961d2dd436 use=claim fid=FID-29-117658-4 cr=CR4195890425516-8 scheme=SHIF amount=22.50 tx=0xe0888b647d56bac2741d663982b9d997266be08be97361d480064bf468805e95 claimNumberOnChain=1785055688366798
2026-07-31T10:16:05.784Z OK claim_number=361769 claim_id=8ca9298b-a04b-449d-93b2-17ef0564c020 use=claim fid=FID-29-117658-4 cr=CR8095733228011-3 scheme=SHIF amount=125.00 tx=0xf2b275ddf21156627e27c51fe1cc30293ac2519a209fc9b76f2b96ccea2ac570 claimNumberOnChain=1785055688366799
2026-07-31T10:16:14.218Z OK claim_number=361770 claim_id=d4a24bdb-d1e0-4005-a303-e1ee65f38cf3 use=claim fid=FID-29-117658-4 cr=CR4195890425516-8 scheme=SHIF amount=75.00 tx=0x252279ee724273544552ae0b261474dd06f9da047b9f987a9ad061504f6bad28 claimNumberOnChain=1785055688366800
2026-07-31T10:16:20.162Z OK claim_number=361771 claim_id=068c5e61-7bf1-4a0a-bf66-adb6495c0e0c use=claim fid=FID-29-117658-4 cr=CR6521918873708-7 scheme=SHIF amount=125.00 tx=0x0958f4d9ef67c1692980c3ee4b79130302a5a8b414e0a5ae6d0ace45df7ef8e9 claimNumberOnChain=1785055688366801
2026-07-31T10:16:33.468Z OK claim_number=361772 claim_id=a06048d3-4146-4d8d-a1c9-5be432526a61 use=claim fid=FID-29-117658-4 cr=CR4195890425516-8 scheme=SHIF amount=22.50 tx=0x5ce24311cba7e0cc8d47d70b3190358a0d64223c7fadada3abfe35521afee869 claimNumberOnChain=1785055688366802
2026-07-31T10:16:39.387Z OK claim_number=361773 claim_id=31d988f1-2cba-4cc5-8345-3741d1dcac4e use=claim fid=FID-29-117658-4 cr=CR0597975760735-8 scheme=SHIF amount=100.00 tx=0xcb38d2ac105319928d4e5b2bb71136aea20adbb043a9cdd77904c85ac578526c claimNumberOnChain=1785055688366803
2026-07-31T10:16:45.053Z OK claim_number=361774 claim_id=baecfc65-d3f8-42b3-9cce-2fc67784e6b3 use=claim fid=FID-20-114807-9 cr=CR2244241667988-7 scheme=SHIF amount=250.00 tx=0x46a5d1d9e07e69dc1365816de07dd4542f572e01e5adf6d42ad8a36026680b19 claimNumberOnChain=1785055688366804
2026-07-31T10:16:57.703Z OK claim_number=361775 claim_id=95650d69-6ad6-4be4-959d-f64da465d5d8 use=claim fid=FID-29-117658-4 cr=CR9645760706984-8 scheme=SHIF amount=100.00 tx=0x5cf42e3da3d4b44e24b8962c19bde1f40d9df4c0d555d13f2fe437f7eebb8389 claimNumberOnChain=1785055688366805
2026-07-31T10:17:03.395Z OK claim_number=361776 claim_id=37dc6b95-dd1c-4502-a88d-8e36d5dc7d38 use=claim fid=FID-20-114807-9 cr=CR4990427623651-1 scheme=SHIF amount=137.50 tx=0xf769d55f3e474dacdda4d5ef21ab9c939dd466eb00b6e282853a31158e9e53e8 claimNumberOnChain=1785055688366806
2026-07-31T10:17:15.991Z OK claim_number=361777 claim_id=8817f1b0-1219-43d8-a204-c1579de961af use=claim fid=FID-29-117658-4 cr=CR4195890425516-8 scheme=SHIF amount=100.00 tx=0x5a9410dcab0f19199286e49a46c82ffb00a73761e27f0350061c48a9c7abf70b claimNumberOnChain=1785055688366807
2026-07-31T10:17:21.657Z OK claim_number=361778 claim_id=829eece7-253e-4528-966e-843a324ad967 use=claim fid=FID-29-117658-4 cr=CR6070288307881-1 scheme=SHIF amount=125.00 tx=0x13f2e840d94a395a317fffc73c85bffea9a0dfc377e25241d2530f828b5329fe claimNumberOnChain=1785055688366808
2026-07-31T10:17:34.399Z OK claim_number=361779 claim_id=40b7301f-5ef5-430b-b0c8-6e63ccf413fb use=claim fid=FID-29-117658-4 cr=CR5741431600340-9 scheme=SHIF amount=100.00 tx=0xcc73012659565ac24df2347fe805f75138bd85c934019f3ef24a8fbbd0c75417 claimNumberOnChain=1785055688366809
2026-07-31T10:17:39.955Z OK claim_number=361780 claim_id=d5684c20-ef08-48e5-a8e4-3b3d350bb7e0 use=claim fid=FID-20-114807-9 cr=CR3133740544312-2 scheme=SHIF amount=400.00 tx=0x33c56c056032511accdbb9a5dd50b0fff85f44c96feb6dfb970439a180edbaa1 claimNumberOnChain=1785055688366810
2026-07-31T10:17:52.548Z OK claim_number=361781 claim_id=290a070c-3d49-4a26-a875-19de0ff71335 use=claim fid=FID-29-117658-4 cr=CR8706882107674-0 scheme=SHIF amount=100.00 tx=0x5672bf62a48c7463eb0c4fa877879e6f097e1a95bc889c4f522b50ab7d0a9d6f claimNumberOnChain=1785055688366812
2026-07-31T10:18:01.972Z OK claim_number=361782 claim_id=ffd9ee9f-c9f8-41ef-a3ee-88f6e91e8df9 use=claim fid=FID-20-114807-9 cr=CR0257751029958-9 scheme=SHIF amount=162.50 tx=0x9204fce067edb4232aeb8bd6941d19f96f63c06ee115f8ce773f0b276d2e8d10 claimNumberOnChain=1785055688366813
2026-07-31T10:18:14.961Z OK claim_number=361783 claim_id=44038c78-0ae5-45d8-b8db-66bf9bff78fc use=claim fid=FID-29-117658-4 cr=CR8706882107674-0 scheme=SHIF amount=100.00 tx=0x3e1181dcbe1c3ed87cc66457bc709e00eabb15088ca380c9b342bdf01c726a1f claimNumberOnChain=1785055688366814
2026-07-31T10:18:20.922Z OK claim_number=361784 claim_id=dbd271ea-d0d9-43e2-81f2-6e0281ff35ac use=claim fid=FID-29-117658-4 cr=CR3532436310430-6 scheme=SHIF amount=125.00 tx=0x01e24ca107a30f0c8f407b849be89940f38d451996d8d702aeab8a65d8b153cf claimNumberOnChain=1785055688366815
2026-07-31T10:18:33.706Z OK claim_number=361785 claim_id=86e5ee76-8c44-4cb8-94d1-d64c9a3c1e54 use=claim fid=FID-29-117658-4 cr=CR8706882107674-0 scheme=SHIF amount=100.00 tx=0xaf555bddb3dd4286201df4e99588b974fee8f58fa6f21657f561c0e5b389c2bf claimNumberOnChain=1785055688366816
2026-07-31T10:18:39.365Z OK claim_number=361786 claim_id=50296b37-200e-4918-96d1-fc89d20c668d use=claim fid=FID-20-114807-9 cr=CR0379058613058-3 scheme=SHIF amount=250.00 tx=0x56b92f99511722493b360ebfeebff2f75a9604fec8330b32792be9d1049f3b5e claimNumberOnChain=1785055688366817
2026-07-31T10:18:52.075Z OK claim_number=361787 claim_id=3c5f5bde-8c59-4b52-b71a-83d2b237d9ef use=claim fid=FID-29-117658-4 cr=CR7400004069070-9 scheme=SHIF amount=100.00 tx=0x9a4749e3b88cf37faa15ae3cbae2958fc0c0e974e294fb1c2b065bc15573f3dd claimNumberOnChain=1785055688366818
2026-07-31T10:18:57.705Z OK claim_number=361788 claim_id=048785b9-803f-47f4-b943-98cdc567930b use=claim fid=FID-29-117658-4 cr=CR8727405005556-7 scheme=SHIF amount=625.00 tx=0x0c5a9c4a1409febdd46f8d100c3e8b9c3902b7e6eca221d99b87615541c8a926 claimNumberOnChain=1785055688366819
2026-07-31T10:19:03.349Z OK claim_number=361789 claim_id=3c03e826-5766-4ce7-afa0-f0cc6229563b use=claim fid=FID-20-114807-9 cr=CR5424583846893-3 scheme=SHIF amount=875.00 tx=0xb37e80fa7e297235ccc0445a02687f26be9818bee9e11e88fd5f7e3b88104440 claimNumberOnChain=1785055688366820
2026-07-31T10:19:15.967Z OK claim_number=361790 claim_id=de7fa2cf-4250-4719-8574-c22767729e14 use=claim fid=FID-29-117658-4 cr=CR8573138754155-3 scheme=SHIF amount=125.00 tx=0xd8d0def792994352eb9ed1b85ae355fce298d21dd9dce97044e5fff2c2c1f280 claimNumberOnChain=1785055688366821
2026-07-31T10:19:28.680Z OK claim_number=361791 claim_id=e6530d2f-7115-45fb-8638-9767e9844601 use=claim fid=FID-29-117658-4 cr=CR8727405005556-7 scheme=SHIF amount=625.00 tx=0x5fe35849c98a4ce8e1dc824d4daa747e397e49c68e7d2aee2baf7304267f1ade claimNumberOnChain=1785055688366822
2026-07-31T10:19:34.433Z OK claim_number=361792 claim_id=588905cd-4c6b-45f6-87ca-6ae1e4042541 use=claim fid=FID-29-117658-4 cr=CR8727405005556-7 scheme=SHIF amount=62.50 tx=0x4ab3190730eebdec2611de44c10c4102f142521102482bdf5e31dc4cfdada96e claimNumberOnChain=1785055688366823
2026-07-31T10:19:40.052Z OK claim_number=361793 claim_id=85e3658e-09ff-4033-97b1-4cb75196f0bc use=claim fid=FID-29-117658-4 cr=CR6564782353325-7 scheme=SHIF amount=125.00 tx=0x9a965cf9385f38acbb5ec1f0adadefc64a49ed266552946f4cf5fbad38d6c81d claimNumberOnChain=1785055688366824
2026-07-31T10:19:52.770Z OK claim_number=361794 claim_id=cff34a96-e1a2-486f-8e47-f977e322c77f use=claim fid=FID-29-117658-4 cr=CR8727405005556-7 scheme=SHIF amount=37.50 tx=0x134f547df20db01e40aa92e391b868afa350abdb4ff41e77e41d89d4aef9d958 claimNumberOnChain=1785055688366825
2026-07-31T10:19:58.443Z OK claim_number=361795 claim_id=1733d814-864d-4c99-86d8-f60164d6189a use=claim fid=FID-29-117658-4 cr=CR8033363559714-2 scheme=SHIF amount=125.00 tx=0xeb2d33b1faae4e87e8b0dd31e6bad8c7d461e30975aa00792562d26ace14249d claimNumberOnChain=1785055688366826
2026-07-31T10:20:11.151Z OK claim_number=361796 claim_id=71256046-91a4-43cc-9720-333730bb3489 use=claim fid=FID-29-117658-4 cr=CR8727405005556-7 scheme=SHIF amount=62.50 tx=0xdcc01c184f733f46483349afb1f48499b08205a08c4ea12b9e621419f89228d6 claimNumberOnChain=1785055688366827
2026-07-31T10:20:16.775Z OK claim_number=361797 claim_id=b6521f2c-c464-4915-ba0b-d7d92f3410a8 use=claim fid=FID-29-117658-4 cr=CR8727405005556-7 scheme=SHIF amount=37.50 tx=0x6c69fb2f6f8b8dde34b3924c14241c50482da0cb7a15b90d41db998afbdb6aef claimNumberOnChain=1785055688366828
2026-07-31T10:20:22.468Z OK claim_number=361798 claim_id=dcd599a5-8330-4540-83e0-6451d40cc581 use=claim fid=FID-20-114807-9 cr=CR7868488888768-7 scheme=SHIF amount=625.00 tx=0x80979bb1dfd1f2cd68ef4e69a5e3ed436a784c866b55910014e43e9caa3d010c claimNumberOnChain=1785055688366829
2026-07-31T10:20:35.431Z OK claim_number=361799 claim_id=6f3d89f6-40ac-4ead-9e7d-5f5b86f6ae24 use=claim fid=FID-29-117658-4 cr=CR8727405005556-7 scheme=SHIF amount=100.00 tx=0xeb6096706f89ee1815fe937dad3a88d5c0f4c0051110a7a437dd16e4ee7b6056 claimNumberOnChain=1785055688366830
2026-07-31T10:20:38.402Z OK claim_number=361800 claim_id=df5cc61f-361e-4305-a1f0-306bfa45ec4d use=claim fid=FID-29-117658-4 cr=CR5156800748363-8 scheme=SHIF amount=125.00 tx=0xf45ccb01dde621a35144c41170f719ccc688c71c924b56bc8bccb54477db3839 claimNumberOnChain=1785055688366831
2026-07-31T10:20:51.059Z OK claim_number=361801 claim_id=2ae4944d-8795-4659-9889-ee85ad0402d1 use=claim fid=FID-29-117658-4 cr=CR7400004069070-9 scheme=SHIF amount=100.00 tx=0x0eaed53b88c69785575dac7c57158c8f215509196816a75d468d98451d946e28 claimNumberOnChain=1785055688366832
2026-07-31T10:20:56.740Z OK claim_number=361802 claim_id=beeeb1ae-1f04-4d90-9394-09dea08bf96c use=claim fid=FID-29-117658-4 cr=CR4415440012474-7 scheme=SHIF amount=125.00 tx=0x56a8cd2da1902d11dbdbd621bfb0853da33f601c65ed12691590320c6d14139d claimNumberOnChain=1785055688366833
2026-07-31T10:21:09.525Z OK claim_number=361803 claim_id=e06872bf-ce85-4f11-b8f4-20163bfea037 use=claim fid=FID-29-117658-4 cr=CR3256370334707-4 scheme=SHIF amount=625.00 tx=0xc23e648f7a67ed2588cb97c58cd39db4c67e2713b46b047236f50cfebacf4b08 claimNumberOnChain=1785055688366834
2026-07-31T10:21:15.158Z OK claim_number=361804 claim_id=b56bbf59-db11-4b48-a2fe-8c668145f51f use=claim fid=FID-20-114807-9 cr=CR8852832368842-4 scheme=SHIF amount=730.00 tx=0x0766c235c91ea2536df50948fff33d04e15352a1d8223e1bc400b0fe1b238f51 claimNumberOnChain=1785055688366835
2026-07-31T10:21:27.742Z OK claim_number=361805 claim_id=27eee650-792a-49b3-b214-0cf1c8f42c6a use=claim fid=FID-29-117658-4 cr=CR3928672760384-2 scheme=SHIF amount=6.25 tx=0x2339868d908169f15aefdb88dda5a889ffaee9908d8a26548bc0841f2e3cc637 claimNumberOnChain=1785055688366836
2026-07-31T10:21:33.324Z OK claim_number=361806 claim_id=6c116a75-a93f-4cf0-a6c4-5a611a9c56de use=claim fid=FID-29-117658-4 cr=CR3928672760384-2 scheme=SHIF amount=6.25 tx=0xed6b7b5cb621ec45248a34c9636fa0a98ed84abacf344d0a57fd351d293dffe9 claimNumberOnChain=1785055688366837
2026-07-31T10:21:39.180Z OK claim_number=361807 claim_id=3b8991a9-e078-4a2b-878d-46cdf4088200 use=claim fid=FID-29-117658-4 cr=CR3140718602864-8 scheme=SHIF amount=125.00 tx=0xe6ecd7812ca4572c293be70e6033183c1e73985747f71ff67385ea087596d20b claimNumberOnChain=1785055688366838
2026-07-31T10:21:51.906Z OK claim_number=361808 claim_id=7e95f839-85f0-4386-bf1f-af3bb69ac746 use=claim fid=FID-29-117658-4 cr=CR4925764247277-7 scheme=SHIF amount=100.00 tx=0x35d527d51049464174197bbc6581b77c62c41afb83c5f486937405c2967699bd claimNumberOnChain=1785055688366839
2026-07-31T10:21:57.496Z OK claim_number=361809 claim_id=5cb200d9-b826-4999-a369-06b6c42faa29 use=claim fid=FID-29-117658-4 cr=CR3286746361104-5 scheme=SHIF amount=125.00 tx=0x5e8c2f3d586d333a1706a482119368f359dbc4216ab170f4dd332c42bd2e6cba claimNumberOnChain=1785055688366840
2026-07-31T10:22:10.268Z OK claim_number=361810 claim_id=4bac4945-e550-4736-b57c-f4ff5e4f61bd use=claim fid=FID-29-117658-4 cr=CR4037947014271-7 scheme=SHIF amount=46.95 tx=0xd25e502fb47cc9f70bbbb10b075322a82500499cfb66bbb00929c14bf3c5206a claimNumberOnChain=1785055688366841
2026-07-31T10:22:15.919Z OK claim_number=361811 claim_id=8b9b6fde-1002-42df-a973-d501373a8265 use=claim fid=FID-29-117658-4 cr=CR4037947014271-7 scheme=SHIF amount=250.00 tx=0x93651bbb4669e02a081f83a5796ff82fd8020bfb1f8f0edb514a6ea57e9c97f1 claimNumberOnChain=1785055688366842
2026-07-31T10:22:21.748Z OK claim_number=361812 claim_id=bec485f3-221e-406e-8968-a59946c34a61 use=claim fid=FID-29-117658-4 cr=CR3125967015968-0 scheme=SHIF amount=125.00 tx=0x4e805981495c467a1a45b7918bf6bc6d85914e12ec359561d89bb2fd06149825 claimNumberOnChain=1785055688366843
2026-07-31T10:22:34.532Z OK claim_number=361813 claim_id=c8801115-1e60-42ab-a4c3-463e98b2b202 use=claim fid=FID-29-117658-4 cr=CR4037947014271-7 scheme=SHIF amount=250.00 tx=0x14eef49cc3d71e59474f9f7b41bc7f52a7de1b6230296a96ef91de8eea3032d2 claimNumberOnChain=1785055688366844
2026-07-31T10:22:40.290Z OK claim_number=361814 claim_id=3bcea40b-65e0-4e1d-b5b4-cce3af5b3228 use=claim fid=FID-29-117658-4 cr=CR7400584309629-3 scheme=SHIF amount=100.00 tx=0x14414804908bd45a6580d3712da278f71fc68f64471639551e5a3b6573854da7 claimNumberOnChain=1785055688366845
2026-07-31T10:22:45.921Z SKIP claim_number=361815 claim_id=0a51d3e0-3b94-4cea-b83c-216bddc37af9 reason=zero_amount claimed_total_raw=0.00
2026-07-31T10:22:45.929Z OK claim_number=361816 claim_id=197def66-061c-41ca-ba01-1a19f714afff use=claim fid=FID-20-114807-9 cr=CR0670022793484-5 scheme=SHIF amount=625.00 tx=0x73259433dd383d60f73129ad7530306440b13f4431a5328bdf063dab1f0241b9 claimNumberOnChain=1785055688366846
2026-07-31T10:22:58.560Z OK claim_number=361817 claim_id=7bd535e4-73fa-4fc7-88f4-fce5a7614dcd use=claim fid=FID-29-117658-4 cr=CR3135366522488-8 scheme=SHIF amount=125.00 tx=0x620e2bd28e4303735e84372a728c7b4e0412e16e92a85e46c4f1167c892932e6 claimNumberOnChain=1785055688366847
2026-07-31T10:23:11.081Z OK claim_number=361818 claim_id=dbae637e-7bed-486f-824e-1d82a94a68f8 use=claim fid=FID-29-117658-4 cr=CR0660617545843-2 scheme=SHIF amount=125.00 tx=0x075deddca34084d1fc2a5cf2c3cd4400216311aa40c7cc78d7263b7f87651f9a claimNumberOnChain=1785055688366848
2026-07-31T10:23:23.860Z OK claim_number=361819 claim_id=2deec83d-7899-4581-a31b-c43bdf3aaf6d use=claim fid=FID-29-117658-4 cr=CR9983588097923-8 scheme=SHIF amount=125.00 tx=0xd3590e8966c46e54fc5b0ca101fcfe0904e5cfe98c9f47875174460a51053da8 claimNumberOnChain=1785055688366849
2026-07-31T10:23:29.570Z OK claim_number=361820 claim_id=e0a39567-5c1f-4acc-89e5-64fd36ab286b use=claim fid=FID-29-117658-4 cr=CR9983588097923-8 scheme=SHIF amount=125.00 tx=0xac3bcbb0778729431b3258ce2e3d86b011e1c85ff666214266da2e8620fd1529 claimNumberOnChain=1785055688366850
2026-07-31T10:23:36.007Z OK claim_number=361821 claim_id=1ed422ae-deee-4c80-ba84-a971b7b72aea use=claim fid=FID-20-114807-9 cr=CR8218544432108-2 scheme=SHIF amount=375.00 tx=0x1d29f35b964a0ee60c8b6d932325e321ef4960de185509566f7dc83944e51e9c claimNumberOnChain=1785055688366851
2026-07-31T10:23:48.763Z OK claim_number=361822 claim_id=c16f33f5-bcf9-48cf-bd4e-4c4cd371d3b4 use=claim fid=FID-29-117658-4 cr=CR5586473963724-5 scheme=SHIF amount=125.00 tx=0x5e1aaa3c0004c5e9b49bc7ca0735af4cc6890db94fd7329e0864dbe76d7f69b1 claimNumberOnChain=1785055688366852
2026-07-31T10:24:01.412Z OK claim_number=361823 claim_id=e15b40d2-85ff-4548-8907-8edef048c934 use=claim fid=FID-29-117658-4 cr=CR9983588097923-8 scheme=SHIF amount=100.00 tx=0x53aa0a892bd5d5f785dd7cf354f8ef529ea685cae0e8f20e31b852ffa7d782b1 claimNumberOnChain=1785055688366853
2026-07-31T10:24:07.080Z OK claim_number=361824 claim_id=83aa06d1-6f74-4466-a0f4-9c08be0ae11c use=claim fid=FID-29-117658-4 cr=CR9983588097923-8 scheme=SHIF amount=100.00 tx=0xc6894f092ccbc4182261a310d7c7293603784962035d50d48b4a6a6cdcae6588 claimNumberOnChain=1785055688366854
2026-07-31T10:24:12.699Z OK claim_number=361825 claim_id=2b5dc145-295a-45f1-bc6e-b9b7fd2ebdce use=claim fid=FID-29-117658-4 cr=CR9983588097923-8 scheme=SHIF amount=625.00 tx=0x84c766b5037d3836742b2d78142130aa743d81f541f313af9ad152786e3ab9b3 claimNumberOnChain=1785055688366855
2026-07-31T10:24:18.316Z OK claim_number=361826 claim_id=13ef8010-e182-4687-a148-8acd468bcd37 use=claim fid=FID-29-117658-4 cr=CR9983588097923-8 scheme=SHIF amount=100.00 tx=0xb9204eb0416063d5f4d0d6fe81df255a3dec4006fdf5855f1126195a465f88e2 claimNumberOnChain=1785055688366856
2026-07-31T10:24:24.005Z OK claim_number=361827 claim_id=d310c0b2-3b8a-48a1-a693-dfe77ff96320 use=claim fid=FID-29-117658-4 cr=CR4637243143342-8 scheme=SHIF amount=125.00 tx=0xaddc345981fc5d8dd87442813c03a6e3950bb366c8646560181fbed91b9c9a99 claimNumberOnChain=1785055688366857
2026-07-31T10:24:29.606Z OK claim_number=361828 claim_id=90da2ec0-0fc0-48e7-94b8-6fa7ae412edc use=claim fid=FID-29-117658-4 cr=CR4637243143342-8 scheme=SHIF amount=125.00 tx=0x61e1104e1b1d43c9b8e4abb34b02fa9153d91c9e94925dd7459cd35a789cc1b8 claimNumberOnChain=1785055688366858
2026-07-31T10:24:35.501Z OK claim_number=361829 claim_id=7c779441-052d-4624-8190-bfbfc908ddf3 use=claim fid=FID-29-117658-4 cr=CR7400584309629-3 scheme=SHIF amount=125.00 tx=0xa0980c3617264c7834e4600fb8d996645657dd6bc689e504a98d920d566ef7ec claimNumberOnChain=1785055688366859
2026-07-31T10:24:41.109Z OK claim_number=361830 claim_id=e243f248-5cfb-45dd-a022-085e904351dc use=claim fid=FID-29-117658-4 cr=CR4332837261684-6 scheme=SHIF amount=125.00 tx=0xc2285db159978f73e2ba43e17ab5e8c981a57fbbfbbf8d1ca27ed699377b038c claimNumberOnChain=1785055688366860
2026-07-31T10:24:47.239Z OK claim_number=361831 claim_id=da56a2b8-7095-449f-8df8-edd0da9f5615 use=claim fid=FID-29-117658-4 cr=CR2639559956448-0 scheme=SHIF amount=125.00 tx=0xaada2b5876b79f6221f284c672f2b8712321ebdec6969e7161633d685fe6dd95 claimNumberOnChain=1785055688366861
2026-07-31T10:24:50.471Z OK claim_number=361832 claim_id=e934ede6-42a6-4975-982f-e3aeba795ff8 use=claim fid=FID-29-117658-4 cr=CR5741431600340-9 scheme=SHIF amount=125.00 tx=0xd71bdbb721acee8cc2ffb38e2051418cb5fc55deec3c891483681300631accd8 claimNumberOnChain=1785055688366862
2026-07-31T10:24:56.117Z OK claim_number=361833 claim_id=4fd703e2-9f1c-4506-8e90-8861ad992917 use=claim fid=FID-29-117658-4 cr=CR0017318691253-1 scheme=SHIF amount=125.00 tx=0xbb00c5e02bd0650624f6d11cf7024e1d40603661a58c017df0de559030de64d5 claimNumberOnChain=1785055688366863
2026-07-31T10:25:01.995Z OK claim_number=361834 claim_id=07cec270-e494-4228-a498-0805a4e7db30 use=claim fid=FID-29-117658-4 cr=CR0299296159230-1 scheme=SHIF amount=125.00 tx=0x6d2059dca4a30e438c947a4974e00d7844752a96c941c98b0ab0942f622e0343 claimNumberOnChain=1785055688366864
2026-07-31T10:25:07.611Z OK claim_number=361835 claim_id=f7880063-3d6a-436d-90ed-6dd29e155a0c use=claim fid=FID-29-117658-4 cr=CR0017318691253-1 scheme=SHIF amount=125.00 tx=0x5b0a4b254679c57d0acac695b885733b8a958c94412bbe71476f01d003d093b2 claimNumberOnChain=1785055688366865
2026-07-31T10:25:13.238Z OK claim_number=361836 claim_id=ea7fe931-87e1-4644-91e2-94830f85fe09 use=claim fid=FID-29-117658-4 cr=BZ29728796-3 scheme=SHIF amount=125.00 tx=0x0be13beb36ba13ba817d4debf92e5e70888aefd757ac256d954f9137b34c1b68 claimNumberOnChain=1785055688366866
2026-07-31T10:25:18.948Z OK claim_number=361837 claim_id=b1d3ceaf-9521-4303-9744-d29ce063e523 use=claim fid=FID-29-117658-4 cr=CR4195890425516-8 scheme=SHIF amount=125.00 tx=0x919a58420efb4813c69e7da35ce896c0a86269a376345050a9211427698e89f1 claimNumberOnChain=1785055688366867
2026-07-31T10:25:24.552Z OK claim_number=361838 claim_id=4fbd503e-e348-488a-81d2-4ee5ed6125c1 use=claim fid=FID-29-117658-4 cr=CR2864486359059-0 scheme=SHIF amount=125.00 tx=0x1ad006a8c37940c1cc090936fe7adf269838921adeada31732860ddb9cfa63de claimNumberOnChain=1785055688366868
2026-07-31T10:25:30.129Z OK claim_number=361839 claim_id=250215f3-8505-4b24-bc07-d19e39c6175e use=claim fid=FID-29-117658-4 cr=CR0017318691253-1 scheme=SHIF amount=125.00 tx=0x3f349e67b87c8ed5bd947a4fd0850d4aabbabd0ee7f584d8f4cdd8842c0a5d1b claimNumberOnChain=1785055688366869
2026-07-31T10:25:35.830Z OK claim_number=361840 claim_id=b36752b2-3e40-4806-94fc-c00bd469450b use=claim fid=FID-29-117658-4 cr=CR8283480345064-0 scheme=SHIF amount=125.00 tx=0xa8f0948e8d357d0b9777f25f32e69b5a52640f2462d530883dc13032d43905e7 claimNumberOnChain=1785055688366870
2026-07-31T10:25:41.455Z OK claim_number=361841 claim_id=6952074e-89f5-497c-bb25-4ae1f47ab064 use=claim fid=FID-29-117658-4 cr=CR0876008986796-0 scheme=SHIF amount=125.00 tx=0xa4d0776e7d11ba3bb8e72c9ce0b0ca81ac7ed0cff29eac6170fc81fb8897e173 claimNumberOnChain=1785055688366871
2026-07-31T10:25:47.028Z OK claim_number=361842 claim_id=b72720d3-26b9-4ad6-b2b6-eaa6df1f4c5e use=claim fid=FID-29-117658-4 cr=CR1719173865679-5 scheme=SHIF amount=125.00 tx=0xa1647aed5e63ecc8ec90eebb71e06b062c4f1cc2354b13f411f03bd853c4a983 claimNumberOnChain=1785055688366872
2026-07-31T10:25:52.712Z OK claim_number=361843 claim_id=26b2da27-ce6c-4695-a29d-e77586ecd50b use=claim fid=FID-29-117658-4 cr=CR7860562929831-4 scheme=SHIF amount=1312.50 tx=0xc877ea938cb3e08d6c68c257356d08ee1ddab800631a099200f29c38f08bfb97 claimNumberOnChain=1785055688366873
2026-07-31T10:25:58.572Z OK claim_number=361844 claim_id=178426a5-ee58-4507-9c36-ab7cbb996b62 use=claim fid=FID-29-117658-4 cr=CR7860562929831-4 scheme=SHIF amount=218.75 tx=0xa21a82e33230d2632e76e34d19d25ac62af224271bfe39fb24f8cded9c5147c7 claimNumberOnChain=1785055688366874
2026-07-31T10:26:04.198Z OK claim_number=361845 claim_id=16e9c85c-f77a-4332-a724-95a92feaed34 use=claim fid=FID-29-117658-4 cr=CR7860562929831-4 scheme=SHIF amount=34.40 tx=0xa978f0d02aa7d3db2db13d0eac0e5279d52576bde62af4a9a4b054b256072de0 claimNumberOnChain=1785055688366875
2026-07-31T10:26:09.796Z OK claim_number=361846 claim_id=9b28e420-ad4c-4666-bcb0-c49e24fd3e95 use=claim fid=FID-29-117658-4 cr=CR7335961151003-0 scheme=SHIF amount=125.00 tx=0x08f2d52245be7cc0fc92b291b840b70bd94a5c075d1e57f0d0ed2619aebc4eab claimNumberOnChain=1785055688366876
2026-07-31T10:26:15.417Z OK claim_number=361847 claim_id=e1df513c-bee3-49c0-8fe3-06ae3bd88adf use=claim fid=FID-29-117658-4 cr=CR2463035872911-0 scheme=SHIF amount=125.00 tx=0xdd8a3dfc4fa112502c32074cf4750f3d9294966bacfa541f6d8599682ed04eaa claimNumberOnChain=1785055688366877
2026-07-31T10:26:21.006Z OK claim_number=361848 claim_id=98eeccb7-19d9-4f63-8c69-38890c2bc1b1 use=claim fid=FID-29-117658-4 cr=BZ22334289-0 scheme=SHIF amount=192.64 tx=0x89e04704dda8e47e3bdda73578555957aea0898d4bc637919525265edecf3983 claimNumberOnChain=1785055688366878
2026-07-31T10:26:26.622Z OK claim_number=361849 claim_id=6bb458e9-a87c-4b04-b689-04ba30920f36 use=claim fid=FID-29-117658-4 cr=CR7559028631034-2 scheme=SHIF amount=125.00 tx=0x093a01d22a8121be527c09b68baa5fb7b00b8d87346ed7cacf3c073f5ec23df0 claimNumberOnChain=1785055688366879
2026-07-31T10:26:32.220Z OK claim_number=361850 claim_id=93dee014-d923-461f-a684-50d7fdaa74dd use=claim fid=FID-29-117658-4 cr=BZ22334289-0 scheme=SHIF amount=250.00 tx=0x7f91582beacdbe1e31b47254d83e03261cdca1ba6016e7ab0a4bfa9d9d0aaa4e claimNumberOnChain=1785055688366880
2026-07-31T10:26:37.810Z OK claim_number=361851 claim_id=96b1e259-bd5d-4ffd-95bb-c1d9a9048b44 use=claim fid=FID-29-117658-4 cr=CR1574843530950-7 scheme=SHIF amount=125.00 tx=0xad5f3c5fe748a0b7da34fa03aeefbf2ab8da294805a02126b1aca3dda2245f23 claimNumberOnChain=1785055688366881
2026-07-31T10:26:43.439Z OK claim_number=361852 claim_id=999de134-5a55-4d5f-a335-cb8655a19254 use=claim fid=FID-29-117658-4 cr=BZ22334289-0 scheme=SHIF amount=192.64 tx=0x1d2db1b1a8205172236d52183dce1b7b78f26ba1c14063a50fcdb10c7ed1b106 claimNumberOnChain=1785055688366882
2026-07-31T10:26:49.003Z OK claim_number=361853 claim_id=bce1abaa-121b-48a1-8312-df700c329d09 use=claim fid=FID-20-114807-9 cr=CR9838708299791-6 scheme=SHIF amount=750.00 tx=0x2ad447039a03b3d2e696503a13189d20fcb619f75b20b82254702b8d74a72280 claimNumberOnChain=1785055688366883
2026-07-31T10:26:57.467Z OK claim_number=361854 claim_id=805c6f3f-004e-4949-815d-1ffac84d72dd use=claim fid=FID-29-117658-4 cr=BZ22334289-0 scheme=SHIF amount=250.00 tx=0x3174aa6bfcd86cb6ee45d00988d9be3871b4474c741f2209735fc823e4083b42 claimNumberOnChain=1785055688366884
2026-07-31T10:27:00.342Z OK claim_number=361855 claim_id=c0914f2a-64ab-40a7-9a10-89007be4f2cc use=claim fid=FID-29-117658-4 cr=CR6839420236493-2 scheme=SHIF amount=125.00 tx=0x3e745b6d48ea38b89220c4a206915e30e65e32677cb146f96cda940f176d4c12 claimNumberOnChain=1785055688366885
2026-07-31T10:27:13.029Z OK claim_number=361856 claim_id=4b5df276-f671-49b6-90da-e0a90d7ece18 use=claim fid=FID-29-117658-4 cr=BZ22334289-0 scheme=SHIF amount=192.64 tx=0x7cab166514dd4bda6cc11f2e6355a9fff0644a931aba6d3cb53a4b49e2a90983 claimNumberOnChain=1785055688366886
2026-07-31T10:27:18.578Z OK claim_number=361857 claim_id=f99a083e-f37a-4e20-8899-ec9cbdccc035 use=claim fid=FID-29-117658-4 cr=BZ22334289-0 scheme=SHIF amount=250.00 tx=0x9e703c3a16aa5f873a352d7bdf935672989d9bd08c67001d9700ed9cc4fe66aa claimNumberOnChain=1785055688366887
2026-07-31T10:27:24.252Z OK claim_number=361858 claim_id=5420dca0-4d74-4db9-9849-2c4dc18741bc use=claim fid=FID-20-114807-9 cr=CR9830497172683-5 scheme=SHIF amount=250.00 tx=0x937436a8f0ec7f921810c72fbb11d5ce141c5357fee735846244943072b1b0ff claimNumberOnChain=1785055688366888
2026-07-31T10:27:36.797Z OK claim_number=361859 claim_id=1b9c0cea-b2e8-44e6-a445-af06fd1a2adf use=claim fid=FID-29-117658-4 cr=BZ22334289-0 scheme=SHIF amount=192.64 tx=0x09199b3c642b0a8a5d1301220bce1e8778f51b8ecc854b9475e621df7a1c13e9 claimNumberOnChain=1785055688366889
2026-07-31T10:27:42.431Z OK claim_number=361860 claim_id=8113fa13-c299-4517-a548-d846179983c8 use=claim fid=FID-29-117658-4 cr=BZ22334289-0 scheme=SHIF amount=250.00 tx=0x6450d0c142c957d4c8c5f4ebfbfb882d65d32f2bfa759e116f1bac14933c334c claimNumberOnChain=1785055688366890
2026-07-31T10:27:48.192Z OK claim_number=361861 claim_id=dcffeffa-e278-44be-aa22-9cdea059a091 use=claim fid=FID-29-117658-4 cr=CR9187534728693-2 scheme=SHIF amount=125.00 tx=0x1d718099779c42525cc2a9bdf0c333e023ce14bf5f21d2ca0568b4abb8dc939e claimNumberOnChain=1785055688366891
2026-07-31T10:28:01.151Z OK claim_number=361862 claim_id=e9e259d6-e220-4dc0-a489-237ea002de8c use=claim fid=FID-29-117658-4 cr=BZ22334289-0 scheme=SHIF amount=192.64 tx=0x200b3b807c69029ea66b9cfb68d58aa62e1667f51db0c8bf18e2ab534bfb3524 claimNumberOnChain=1785055688366892
2026-07-31T10:28:07.067Z OK claim_number=361863 claim_id=087959b1-94b2-415a-a615-624aeef78ca3 use=claim fid=FID-29-117658-4 cr=BZ22334289-0 scheme=SHIF amount=250.00 tx=0x9806d76f70bfa80e10aaccf14e25c4e4f89af059bccdf0e9357e538ee1cb23de claimNumberOnChain=1785055688366893
2026-07-31T10:28:12.731Z OK claim_number=361864 claim_id=0c60f2b4-4518-4df7-b8a8-f30235104008 use=claim fid=FID-20-114807-9 cr=CR2511664084871-9 scheme=SHIF amount=500.00 tx=0xb82a77c4cfdfded0f1a6ab6329a35162b081b7580a9aa175027f403502983321 claimNumberOnChain=1785055688366894
2026-07-31T10:28:25.274Z OK claim_number=361865 claim_id=b4210c5b-01b7-4898-aba8-66993620a815 use=claim fid=FID-29-117658-4 cr=BZ22334289-0 scheme=SHIF amount=192.64 tx=0xd13a5a8236aaf183ac01b9571fcc2a9d86062f0a129e2fc4d1be0d5f5d05e5e2 claimNumberOnChain=1785055688366895
2026-07-31T10:28:30.903Z OK claim_number=361866 claim_id=19de5194-f9a2-466a-884b-17d3894a9790 use=claim fid=FID-29-117658-4 cr=BZ22334289-0 scheme=SHIF amount=250.00 tx=0x9e5f6d28a11fff8928a9173c82df5ed5d6beafc8d8f730d37e0b396e7bd59692 claimNumberOnChain=1785055688366896
2026-07-31T10:28:36.611Z OK claim_number=361867 claim_id=d62209d0-df29-4dba-9bb4-51bf509d310b use=claim fid=FID-20-114807-9 cr=CR7939454250371-7 scheme=SHIF amount=250.00 tx=0xee7b8b4bc31f039c499d125fdf794ec82c4a858993f03d60dd301315fde523bf claimNumberOnChain=1785055688366897
2026-07-31T10:28:49.187Z OK claim_number=361868 claim_id=34514de5-8903-48e4-86c8-0769d70cd7cc use=claim fid=FID-29-117658-4 cr=BZ22334289-0 scheme=SHIF amount=192.64 tx=0x4fcd5dde6bdc7c83f0c6250f92dcd97dffcec34bc601ef4065169cdb27059f50 claimNumberOnChain=1785055688366898
2026-07-31T10:28:54.824Z OK claim_number=361869 claim_id=bc510c75-14ba-4d57-8980-5c394e3173e4 use=claim fid=FID-29-117658-4 cr=BZ22334289-0 scheme=SHIF amount=250.00 tx=0xa804b24de6b5379294bd4ea55c075cbe9879a60d9cf63ed74ad65da7e7f3447f claimNumberOnChain=1785055688366899
2026-07-31T10:29:00.692Z OK claim_number=361870 claim_id=e9b812dd-6e6d-4dcd-baf3-e6c027901add use=claim fid=FID-29-117658-4 cr=CR6144973499213-4 scheme=SHIF amount=125.00 tx=0x9673a56f3a4810890b696ff61a441dbe96762cb46bdc657bb98d85616bce6558 claimNumberOnChain=1785055688366900
2026-07-31T10:29:13.569Z OK claim_number=361871 claim_id=33011233-9904-47c3-916b-f9d691fcb0d9 use=claim fid=FID-29-117658-4 cr=BZ30970942-6 scheme=SHIF amount=625.00 tx=0x0f441a03542605e08aa8d47941696a76366182027125ed99dd4410af232869af claimNumberOnChain=1785055688366901
2026-07-31T10:29:19.141Z OK claim_number=361872 claim_id=b256ed2c-4c6e-4a49-8df7-11c4e9703638 use=claim fid=FID-20-114807-9 cr=CR0167286855739-8 scheme=SHIF amount=525.00 tx=0xba7762949dc81d1915895e0637fdbf02f099cd97abc2d395d658527a3d516608 claimNumberOnChain=1785055688366902
2026-07-31T10:29:31.781Z OK claim_number=361873 claim_id=7dd26ca7-67b5-4a94-bc15-0e47b53c6046 use=claim fid=FID-29-117658-4 cr=CR7860562929831-4 scheme=SHIF amount=1500.00 tx=0x49a1d1f3d277c226e330ad7485c5993b0946bd6784017f1b03ba6fe61c145bc0 claimNumberOnChain=1785055688366903
2026-07-31T10:29:37.498Z OK claim_number=361874 claim_id=23e49575-e15e-42a3-83c6-d14d7876c951 use=claim fid=FID-20-114807-9 cr=CR9346306020728-2 scheme=SHIF amount=500.00 tx=0x4368864f8e2cc8bd0ae812edbfbc629f5b27ab23c41859bcfc85e6a118c98915 claimNumberOnChain=1785055688366904
2026-07-31T10:29:46.062Z SKIP claim_number=361875 claim_id=7187200b-3039-4061-969f-032e24b0b595 reason=zero_amount claimed_total_raw=0.00
2026-07-31T10:29:46.065Z OK claim_number=361876 claim_id=98d35995-b3e6-4028-84f0-8b30886e2f5a use=claim fid=FID-20-114807-9 cr=CR5167567333685-7 scheme=SHIF amount=125.00 tx=0x9ba7ee9922c0093483a14ebd78c8c59fad4a9c21200f6dea9469636e12215a48 claimNumberOnChain=1785055688366905
2026-07-31T10:29:58.828Z OK claim_number=361877 claim_id=2091058f-f123-4b46-aeea-38a686c37393 use=claim fid=FID-29-117658-4 cr=CR9645760706984-8 scheme=SHIF amount=250.00 tx=0x10d6e63805979aa751a9650859b97b1748365b2289f18d0c5d0e83e47480d1ee claimNumberOnChain=1785055688366906
2026-07-31T10:30:04.453Z OK claim_number=361878 claim_id=5e61ebdc-c179-482c-93b0-f4b318b2e0e8 use=claim fid=FID-20-114807-9 cr=CR7659215095727-2 scheme=SHIF amount=125.00 tx=0xb0abf317b4974e0fc235b5cc7de2d5edcaec5d4c9c1b5da4fbdcbc96ac9b7937 claimNumberOnChain=1785055688366907
2026-07-31T10:30:17.186Z OK claim_number=361879 claim_id=fe89a667-4db3-4f8c-852d-580373ce87a3 use=claim fid=FID-29-117658-4 cr=CR9645760706984-8 scheme=SHIF amount=250.00 tx=0xdc487e73cae883c9e86c58e13c04a34c2fbe7381266b5bbb6e1ad1b4f2a22f45 claimNumberOnChain=1785055688366908
2026-07-31T10:30:22.806Z OK claim_number=361880 claim_id=41fbc109-63ab-486d-b812-98baa56b50d5 use=claim fid=FID-29-117658-4 cr=BZ29728796-3 scheme=SHIF amount=100.00 tx=0x03e086f1f202e848b88dc130cc89defd0a83a32a5c947fb8f12f894aa2d884eb claimNumberOnChain=1785055688366909
2026-07-31T10:30:29.852Z OK claim_number=361881 claim_id=1a3f64f1-9096-4341-be9d-1b0c81b7140f use=claim fid=FID-20-114807-9 cr=CR6665603709824-6 scheme=SHIF amount=250.00 tx=0x6414b72ecca9c8f0951c0cb231f9525194a38d06fb9b1e43309caba5d0751acf claimNumberOnChain=1785055688366910
2026-07-31T10:30:47.239Z OK claim_number=361882 claim_id=ebd97f8a-c4b9-44a8-a090-970c25bcd603 use=claim fid=FID-29-117658-4 cr=CR7400004069070-9 scheme=SHIF amount=250.00 tx=0xe8cf08b4481bbb074449214de266bf990ea1809504bb79148a0efdb47fe8e504 claimNumberOnChain=1785055688366911
2026-07-31T10:30:52.983Z OK claim_number=361883 claim_id=d2e12c3a-079e-41e1-b1b8-cdfc462687cc use=claim fid=FID-29-117658-4 cr=CR7400004069070-9 scheme=SHIF amount=250.00 tx=0x97a0cdc4ebfa54f1e5c07f445cb92a3bd723eed4202e5901b5f68b45aad9445b claimNumberOnChain=1785055688366913
2026-07-31T10:31:01.273Z OK claim_number=361884 claim_id=4cb23197-cc32-4b1a-87f7-d0c0694d5a7b use=claim fid=FID-29-117658-4 cr=CR3296602827487-5 scheme=SHIF amount=125.00 tx=0xafbef1eac4234a4b7fcfddeaa182ca9dbac441212960f11fb4473c72822e8679 claimNumberOnChain=1785055688366914
2026-07-31T10:31:13.964Z OK claim_number=361885 claim_id=1b7c0ba2-0bcc-4695-9cbd-7aa5683ff82b use=claim fid=FID-29-117658-4 cr=CR7400004069070-9 scheme=SHIF amount=375.00 tx=0xf8066fbcd94d6a6f950fdb94df19b26d817904096e0c5d4d24290b130d72dcd2 claimNumberOnChain=1785055688366915
2026-07-31T10:31:19.534Z OK claim_number=361886 claim_id=4ab70e62-48fc-4083-a783-d6260d0c26fa use=claim fid=FID-20-114807-9 cr=CR6820934602872-4 scheme=SHIF amount=125.00 tx=0x0331c9b7296019f015b623e8ebf3e47d3c568381431f334fe0cb738c4bf82dd7 claimNumberOnChain=1785055688366916
2026-07-31T10:31:32.092Z OK claim_number=361887 claim_id=6a503843-5e49-4964-849c-190d2c971d8d use=claim fid=FID-29-117658-4 cr=CR7400004069070-9 scheme=SHIF amount=250.00 tx=0x94819e8b42757b791a33b3f421c8666793ff2c3a14edd05f17ae64d672d8c12d claimNumberOnChain=1785055688366917
2026-07-31T10:31:37.702Z OK claim_number=361888 claim_id=37dcce04-3695-42b1-80e0-d06cebf2b975 use=claim fid=FID-29-117658-4 cr=CR7400004069070-9 scheme=SHIF amount=250.00 tx=0x80938357fb25488d38dcb6d9014df327f8bfba87cbc67515ecac25c715177808 claimNumberOnChain=1785055688366918
2026-07-31T10:31:43.387Z OK claim_number=361889 claim_id=66f29bd7-e122-4c24-88e1-494de8b5493e use=claim fid=FID-29-117658-4 cr=CR7400004069070-9 scheme=SHIF amount=375.00 tx=0x2489c7cabf85c6764014026d16b1447611a062571821541b94a0e8b6a6db1a6e claimNumberOnChain=1785055688366919
2026-07-31T10:31:49.022Z OK claim_number=361890 claim_id=3df1181b-64c4-4bf8-ae24-9f5b0b2a25bb use=claim fid=FID-20-114807-9 cr=CR4400469095098-0 scheme=SHIF amount=375.00 tx=0x67de45ee2513d86593b566ed9cd558e93e2ac1baca7440de2083ebd0f03f6f23 claimNumberOnChain=1785055688366920
2026-07-31T10:32:11.814Z OK claim_number=361891 claim_id=c3576e93-8583-4467-813a-9dcea03e51c2 use=claim fid=FID-29-117658-4 cr=CR0043730941376-2 scheme=SHIF amount=125.00 tx=0xa20d42b58156ca9e27f78cea62a4b80699675338cfd832be985de68c6b0c5409 claimNumberOnChain=1785055688366921
2026-07-31T10:32:24.780Z OK claim_number=361892 claim_id=edc0fc58-62e8-4686-be24-6052081428a3 use=claim fid=FID-29-117658-4 cr=CR2160817833121-1 scheme=SHIF amount=100.00 tx=0xa1e3a8c52b57163c5174849dd39bbdda3b429cb4c93f3a642f8f4bb155e73ee2 claimNumberOnChain=1785055688366922
2026-07-31T10:32:30.339Z OK claim_number=361893 claim_id=11ea409d-d1e2-4f30-b8d4-5fa99481c3a1 use=claim fid=FID-29-117658-4 cr=CR7400004069070-9 scheme=SHIF amount=100.00 tx=0xf134f3eab85f4befdc21e45c2fb03868b6ffa664a3c6b2ae8371f81259488f18 claimNumberOnChain=1785055688366923
2026-07-31T10:32:36.038Z OK claim_number=361894 claim_id=d1a9118e-b636-41ec-b5ce-5f279788ce7c use=claim fid=FID-20-114807-9 cr=CR5865607683198-6 scheme=SHIF amount=250.00 tx=0xb67de4eeb0f11f89165a7a47d767b382dd4e2fb510e4db7ef8be7fb1dca2668f claimNumberOnChain=1785055688366924
2026-07-31T10:32:48.570Z OK claim_number=361895 claim_id=3015f249-faa2-4718-ba3b-6191d391e940 use=claim fid=FID-29-117658-4 cr=CR9941157183865-1 scheme=SHIF amount=125.00 tx=0xd1b08e3818f7c2d4ee0a4c42eddbfd33af68fc7a4391b9e65b88d5e8374252e4 claimNumberOnChain=1785055688366925
2026-07-31T10:33:01.206Z OK claim_number=361896 claim_id=0c47bff9-ff16-45ab-955b-fcc9e9950902 use=claim fid=FID-29-117658-4 cr=CR7400004069070-9 scheme=SHIF amount=100.00 tx=0x22470d5077d65eda8bee1a30ea6c333080adeb069be2cd6520a08efd5ce848fe claimNumberOnChain=1785055688366926
2026-07-31T10:33:07.062Z OK claim_number=361897 claim_id=8d795e05-367a-441b-b108-4ccb18a29643 use=claim fid=FID-29-117658-4 cr=CR2160817833121-1 scheme=SHIF amount=100.00 tx=0xa5e70ef155cb89ccc6412cbcd051c1ba9b4a380a3915bc78fcc833648b15cb68 claimNumberOnChain=1785055688366927
2026-07-31T10:33:12.926Z OK claim_number=361898 claim_id=59a72918-7547-470a-921b-1471c08ee2af use=claim fid=FID-20-114807-9 cr=CR6550606052262-3 scheme=SHIF amount=250.00 tx=0x5c80e0274eff89edaee541ffeb51fd00daf0fa4a2a303d778462269caeb85a3a claimNumberOnChain=1785055688366928
2026-07-31T10:33:25.517Z SKIP claim_number=361899 claim_id=9a5790b7-1fd3-4809-b56d-798cbe1280d6 reason=zero_amount claimed_total_raw=0.00
2026-07-31T10:33:25.526Z OK claim_number=361900 claim_id=f7380408-40cb-4154-91dc-720d249862c4 use=claim fid=FID-29-117658-4 cr=CR5749088994631-5 scheme=SHIF amount=100.00 tx=0x3b3b1209e548bbfb4a1f08e788a58db70424df13c3217d92230a9899566578a1 claimNumberOnChain=1785055688366929
2026-07-31T10:33:31.126Z OK claim_number=361901 claim_id=57404709-20d2-420a-bbc3-535e03681292 use=claim fid=FID-20-114807-9 cr=CR2304110501785-1 scheme=SHIF amount=500.00 tx=0x1ef0bca94404293f8c928961bd6e37b39d9a0a883310d608ff8b718cac6d32b1 claimNumberOnChain=1785055688366930
2026-07-31T10:33:54.031Z OK claim_number=361902 claim_id=b987b20d-21a7-434a-8896-6472b768b95c use=claim fid=FID-29-117658-4 cr=CR8697063081192-1 scheme=SHIF amount=125.00 tx=0x481ae1f6375c21a33a85ebc293c72436ceabe5bead6e2cd9b11b4048131e15a6 claimNumberOnChain=1785055688366931
2026-07-31T10:34:18.048Z OK claim_number=361903 claim_id=16ee73fe-376f-4d2b-94a8-afe41c52d7bc use=claim fid=FID-29-117658-4 cr=CR4904944877318-9 scheme=SHIF amount=100.00 tx=0xfe50eb0cade2f95be20f676805f1ad751618f7140f272b49da1e632d8a7ee4d9 claimNumberOnChain=1785055688366932
2026-07-31T10:34:23.700Z OK claim_number=361904 claim_id=02fb0a0f-2681-407e-b42b-50ea3cf7c26d use=claim fid=FID-20-114807-9 cr=CR3525793145098-5 scheme=SHIF amount=250.00 tx=0xec93d96cf498ddbafd45bdc6134e9c774fd6cd951de1eeee6435c28d369233f5 claimNumberOnChain=1785055688366933
2026-07-31T10:34:36.466Z OK claim_number=361905 claim_id=4b8d9c16-3f1e-4c68-ad29-eea36a9eb14d use=claim fid=FID-29-117658-4 cr=CR7400004069070-9 scheme=SHIF amount=100.00 tx=0x2bd4de26eecf41ab1c759f075c0505adfd5eb8cfc8250954aebe77905fb4e12f claimNumberOnChain=1785055688366935
2026-07-31T10:34:44.993Z OK claim_number=361906 claim_id=3b784cd7-6ff4-4247-a665-3f5a67e0d481 use=claim fid=FID-29-117658-4 cr=CR8727405005556-7 scheme=SHIF amount=625.00 tx=0x660856c960758eb640004acfa6fa55aceca58a4fe31a11b2c02f5aebbcf90672 claimNumberOnChain=1785055688366937
2026-07-31T10:34:53.534Z SKIP claim_number=361907 claim_id=06f43740-7185-4328-bba9-4048c75cea13 reason=zero_amount claimed_total_raw=0.00
2026-07-31T10:34:53.541Z OK claim_number=361908 claim_id=66fa531d-17ac-4f75-a9cc-840462321964 use=claim fid=FID-29-117658-4 cr=CR4686598781823-1 scheme=SHIF amount=46.95 tx=0x58cf7857d1d507c32e5a256de723ae56d1f89cc976996eec77407762ed9fce7a claimNumberOnChain=1785055688366938
2026-07-31T10:34:59.153Z OK claim_number=361909 claim_id=57a972b9-0daf-4b8e-9ee1-9be167e9501a use=claim fid=FID-29-117658-4 cr=CR4686598781823-1 scheme=SHIF amount=87.50 tx=0xfb3ba7af0145b736ca51d1c5adbc0a85d56d24f1c807386b76b261a9d74b68fe claimNumberOnChain=1785055688366939
2026-07-31T10:35:04.790Z OK claim_number=361910 claim_id=0815101f-7ece-4e87-9a46-4a998d1b85d9 use=claim fid=FID-20-114807-9 cr=CR0802510005822-5 scheme=SHIF amount=260.00 tx=0xf2edb5533aabed40d90054ae5c0765984d0e14766e93457787d69117191cf798 claimNumberOnChain=1785055688366940
2026-07-31T10:35:18.138Z OK claim_number=361911 claim_id=5a0bf105-fe3c-4695-897f-bfbd4ac0b2e8 use=claim fid=FID-29-117658-4 cr=CR4686598781823-1 scheme=SHIF amount=46.95 tx=0x1e92b6ea85eafcb130526e98846b4bdd5f0e77c7f25b6e2d3a0dc7aaba8f693c claimNumberOnChain=1785055688366941
2026-07-31T10:35:23.791Z OK claim_number=361912 claim_id=7057cb3f-5422-4c1e-b3e3-2435d13a7001 use=claim fid=FID-29-117658-4 cr=CR4686598781823-1 scheme=SHIF amount=87.50 tx=0x7d722a0e69930f4d24024daea3d77def73fbbd8155c065dab8cdee6143b78382 claimNumberOnChain=1785055688366942
2026-07-31T10:35:29.390Z OK claim_number=361913 claim_id=26cd9537-c074-435b-986d-43abc7b75cb3 use=claim fid=FID-20-114807-9 cr=CR6036323486593-3 scheme=SHIF amount=125.00 tx=0xd0d88368bfbcfb2e392f53fb6015afacd326744a6c302711eeb617071511f9f7 claimNumberOnChain=1785055688366943
2026-07-31T10:35:42.436Z OK claim_number=361914 claim_id=584b7c53-022e-4c5a-86b9-958bd69e8428 use=claim fid=FID-29-117658-4 cr=CR4686598781823-1 scheme=SHIF amount=46.95 tx=0xbc98b149bd8960a78fd348bdbd8f878ad5f389689f60743583d56ba7588758bc claimNumberOnChain=1785055688366944
2026-07-31T10:35:48.281Z OK claim_number=361915 claim_id=82ae70bf-33a0-40d3-b6bf-c0b1374e1838 use=claim fid=FID-20-114807-9 cr=CR0260889392182-8 scheme=SHIF amount=375.00 tx=0x26136a5b256e8d7924a948b0b95ebe92ebc59307e93e4847aad07e4caefeaf63 claimNumberOnChain=1785055688366945
2026-07-31T10:36:02.177Z OK claim_number=361916 claim_id=b9484ed2-2d4d-42bd-96fc-1a019757637d use=claim fid=FID-29-117658-4 cr=CR4686598781823-1 scheme=SHIF amount=87.50 tx=0x627febbf187a1c5a1983900b3997ffc21580997fcf5c81aa5c62da44c3c07c91 claimNumberOnChain=1785055688366946
2026-07-31T10:36:07.704Z OK claim_number=361917 claim_id=dee32e28-8987-4141-a8db-bd82f3611775 use=claim fid=FID-29-117658-4 cr=CR4686598781823-1 scheme=SHIF amount=46.95 tx=0x77653700d0c82d7b733b5ba14cc74088efce1326d7b214748987c9010a0b8656 claimNumberOnChain=1785055688366947
2026-07-31T10:36:13.364Z OK claim_number=361918 claim_id=908b8fde-82d5-40e3-86f2-606e55c9a101 use=claim fid=FID-20-114807-9 cr=CR0713233390804-3 scheme=SHIF amount=375.00 tx=0xc19f87010fd97b761d3e85d48d1bfabeb892c02e7649732f0a4d02c40370bb85 claimNumberOnChain=1785055688366948
2026-07-31T10:36:25.831Z OK claim_number=361919 claim_id=3a3e58e9-b034-42fe-b87d-c99768e5dd77 use=claim fid=FID-29-117658-4 cr=CR4686598781823-1 scheme=SHIF amount=87.50 tx=0xa91995c29affa24bcfee1a1c0fc6e1d705dd110f7242050ba2cef45a7a5c2dbf claimNumberOnChain=1785055688366949
2026-07-31T10:36:31.411Z OK claim_number=361920 claim_id=179f3d84-e4c4-4f69-b399-09642501c3c1 use=claim fid=FID-29-117658-4 cr=CR4686598781823-1 scheme=SHIF amount=46.95 tx=0x4e7c6f6c336a358440b6a389221ac5afeaa0bf1cba7085a78e5b74979a36a6b6 claimNumberOnChain=1785055688366950
2026-07-31T10:36:37.031Z OK claim_number=361921 claim_id=9cd5a2cc-db0c-45d3-8f9a-fc26154bb341 use=claim fid=FID-20-114807-9 cr=CR6811730103427-4 scheme=SHIF amount=750.00 tx=0x31afeef0f5676402aa8951262352d809e7b609484087d25ae963f470882f73d2 claimNumberOnChain=1785055688366951
2026-07-31T10:36:55.853Z OK claim_number=361922 claim_id=1b2fd183-7f52-4e23-b30a-ff75f4c83613 use=claim fid=FID-29-117658-4 cr=CR4686598781823-1 scheme=SHIF amount=87.50 tx=0xf8eaac3ae6605e71a1c24371cd80b8584325be3edf30d9ae7e0c9e954dc5722e claimNumberOnChain=1785055688366952
2026-07-31T10:36:59.240Z OK claim_number=361923 claim_id=7ff3ca8d-8399-4154-a00b-ea854839e40c use=claim fid=FID-20-114807-9 cr=CR9887462628618-7 scheme=SHIF amount=125.00 tx=0x5d53e25a5c9d1ed2ee70538fb941aae6f822f86e91a5c5b14727ac30e815499f claimNumberOnChain=1785055688366953
2026-07-31T10:37:12.084Z OK claim_number=361924 claim_id=f79e6a22-6f70-4b8f-ad71-b52b786d355f use=claim fid=FID-29-117658-4 cr=CR4686598781823-1 scheme=SHIF amount=46.95 tx=0x22e528a42ad89baa7ade6ed2a19c75be81dd7b8846aa867a21c4b4700aaadbe9 claimNumberOnChain=1785055688366954
2026-07-31T10:37:17.740Z OK claim_number=361925 claim_id=11fd15a5-9d5e-4d70-a539-a09c1899e061 use=claim fid=FID-29-117658-4 cr=CR4686598781823-1 scheme=SHIF amount=87.50 tx=0xa79e594d8b66e22aa5aac2835afa022d17109158d2dcd69f0c4ab68c0c721618 claimNumberOnChain=1785055688366955
2026-07-31T10:37:23.345Z OK claim_number=361926 claim_id=a7a45459-d92d-4511-b20f-7c448cb6ed92 use=claim fid=FID-20-114807-9 cr=CR4635528232498-6 scheme=SHIF amount=250.00 tx=0xf5d6ba4b9a39e34b46d24b767cd9ed82a168ebd44d959d81316ad72009c46df0 claimNumberOnChain=1785055688366957
2026-07-31T10:37:39.985Z OK claim_number=361927 claim_id=7b9aa665-250f-4f23-b15c-16393bb5635d use=claim fid=FID-29-117658-4 cr=CR4686598781823-1 scheme=SHIF amount=46.95 tx=0x71ea2d9b3e38e70149be92fdc1e0a600ae4f77c577da45175269786f4571966e claimNumberOnChain=1785055688366959
2026-07-31T10:37:48.372Z OK claim_number=361928 claim_id=bacab71a-6898-407f-88c8-8bfc3ac8e2e4 use=claim fid=FID-29-117658-4 cr=CR4686598781823-1 scheme=SHIF amount=87.50 tx=0xd86d1df7771892d1168a95ea2bd83251af79a85f2bbff393a0bdab9cd5e6677e claimNumberOnChain=1785055688366960
2026-07-31T10:37:54.315Z OK claim_number=361929 claim_id=a28ffb9c-285a-4977-9918-f0c78910eda0 use=claim fid=FID-29-117658-4 cr=CR0903659623531-7 scheme=SHIF amount=125.00 tx=0x9d161abf699518cd3283b34b5c87e5d0b33dcf407971f6ce734eaa85ffff9aa3 claimNumberOnChain=1785055688366961
2026-07-31T10:38:07.266Z OK claim_number=361930 claim_id=212746f9-01a7-439d-bbf7-cab6364a96b2 use=claim fid=FID-29-117658-4 cr=CR8727405005556-7 scheme=SHIF amount=100.00 tx=0x4f11625cd43bacf4fbbd20c04742d1cbb70c5585f327b8b01b0fdb4c17da6ebb claimNumberOnChain=1785055688366962
2026-07-31T10:38:12.897Z OK claim_number=361931 claim_id=e1c4bf92-2677-46c7-908a-a71dbb7c835f use=claim fid=FID-29-117658-4 cr=BZ29728796-3 scheme=SHIF amount=625.00 tx=0x5faf0c03dce3c4eedfd6cb74b7efb55edd8e9b439de1b57fbe4addc372c203d9 claimNumberOnChain=1785055688366963
2026-07-31T10:38:18.486Z OK claim_number=361932 claim_id=d441af52-d6b7-49b6-bb69-ef6a85dbe4f0 use=claim fid=FID-29-117658-4 cr=CR1306669128865-9 scheme=SHIF amount=625.00 tx=0x74d3f594863d6580d026845b6edf62c4ae4c667a355d6487a2c12fc88d508bc6 claimNumberOnChain=1785055688366964
2026-07-31T10:38:31.056Z OK claim_number=361933 claim_id=9bfe3f76-65a7-48c5-935d-f543c55b9aaf use=claim fid=FID-29-117658-4 cr=CR6509895938248-3 scheme=SHIF amount=100.00 tx=0x7795bdecad3d7e243146ab5cfc4c2e8c68f41a82269f360ee2ee7d05ef1ab431 claimNumberOnChain=1785055688366965
2026-07-31T10:38:37.004Z OK claim_number=361934 claim_id=35176736-3469-428e-9637-b1b00331c517 use=claim fid=FID-29-117658-4 cr=CR5005112927655-3 scheme=SHIF amount=125.00 tx=0xb2c60d754a8593886dbfa9b71210805a68e02d96b09180d64a6502dc802bb5e4 claimNumberOnChain=1785055688366966
2026-07-31T10:38:49.616Z OK claim_number=361935 claim_id=f1323c5a-e20a-4f7f-9eb8-bcacabd0bad5 use=claim fid=FID-29-117658-4 cr=CR6555480527085-0 scheme=SHIF amount=125.00 tx=0x16452c36a25509a1544868f7e5b26e2c5aa3746339c07c29d5fabee4e09e7330 claimNumberOnChain=1785055688366967
2026-07-31T10:39:02.849Z OK claim_number=361936 claim_id=9df7f1d5-0578-4681-b391-71d74f8d7ad7 use=claim fid=FID-29-117658-4 cr=CR4686598781823-1 scheme=SHIF amount=46.95 tx=0x1b890f17f1ca6a700aa27ef69c95c153528d948624d2a8253fb11cb2cd1496a5 claimNumberOnChain=1785055688366968
2026-07-31T10:39:06.237Z OK claim_number=361937 claim_id=af1d71de-296d-4b1c-a7bc-0288f0d23311 use=claim fid=FID-29-117658-4 cr=CR0197433328400-8 scheme=SHIF amount=125.00 tx=0xd0bcb927f04c22299908b139786eef2b99caf4f2a7dc726da139a651212c0ee0 claimNumberOnChain=1785055688366969
2026-07-31T10:39:18.978Z OK claim_number=361938 claim_id=9f812c45-2a34-4978-a447-f59e4d855827 use=claim fid=FID-29-117658-4 cr=CR4686598781823-1 scheme=SHIF amount=87.50 tx=0x22aa76651eea7671535739ca6a3921e01589cba9ef207532dbd9799feb872b3b claimNumberOnChain=1785055688366970
2026-07-31T10:39:24.662Z OK claim_number=361939 claim_id=91c9d1fb-6b63-43c8-9ec3-24ca582d621f use=claim fid=FID-29-117658-4 cr=CR4686598781823-1 scheme=SHIF amount=46.95 tx=0xc54177b8350edb86e45352d1d87708a51d303dba3339f9288fa332d9b219c4bb claimNumberOnChain=1785055688366972
2026-07-31T10:39:33.031Z OK claim_number=361940 claim_id=ffb9b6c5-b491-4fac-840d-a4e5ac289141 use=claim fid=FID-29-117658-4 cr=CR3635167530141-0 scheme=SHIF amount=125.00 tx=0x50ef0b53d185ce5be2f0e6a2fe1e78776b8de9c2e974cf3c64a9b9ad00188fa1 claimNumberOnChain=1785055688366973
2026-07-31T10:39:45.875Z OK claim_number=361941 claim_id=ea01c40e-4adf-4171-955e-f3be65edc2de use=claim fid=FID-29-117658-4 cr=CR4686598781823-1 scheme=SHIF amount=87.50 tx=0x557fc200c2350aa144404a50f4a9019a715c0923e2a8ce1a1d6f50fdad05b237 claimNumberOnChain=1785055688366974
